-- phpMyAdmin SQL Dump
-- version 5.0.2
-- https://www.phpmyadmin.net/
--
-- Host: 127.0.0.1
-- Generation Time: Jun 09, 2020 at 09:20 AM
-- Server version: 10.4.11-MariaDB
-- PHP Version: 7.4.4

SET SQL_MODE = "NO_AUTO_VALUE_ON_ZERO";
START TRANSACTION;
SET time_zone = "+00:00";


/*!40101 SET @OLD_CHARACTER_SET_CLIENT=@@CHARACTER_SET_CLIENT */;
/*!40101 SET @OLD_CHARACTER_SET_RESULTS=@@CHARACTER_SET_RESULTS */;
/*!40101 SET @OLD_COLLATION_CONNECTION=@@COLLATION_CONNECTION */;
/*!40101 SET NAMES utf8mb4 */;

--
-- Database: `project10`
--

-- --------------------------------------------------------

--
-- Table structure for table `event`
--

CREATE TABLE `event` (
  `id_event` int(11) NOT NULL,
  `id_paket` int(128) NOT NULL,
  `nama_event` varchar(50) NOT NULL,
  `deskripsi` text NOT NULL,
  `tgl_mulai` date NOT NULL,
  `tgl_akhir` date NOT NULL,
  `pembahasan` varchar(256) DEFAULT NULL
) ENGINE=InnoDB DEFAULT CHARSET=utf8mb4;

--
-- Dumping data for table `event`
--

INSERT INTO `event` (`id_event`, `id_paket`, `nama_event`, `deskripsi`, `tgl_mulai`, `tgl_akhir`, `pembahasan`) VALUES
(1, 3, 'TRY OUT PKN STAN', 'Try Out ini merupakan simulasi SPMB PKN STAN 2020 karena telah disesuaikan dengan aturan Permenpan-RB Nomor 24 Tahun 2019 untuk SKD-nya dan Pengumuman PKN STAN Nomor 61 tahun 2019 untuk TPA dan TBI -nya.', '2020-05-06', '2020-06-30', NULL),
(2, 2, 'Event 1', 'Tryout online event 1', '2020-05-06', '2020-06-30', NULL),
(6, 4, 'D3K Tes', 'Testing Event', '2020-06-01', '2020-06-30', NULL),
(7, 5, 'D4K Tes', 'Testing Event', '2020-06-01', '2020-06-30', NULL);

-- --------------------------------------------------------

--
-- Table structure for table `event_jawaban`
--

CREATE TABLE `event_jawaban` (
  `id` int(11) NOT NULL,
  `id_user` int(11) NOT NULL,
  `id_topik` int(11) NOT NULL,
  `id_event` int(11) NOT NULL,
  `id_soal` int(11) NOT NULL,
  `btn_ragu` int(11) NOT NULL,
  `id_jawaban` int(11) NOT NULL
) ENGINE=InnoDB DEFAULT CHARSET=utf8mb4;

-- --------------------------------------------------------

--
-- Table structure for table `faq`
--

CREATE TABLE `faq` (
  `id_faq` int(11) NOT NULL,
  `judul_faq` varchar(255) NOT NULL,
  `desk_faq` text NOT NULL
) ENGINE=InnoDB DEFAULT CHARSET=utf8mb4;

--
-- Dumping data for table `faq`
--

INSERT INTO `faq` (`id_faq`, `judul_faq`, `desk_faq`) VALUES
(2, 'Apa itu Amal Edukasi ?', 'Amal Edukasi adalah aplikasi website yang menyediakan tryout online untuk CPNS dan STAN'),
(3, 'qwerty?', 'Lorem ipsum dolor sit, amet consectetur adipisicing elit. Odio alias quas, rerum itaque modi minima illo. Dolores ea dolore soluta quisquam aperiam amet odio, obcaecati, eum sequi delectus quod labore?'),
(4, 'asdfddfg?', 'Lorem ipsum dolor sit, amet consectetur adipisicing elit. Odio alias quas, rerum itaque modi minima illo. Dolores ea dolore soluta quisquam aperiam amet odio, obcaecati, eum sequi delectus quod labore?');

-- --------------------------------------------------------

--
-- Table structure for table `hasil_tes`
--

CREATE TABLE `hasil_tes` (
  `id_hasil` int(11) NOT NULL,
  `id_topik` int(11) NOT NULL,
  `id_paket` int(11) NOT NULL,
  `id_event` int(11) NOT NULL,
  `id_user` int(11) NOT NULL,
  `hasil` int(11) NOT NULL
) ENGINE=InnoDB DEFAULT CHARSET=utf8mb4;

--
-- Dumping data for table `hasil_tes`
--

INSERT INTO `hasil_tes` (`id_hasil`, `id_topik`, `id_paket`, `id_event`, `id_user`, `hasil`) VALUES
(27, 3, 2, 2, 8, 0),
(28, 4, 2, 2, 8, 0),
(29, 5, 2, 2, 8, 0),
(30, 1, 3, 1, 8, 0);

-- --------------------------------------------------------

--
-- Table structure for table `jawaban`
--

CREATE TABLE `jawaban` (
  `id_jawaban` int(11) NOT NULL,
  `id_soal` int(11) NOT NULL,
  `id_paket` int(11) NOT NULL,
  `id_topik_tes` int(11) NOT NULL,
  `id_event` int(11) NOT NULL,
  `jawaban` text NOT NULL,
  `score` int(11) NOT NULL
) ENGINE=InnoDB DEFAULT CHARSET=utf8mb4;

--
-- Dumping data for table `jawaban`
--

INSERT INTO `jawaban` (`id_jawaban`, `id_soal`, `id_paket`, `id_topik_tes`, `id_event`, `jawaban`, `score`) VALUES
(157, 47, 3, 1, 1, '<p>Penerbitan<br></p>', -1),
(158, 47, 3, 1, 1, '<p>Perlakuan<br></p>', -1),
(159, 47, 3, 1, 1, 'Penegasan', 4),
(160, 47, 3, 1, 1, '<p> Penentuan<br></p>', -1),
(161, 47, 3, 1, 1, '<p> Penekanan <br></p>', -1),
(162, 48, 3, 1, 1, '<p>Pramugara<br></p>', -1),
(163, 48, 3, 1, 1, '<p>Pramuria<br></p>', 4),
(164, 48, 3, 1, 1, '<p>Pramuniaga<br></p>', -1),
(165, 48, 3, 1, 1, '<p>Pramusaji<br></p>', -1),
(166, 48, 3, 1, 1, '<p>Pramugari<br></p>', -1),
(167, 49, 3, 1, 1, '<p>&nbsp;keyakinan terhadap suatu hal&nbsp;<br></p>', -1),
(168, 49, 3, 1, 1, '<p>dugaan sementara<br></p>', -1),
(169, 49, 3, 1, 1, '<p>suatu pembuktian kebenaran&nbsp;<br></p>', -1),
(170, 49, 3, 1, 1, '<p>sesuatu yang menjadi kenyataan<br></p>', -1),
(171, 49, 3, 1, 1, '<p>&nbsp;sesuatu yang merupakan teka-teki&nbsp;<br></p>', 4),
(172, 50, 3, 1, 1, '<p>bergerak naik turun&nbsp;<br></p>', 4),
(173, 50, 3, 1, 1, '<p>&nbsp;berbunyi keras<br></p>', -1),
(174, 50, 3, 1, 1, '<p>mengulurkan tali<br></p>', -1),
(175, 50, 3, 1, 1, '<p>&nbsp;menangis dengan penuh kesedihan&nbsp;<br></p>', -1),
(176, 50, 3, 1, 1, '<p>&nbsp;terpental jauh<br></p>', -1),
(177, 51, 3, 1, 1, '<p>&nbsp;Licik&nbsp;<br></p>', -1),
(178, 51, 3, 1, 1, '<p>Cerdik<br></p>', -1),
(179, 51, 3, 1, 1, '<p>&nbsp;Cendekia&nbsp;<br></p>', -1),
(180, 51, 3, 1, 1, '<p>Sportif<br></p>', 4),
(181, 51, 3, 1, 1, '<p>Masif<br></p>', -1),
(182, 52, 3, 1, 1, '<p>Buruh : Demokrasi&nbsp;<br></p>', -1),
(183, 52, 3, 1, 1, '<p>Makan : Kenyang&nbsp;<br></p>', -1),
(184, 52, 3, 1, 1, '<p>MPR : UU&nbsp;<br></p>', 4),
(185, 52, 3, 1, 1, '<p>Hakim : Jaksa&nbsp;<br></p>', -1),
(186, 52, 3, 1, 1, '<p>Menteri : Kepres&nbsp;<br></p>', -1),
(187, 53, 3, 1, 1, '<p>Hardisk : VGA card&nbsp;<br></p>', -1),
(188, 53, 3, 1, 1, '<p>Sabun : Mandi&nbsp;<br></p>', -1),
(189, 53, 3, 1, 1, '<p>Cerdas : Banyak akal&nbsp;<br></p>', 4),
(190, 53, 3, 1, 1, '<p>Bensin : Mesin&nbsp;<br></p>', -1),
(191, 53, 3, 1, 1, '<p>Rakyat : Masyarakat&nbsp;<br></p>', -1),
(192, 54, 3, 1, 1, '<p>Kursi tamu&nbsp;<br></p>', 4),
(193, 54, 3, 1, 1, '<p>Pasak<br></p>', -1),
(194, 54, 3, 1, 1, '<p>Gelondongan&nbsp;<br></p>', -1),
(195, 54, 3, 1, 1, '<p>Papan&nbsp;<br></p>', -1),
(196, 54, 3, 1, 1, '<p>Tripleks&nbsp;<br></p>', -1),
(197, 55, 3, 1, 1, '<p>hak paten pohon mangga kelapa&nbsp;<br></p>', 4),
(198, 55, 3, 1, 1, '<p>perhatian pemerintah terhadap varietas unggulan<br></p>', -1),
(199, 55, 3, 1, 1, '<p>perubahan nama mangga kelapa&nbsp;<br></p>', -1),
(200, 55, 3, 1, 1, '<p>asal-usul mangga kelapa</p>', -1),
(201, 55, 3, 1, 1, '<p>kandungan mangga kelapa</p>', -1),
(202, 56, 3, 1, 1, '<p>mangga kelapa memiliki rasa seperti mangga pada umumnya&nbsp;<br></p>', -1),
(203, 56, 3, 1, 1, '<p>seperempat buah mangga dapat memenuhi kebutuhan vitamin C perempuan dewasa&nbsp;<br></p>', -1),
(204, 56, 3, 1, 1, '<p>mangga kelapa bukan merupakan buah khas dari Alor<br></p>', 4),
(205, 56, 3, 1, 1, '<p>mangga kelapa hanya terdapat di pulau Alor</p>', -1),
(206, 56, 3, 1, 1, '<p>pohon berumur 16 tahun nantinya akan dikembangkan bibit-bibit mangga alor<br></p>', -1),
(207, 57, 3, 1, 1, '<p><img src=\"data:image/png;base64,iVBORw0KGgoAAAANSUhEUgAAAE0AAAAcCAYAAAAk2zLiAAAFEElEQVRoBe2YR0gdXRTH3bt2rTt37t25d+FaEHTpSkSI4kJUQhAUG9gbSBQsUbEbFQsqllixoViIFexdE6Mn/C7cYZzM8w0m7+V9fDlwmZnbz39O+d/rJ16QyspK8fPz8/hKW1tbMjg4qEp4eLh8+fLFI2t6XJPl5WVJTExUoKHQ9fW1RxRh0vfv36t1+EExMTEeW8fjoKWlpUlYWJhR1tfX5fz8XLa3t2VjY0M2NzfdFqfad3Z2Gus4HfOWfh4Hzbqpq6sr6ejokLKyMikuLpbS0tIXhXpdV1JSot6tc/ztb6+C9u3bN2VhFRUVhpve39/LxcWFKqenp3J8fCy3t7fy48cPo/xtkKzrexW03d1d6evrk/n5eXl6elLg7OzsyOzsrCwsLMjo6Ki0trbK4uKi3NzcWPfqM99eA+35+Vnm5uakpqZG7u7uFACANTw8LGtra3J4eChfv36V5uZmqaqqkvHxcZ8ByboRr4GGC2JJXV1dxh4AqLa2VrmsrhwbGxOSR3l5ua7yuafXQJuYmFCuub+/b4AwMjIi7e3tytJ05eTkpAKtqKhIV/nc0yugkQCIVb29vS8AeHx8lO/fv6v4RgMuDIg5OTny+fPnF3196cMroBGzSAArKyu2upMpyZhHR0eKhuC2ZFFflVdBMx9LYPN2gnVQXAmANDY2yvT0tALG2o+xcLelpSVpamqSuro65a5kV0+KE91cre8SNCaNiooyjiUcTazAoRjHIldHI9qxHjImzN9OAO3y8lKBhmvC6smyZ2dndt3/SB1HO6tuU1NTjue2BQ0QEhISjCNJQECAAd7BwYGa/OHhQeBYZER4l53gcsQxDs5kTycCaAUFBdLf32/EOifjnPbhZ8TGxv6iW1BQkKCTE7EFjT9B2teSnJxsgMaNBQKvQsH09HTFqwjoZsGCiEuFhYVycnJiblLv2sKsJJbsmpeXJxkZGeqM+svA36zgJ7NvLQCIF/n7+yuv0PWvPW1Bw6XMApNnYkpDQ4NqwnKwOqhBamqq4M4AoQUwYPktLS22sQyQSQ64hXkcxyrOnElJScLPM7fpuX/nadYNy9I3MJGRkY6ntQXNOhpAAAw35WYCgS4gxDmuZACToK+FMZ8+fVIurPvqNoAA9Pz8fKmvrzfmoh2XBjSsm2z7p0HTe2B/7Fkbw9DQkG5y+3QEGhbB5ChiFaywurpaUlJSjLiFFRHHPn78aO2uvgGC4M9tBvzNnClRJjc3V7Kzs1Uy8BRoXBqEhoYaoHF9peO17aZNlW5BIymQaUJCQmx9HoWJE/Hx8crVsDbOkPw5VwlCrz8zM6MyJbGPQuyD1GJpViKsx/AkmGPh7oq7wI6rAhbxDKPIysoyL+Py3S1oBP7g4OBXr46hE5mZmYrJc70DiN3d3S8syG4HxK/V1VUF0MDAgFDgaoCJm7oSrNh8senq3Ry/XM1FfUREhAItOjr6tW5G26ugEYgBzJxt7EwYcoqFxMXFCedJ3jl4OxHG4uJkTQo0xppRnczjtA+Jx8rJ8Io/YmnEFv4g2cXsBnYmTNxBcTLehw8fpKenR1ESp4p4sx98jGIGrq2tTQIDA1/1JvMebS0NwKyMWWcZeI2dED+45gFk3NNXhdiMLgCnjeHdu3dCYnAqtqAxgas4YXZV8yI6AXCpuLe3Z27yqXe7eKhplNON2oLmdPD/td8/0N7w5/+B9l8ADTIMzeBiEkrDUcldeYNeHh3yE7pvxlrAZJhNAAAAAElFTkSuQmCC\" data-filename=\"image.png\" style=\"width: 77px;\"><br></p>', 4),
(208, 57, 3, 1, 1, '<p><img src=\"data:image/png;base64,iVBORw0KGgoAAAANSUhEUgAAAEsAAAAeCAYAAABkDeOuAAAFAklEQVRoBe1YR0vtUBC+e9eudefOlXvd+wsEF/4AF3ZsiC7cWBFFxI4FxAqKvXex94K9997rPL7hnZDkJtcb37v3Bd4dOJzklEnmy8w3c2Ihl9iNgMXula6F5ALLgBM4DazPz0+6u7ujtbU1WlpaouXl5W+bATucstRpYD09PdHAwADFxcVRSEgIRUREKFpkZCTfh4eHk2hOQcDAQ5wC1tfXF52fn1NZWRmNj4/T1NQUTU9Pc4/ryclJbjMzM9IYxs0mTgHr/v6ewWloaCAAh5B8fHyk4+NjOjk5oZ2dHVpdXaWbmxueMxtI4n2cAhaAqK2tZXAAFACanZ1lL5ubm6Ph4WEqLy+ntrY2Ojo6Eu9mut7hYL28vNDY2BhVVlZKxre2tlJjYyMdHh6yJ8Hburu7KSUlhWpqaqR1ZrtwOFjr6+vU09PDniSMB1DwJGREIeCyhIQEys7OFkOm6x0KFjymvb2dwwvZUMj29jYDBdIX0t/fT8nJyQyiGDNb71CwQNjwoqGhIV27Aejr6yuDVFBQQOAws4pDwYK3ACgt0hYgwbtA9nl5eVyHIQGYVTTBgnG9vb3cwCVa8vHxQe/v71pTXB48Pz9TcXExLS4uaq4BKJeXl0z+hYWFBNLf3d0lJARHCuwRtml9RFvPtgLr6uqKioqKyM/Pj5unpycfT4QSgIS6CYbt7++LYUWPsFpYWKCWlhZNr8JieNbb2xvhedCDGgzlxcrKikLX37zBMSsgIIDt8vb2pqioKH6+vc+wAqupqYmam5ul/V5eXuTv7y/dX19f08jICJWUlDBxSxOyi9vbW6qoqKDNzU3mI9kUX8IjAbpcUMVnZGRQaWmp5h752p9c4wPjSHV2dsbbJyYmyM3NjWCvvWIFVn19vWJvTk4O+fr6SmOnp6c0ODhISUlJlJaWRg8PD9IcLgAEKvL8/Hz2QMXkb48CiKix5IJDNsoGnB339vbY8+Tzf3oNr9rY2FCoQdRUV1crxmzdWIElkMemra0tCgsLI3CKEHARpK6ujuLj47n6RkgJwf6+vj7mIrFWzKFHCQHvgffKvQtchWyI0ADhy3XK9//0Wm4XdIC3EIpqAG3ptwILi+GyUBYYGMjxjXshwgik+KysLMrMzGTuwTxIG1yFEAVvqQV7Qerp6elUVVUl7cO6i4sL9qzExETmMPEctY4/vYcDwDaLxUK5ubmG1GmCBbRB8D4+PqwUhK/OUggbxHtoaCiTPYxDXQU+Q2bTE5A6ai/8roGXiQYOAfDwOr0sq6fTyDiiBLZ5eHiQOnl9p0cTLLEJoAnA8NNOLfCu6OhoDkmE3Pz8PHV2dupmQLH/4OCAPRD70eCNCGtkRBy69QSZU6R9W736w2rpA2gADMDZKzbBghIABpft6Oiw0om/Bwi52NhYznxdXV2a66w2EjGJI1GMjo5yQwGrV4qI/fA+UdLY6tX8JPar+9TUVLZNPa53/y1Y2AiwtI4s4CWQcXBwMP9VwC8WvSJU7wX+5TgcwN3d3e5XUIAliB0kKAQpF7WW3tdC3YUvhF/F8CxwkhlFELtIVghVvHdMTIzdr6sAS4QcsqDgBBRy8iJVrRnggKxRj4F/zCoi5JCsYBtsQijrOYGWHQqwsEDNBQDQlqBcwBkL3GP0rGVL79+eU/NdUFCQ4UdYgWVYw3+0wQWWgY/tAsuMYIHbkDmRlcCDOEx/1wzY4ZSlvwBH/qmBrA34oAAAAABJRU5ErkJggg==\" data-filename=\"image.png\" style=\"width: 75px;\"><br></p>', -1),
(209, 57, 3, 1, 1, '<p><img src=\"data:image/png;base64,iVBORw0KGgoAAAANSUhEUgAAAFIAAAAeCAYAAAC/tkmMAAAFB0lEQVRoBe2ZSUtdSxDH3edD6M6dK/e6d+FaEPQTiARUXAhqQERxAnHAIYJKRBPFeUQNKs4T4hBwNio4RhPnoR6/fq8v55537nCMeefysKDp01N19/9W/6u6b5DYlMjISDGm9fV1rxqenp7k4OBAxsfHVe61s4ON09PTbvuKj4+3tZogW73fOntE4A1Ij9DYa3gD0h5eHnsHDJBw6fn5uWxubgq8u7Gx4TN53JUDDQED5OXlpXR0dEh5ebmUlJRIWVmZZSotLRWdHMDL45QBAeTd3Z1sbW1JZWWlAOjz87Pc3NwoC8VKT05O5OjoSK6uruTh4cGVPO7KgYaAAHJvb0/6+/tlYWFBOOIAtru7K/Pz87K4uCijo6PS1tYmS0tLqs0BnHxO6TiQWB8A1tXVyfX1tVrw3NycfP36Vb59+6Ziz+3tbfny5YtUV1fLxMSEz0050cFxIH/8+KEsrqury7X/5uZmqa+vV8ddV46NjUlGRoZUVFToqoDKHQcSC+NY7+/vu4AZGRmR9vZ2ZZG6cnJyUtLT05Uj0nWBlDsKJE6mtbVV+vr63DDBodzf3yu+pIHjD7D5+fnS29vr1jdQCo4CCQdijcvLy5Z4PD4+Kt7EYxPywJPHx8eWfZ2ufBGQPEIMDQ2pNDU1ZbkHrIjkSQCpqalJZmZmLD0xYwmFABkAGxoaZG1tzatOT3P5W//z50/XvtgflwN/xTaQZ2dnUlVV5XopCQkJ+ZdFEcKwKJKV0I6V4ak9vR4B5MXFhQp5CH1wRoRDzP8nhLUyj37ZCgsLk9jYWL/BtA0kXNXZ2enaS2hoqERFRbnKt7e3KgbEyxLWWAlxIrzI0xUBtz/CnMXFxTIwMODiTn/G+duHteDMtFAODg5WYLInX2IbSEITo7C5iIgIV9Xh4aG66mVmZsrHjx+V03A1/uM44DmugdxYzKKP9K9fv9ya8OqFhYWSnZ3tN/huCnwUAM4subm5EhQUJFwYfIltIDmSWuCQ9+/fq6udriMuZNMAxS9MHyNXAhC3lZaWFktuxFtjdXCvcRxXRu7fKSkpikqMbXru1845fe/evVM05Eu3bSBRqEkZDoFTjFxI6IJA1h8+fJDGxkbBsWgB2M+fP6vjr/vqNsDhhygqKlLjjO3QAUCmpqbKysqKG8h6/GvnWGR0dLRfal8EJA4CAMPDw5Xp43zMPMJxqKmpkbS0NAUOq8HaOEK1tbWWiwNIHAwvQMSXOCUtPGoUFBRIXl6ecjh/2iIxjri4OLVevQZv+YuA1AoBVINJTGgUQOCxITExUR1TrHJnZ0eGh4eV9zX2NX8TEuGh4VJ4lIRzwiLNwbtxLB5dh2XecvOPbtShvz99+uRGWbreU/5bQKIUMCFkqw3yOJuTk6NuJKenpwrY7u5uN0uzWhh8uLq6qnQODg4KCTqYnZ215FWtA2vX4Yu33Mjzeqwxh58d+fMLILE+sxBQc6VLSEgQ7s98W/Uzj6PMWJ7Svn//rhLfZk9uNe536wAxJibGTY0/gbkti9ROxqiYmwexpNWvzPGGK5OTkyUrK0t6enoC+i9ZQOSCgYM0UgNO05fYAlIfY7y1nigpKcktQDdPCB9xgwFMf63RrOO/KLMfQOR0mZM5drZajy0gUWDmHsD1JjgZHmZ5qOWYBqqY92UsW5028z5sA2lW8Fb+G4E3IF/JEt6A/L8BiYcn5CGwJxLgGugrvRIGr6LmL5X63Jlslt07AAAAAElFTkSuQmCC\" data-filename=\"image.png\" style=\"width: 82px;\"><br></p>', -1),
(210, 57, 3, 1, 1, '<p><img src=\"data:image/png;base64,iVBORw0KGgoAAAANSUhEUgAAAEYAAAAeCAYAAACR82geAAAE00lEQVRoBe1Yx0osQRR179q1foFL1/6BGxEEQT/AhWJAVEQRN0ZEF6KiYkAxgmLOWcw5YM4553gf5/Kqqa7pVnjPmZ7FXCi6quZ2hTPnnlvVbqSYr68vyWVjY0Px0Dc/Pj5oZ2eH+vv76eDgQP+jE7XkPan1s7Mzm5W62fS4OhgBFzAmRHABYzUwn5+fdHd3R2tra7S0tETLy8s/FpM1O6TbYYx5enqigYEBiouLo7CwMIqMjNSVqKgobkdERJAoDkHAZBKHAPP19UXn5+dUWlpK4+PjNDU1RdPT0/xEfXJyksvMzIzWh34rzSHA3N/fMxANDQ0EkBBWj4+PdHx8TCcnJ5zuV1dX6ebmhn+zEhAxt0OAwaZra2sZCIACMGZnZ5k9c3NzNDw8TGVlZdTW1kZHR0dibZY+7Q7My8sLjY2NUUVFhbbR1tZWamxspMPDQ2YIWNTd3U2pqalUU1Oj+VlZsTsw6+vr1NPTwwwRGwUo0BtkJmHQnoSEBMrJyRFdlj7tCgyY0N7eziGCrCRse3ubQZGP4rhSpKSkcEgJPyufdgUGYgp2DA0Nme4R4L2+vjIgBQUFBM1xBrMrMGABQDESVAEI0jiEOC8vj885EGdnsB+B2dra4pOquljcqt/f39VubmPTz8/PVFRURIuLi4Y+AODy8pKFGUyBIO/t7RHE2l6GY0Nvb69WsDcz+xYYDBQUFEQBAQHa+wAE/bu7u7S/v6/1yxWExsLCArW0tBiyBb4A7+3tja6urhgQnHGQ0ldWVuShfq2ONSOsxScHb29v3psZON8CU1lZSe7u7jpgrq+vaWRkhIqLi1lUjVZ+e3tL5eXltLm5yfqh+oBpAFg2nH4zMzOppKTE8B3Z91/qExMTlJiYqL2KtqenJ4NjxFJTYICkn58f+fj46IA5PT2lwcFBSkpKovT0dHp4eNAmQwWbxoer/Px8Zpbux79MAWA4w8iGCyZSNe5SCCkw6jcNQKiWlpZGbm5uhsw3BAa0wwIxGMJIDiVoB6yuro7i4+P51CpvAim4r6+PtUP4ygtC2gYrmpubdazBvwatiY6OZjGWx5Tf/816U1MTR4R8bBDjGwKDECosLGQfFRixYKTV7OxsysrKYq2AMwQV2oIwg86ohnchuBkZGVRVVaW9B7+LiwtmDOgO7RLzqGP8ZhuMQVQYmQ0wCCF/f3/NVwVG/ADqA/Hw8HAWYmwE5xboDzKMmUFwIYL4BAFGgUF4gp0AGWwyy3ZmY/5LP6IiODiY5zV6XwcMnJOTk0n+AG4GDAYDa2JiYqi+vp43Nz8/T52dnTb6oU6Mj+ZgFvxRUEdoIjPhwmlmyGByujWrG4mpOqYcFepvaOuAwaYQ4/KEIr2hDwuTDbdkhE1sbCxnoK6uLuro6JBdTOsQWIj46OgoF+iSWfoXg4BVYj3fPY00Q4yBJ+5lISEhcpdNXQcMdEWd0MPDg1DQryo7dASn1tDQUL4947OB2YHOZmaLOgBKYGCgbnajs4wOGJ3338Z3oQQXnGsgYvhcCcZAQ5zVAIqXlxdVV1frogLyodp/AwMgIKS5ublOcwFUN4k2pACg4NyiFmikaj8Cg/QpnxjVAZCicUmEVhhdFlV/q9qqRMhtI036ERirNmL1vC5gTP4BFzAmwPwBPPwwZu12R7wAAAAASUVORK5CYII=\" data-filename=\"image.png\" style=\"width: 70px;\"><br></p>', -1),
(211, 57, 3, 1, 1, '<p><img src=\"data:image/png;base64,iVBORw0KGgoAAAANSUhEUgAAAEkAAAAdCAYAAADmbEE9AAAExElEQVRoBe2YR0s1SxCG3bv2N7hzJa79B25EEFz4C0QEFRHBAAoqBjBiBEXFgJgjBlQwR0xgjmDOWevjaW4f5gxzdPzu5ZwLWlD0TMfpt6veqh4v+ZUvEfD6ssdvB3E7SO/v73J5eSlbW1uysbEhm5ubX6qnz8ntIN3c3Eh7e7sUFxdLQUGBFBUVWWphYaFo/VEgPT8/y/b2tpSWlgpgfXx8yOPjo7IsrOvs7ExOTk7k/v5eXl9fHfqjQNrf35e+vj6Zm5sT3A4w9vb21PvCwoKMjo5Ka2urLC0tqTZPg6PXd5u7YTWAU11dLQ8PD2r92dlZGR4elvX1dTk6OpKdnR1pamqS8vJyGR8f19/o8dJtIF1dXSlL6ezsdGy6ublZampqlAvqyrGxMUlKSpKSkhJd5fHSbSBhGbja4eGhY9MjIyPS1tamLElXTkxMSGJiouTn5+sqj5duAQnCbmlpkd7eXqcNv7y8CPr29qbqcUlAy8rKku7ubqe+nnxxC0hwDla0vLxsuVdAgqeIbIR9eOn09NSyrycqbYNE8me1SU4fdSUA0NDQINPT05YRi7GkA8wNOHV1dbK2tvbpnK7W+k7909OTDA4OOtRqb3o+WyDd3t5KWFiYhISE6HGqJIzThloJ7VgHEY3s2koA6fr6WoV9wj/EThS8uLiw6u6yjv52xwBQR0eHBAYGKvX391elK6BsgVRbWyve3t5OILEQOQ7RaH5+3vLjyYPgoampKZUwWnYyVfLxeXl50t/fr3IpU7PLV9Yxc56rzrh/eHi4o5kD9PX1VUBZHfiXIOFmQUFBEhAQ4ATS8fGxul4kJydLRUWFImDHqiLKXeAVrh5k0mbRbnZ3d+fURPTLycmRtLQ028AywXdA4tDMUl9fL15eXkJSa5ZPQQLV+Ph4ZQm4mtHdyHvYECAQsrluGLmJzS8uLgq5EBZlFqIa1jI5Oek0jmsK97nY2FjFU8Y5zXMY378DknGcfgY4QLKihU9Bws24ZyFmkLhbIZBfSkqKcBI6lFOPBTY2NiqX1H3VgH+sDJBzc3PVOGM7gAJSXFycrKysOAGox1PCH0bizcjIENRY54pjjPPoZ74fl7MSlyCxyeDgYMcYM0i6gftYZWWlJCQkKAKmHivhZKqqqnQ3p1KTNX8CyJ8geC1YZHZ2tmRmZioidmVJWK8mXko/Pz+lxjr62BH4NSoqSpG5VX9LkHAzrMNoeq5AYoNcTCMjI5XrYE27u7syNDSkopTVorqOtIBIBnfBWyhugyXZJWE9179xN4LFZ4BagkTiFxMT42S6+oQwZ3Oo5cdZenq6ypTPz88VaF1dXU4WojdjLOGf1dVVBcjAwICguOjMzIwljxnHmp//FiRcMjQ01Dyd07slSPCQBkWXPj4+gvJujg4kgz09PRIRESHcx3jGuuwIY0klDg4OlPJsjnh25vkbkAAoOjpa5XJ6DWjGLJYgmTvx7srdaMPl4CasLzU1Vd27+PXhTuHgzIf32foAxIGXlZU5eQzR3Cz/CUhMCvmRWQOUXSsyf4y73kk7AIiQb1ZyNLPYBgli+4zcIGx+mvETDdf5PwvZtqYRc2kMVnoPtkHSA35i+QuSjVP/BekXJBsI2Ojya0k2QPoD4BiN5ydn91sAAAAASUVORK5CYII=\" data-filename=\"image.png\" style=\"width: 73px;\"><br></p>', -1),
(212, 58, 3, 1, 1, '<p><img src=\"data:image/png;base64,iVBORw0KGgoAAAANSUhEUgAAAFYAAAAbCAYAAADmkHhFAAAEv0lEQVRoBe2ZR0tsTRCG3bt2rXvBpWt3Llz4B1z4C3ShKxUxYwAV48acEMWIgjlwRTEHUBRz1hvMOdXlab4zzDkznhnvzAgfMwVN9+mu033m7aq3qnv8xCceQcDPI7P6JhUfsCLy+Pgo8/PzkpGRIWlpaaqmbVYc2Y4PWBE5Pz+XtrY2KS4uVqW0tFTKyspUKS8vFwp92ji1I/F6YD8+PmRlZUXq6uoUwIBMOTs7k9PTUzk+PlZF69dqH7AOENje3paRkRFZXFxUmq+vr7KzsyMLCwuKHkZHR6W3t1eOjo4czKQf9nqLBdSOjg7Fs0AzPT0ts7Ozsru7qyyXuqmpSZWNjQ09eiZPXg3s79+/pb+/X8bHxy0QVVdXS3t7uxweHsr7+7tgwX19fZKUlKQs16LooOHVwAIoBS7VpKenRwEJsAgcjFXHx8erAKfpOaq9Flissb6+Xrk9VqnJ5eWlUJ6enlTX29ubtLa2Sm5urvz48UNTc1h7JbAAubm5qVybQGUmf/78kezsbKV7cXFhpqob80pgscaGhgZZW1uzWKY1Klgz/DszMyONjY0quJ2cnChasNYza7sMbHR0tISFhdmUlJQUs3XdMsYaFRUVNnPd399borxxEGsldaqpqZFfv34Zh9UzvIp1kt+SanV1dalNuLu7s6tvr9MlYLe2tsTf31/8/PxsSm1trb313NZHShQQECCJiYmWOTma7u3tydTUlEqXLANWDVybYERa9fDwYDWib7IBjF9dXUlLS4tUVVXJ8vKyXsnkySVgCwsL1aIk0dYFoL/CRybf9+lQSEiIBAUF6YDFEgGB8/7AwIDddzEGrBzrw+WtBUt9fn4WApYm9EEZeAenMzbPGXEJWHZdi57aYlgS1OBJ4UdWVlZKcHCwDlii+f7+vqSmpkpJSYn8/PlT9xk3NzfqNMWBwAgqivwW8lrAtxbmZbNycnI+9QRrfdouAWsElQljY2PFkzTAxuXl5cnt7a0NsLgvgHFSysrKkuHhYd3vxZW7u7vFXiDiPe4HMjMzlfdpwGOx19fXkp6errIDTmLOiEvA2lsA3vMkDURGRipgWNtosYCArK6uSkFBgUBVgI28vLwooDs7O3Wurgb/OwiQCZCvTk5O6jIAjrLJyckWCtHeMavdCizWFBUVZbaeS2NQAFFaEyOwWj882NzcLAkJCSpfpR/3Jg6YBSA2YXBwUG0MQQsDAWxOY0VFRTIxMaEDXFvPXm0DLLxkL30y9gGiUaABPuwzcWVu1oNirOnnM2BZH6uDFzn7Y61sCNmCWSbAe7j93Nyc4lqoZGhoSFELt1/Qj7NiAywfbh3hP2sb3R3QQkNDTRf/17n5MWwamYD1BpPqBQYGqj5jwIFHSe7j4uIEVyZgLS0tOYULKRl3BczBfezBwYHDDTFObAOsUcHZZ26EcFVPCbxp3GTSLaiHfqM14dZYXkxMjOTn58vY2JgAmDMCVxO8rIvG3868j47bgA0PDzflL2c/6Ct6ZlTAPNz287cKh4j19XW7KdZX1vuKrluAxQ0jIiJ0/PeVj/hXXUfAwqdwM/cCpFLfKW4BFjfEVb9buCQxu53Clbk34E6AAPad4hZgv/OD/y9r+YD10E79Baq6sllThDs0AAAAAElFTkSuQmCC\" data-filename=\"image.png\" style=\"width: 86px;\"><br></p>', -1),
(213, 58, 3, 1, 1, '<p><img src=\"data:image/png;base64,iVBORw0KGgoAAAANSUhEUgAAAEsAAAAYCAYAAACyVACzAAAEMklEQVRYCe1YR0vtUBC+e9f+FdfuXPgXXPgDBLGg6EIEQRSxgCIWBHsviA3s2HsXBRU79t7r9/gGcklyk9x4b97iXd/AIScnJzM5X2a+mXNc+C+2EXDZnvkPTry5ucHw8DCysrKQk5OD3Nxcr81qmQEN1vz8PGpqarCwsIC5uTm5ss+2uLiIpaUlcM7s7Ky7/UqwTk9PMTg4iJGREXx8fOD9/R0nJyfY3d3F1tYWVldXsba2JuN8prRfCdbAwICAdXV1ha+vL+zv72N5eVlAIlAEsa6uTsYeHh6sMHI/C8gw/Pz8RH19PcbHxwWol5cXNDQ0YHp6GpeXl3h8fMT5+Tmqq6uFyzY2NtyAWHUCDix60crKCvr6+iTkuHiCk5+fj7a2NglFjj0/P6OzsxNRUVGYmJiwwsj9LCDBqqioED56e3uThZKz1tfXsbOzI8Bx8OnpCS0tLUhMTBTydyNi0QkosBh+JHaCdXR05F729/e3EDhBY59ycXGB7Oxs4a3j42P3XKtOQIF1d3eH/v5+4SYj0maI0qMI5NjYmIQmvY2Z0I78U2BxsYpnGC3u4OAAxcXFIGicqxd6Fud0d3ejtLRUALu/v9dPM733C6zIyEiEhoZ6tNTUVFODvj7g36dHGHkMdbJaZ+HZ1dUldZWRHQJNYmcmJIeVl5djaGgI19fXRtM9xnwGa3t7G0FBQXC5XB6NnOGkkFOYucrKyoSkjXSzdmpubsbZ2Zml9ynvspzo6elBeno6ZmZmlGHLq89g5eXlobGxUf4M/47SCJ7dP2X5ZaqHSujExsYKJ5HI1UKvIwc1NTUZht/r6ys2Nzc1Xkkd5KuYmBgheYauN/EZLBZ4/Ai1cI/FsHRaGDoMs5SUFOGkvb09jQluX/izuNfTC0OP25zCwkKNV3Kc4cgfUFRUpMmeeh3Kvc9g6YGiwujoaEnbinKnrgqpsy5i2DB81NLe3i4eR1D1QlKnVyUkJMjWRtFFzyLo9KyqqipwW+RNfAbLSHFwcLDjIai2c3h4iIyMDPESBRhyVEdHh2lhSXC4xSkpKYG6nmLByjIjKSkJo6OjpklBbd8xsBiCERERat2O9+klzGBpaWlSS9FAb2+vHK/c3t6a2uN7zH48llGOaqamplBZWSleynC0Ixqw+JJRKaAfIzB6YQhyP2Ym/uhW65ycnERmZiYKCgqknuKCmZmV8FLPVfdJG8yYBInfzytPHhh++oShfk/d14BFhUpWs7rqsx2BCAkJ0WQbtRH2fdWt10PbtbW1iIuLk1NQhiC3OHaE1TuLUNZqSjMqXs10acAym+RtvLW1FX+jEDWyy8WxLoqPj0dycrJ4ld3tipG+n4w5AlZYWJhkmp8Y9mcuSwEet7AcsFMf+WNL/a7fYJEvwsPDPWoutRGn+yRsEjozoV2+ceIb/AaLsc9M8xvkD8538C9jCxSwAAAAAElFTkSuQmCC\" data-filename=\"image.png\" style=\"width: 75px;\"><br></p>', -1),
(214, 58, 3, 1, 1, '<p><img src=\"data:image/png;base64,iVBORw0KGgoAAAANSUhEUgAAAE8AAAAaCAYAAAD2dwHCAAAEnklEQVRoBe2Yx0okURSG+018A1ciuNK9W5c+gBsVBEEQRcWVCooRURfmgAFMmDPmgJhzzphzPMN3h2q6y+qutscehmkPXKrq1K1zq/76T7oW8YCsr69LcHCwPD09ecC6scnX11e5urqSk5MTeXt7M570zVrLN9tT5m5vb2VhYcETpv8pmx4B75/6Qg++zA94fwCu14FHSOnr65OEhARJTk52aTjC1+vA29zclMrKSsnMzJTs7GzJycmR3NxcNfLy8oSBLisryzp+wBOR9/d3GRgYkLq6OpWVycyM4+NjOTo6koODAzU0vXb8AU9E5ufnpbe3V5aXlxUelFKcT09Py8TEhHR3d0tbW5ucn587wstO71VuC+MAD9BeXl5kcHBQZmZmZHd3VzFwaWlJiouLpba2VjHQDimDC68AD3fFNRsaGmR2dlbBcH9/r2IbTDs7O1MufXd3J/X19RITEyOTk5MGcNmrvAY8QBodHbW65OPjo4p9MBHwEHRNTU0SEREhIyMj9kgZXHkFeLAsPz9fNjY2rK0bbCS20dLhwsjNzY1y25SUFFlcXDSAy17134MHm2gVGxsbrQyzh+D31cfHh2xtbUliYqIMDQ0JLmwm/z14p6enUlpaKjs7O8LmgV7YRKBMIXmUlZVJc3OzYiNgmonL4PESQUFBhqOlpcVsnT++z9qUE3qBIZrb6e+hpxQhgzra4QE86jkSBPEO8HBvR/Nt13AZPLKQxWIxHFoGszX8neeFhYVq3Y6ODqtZQGPrCxfjxxoJJUhXV5dMTU2pbGo0B4YBMnGRxFFSUqIGnYiZuAxeWFiYqpHITtooKipSTHTlL5m9iKP7ABQYGPgJPNjBh9KjUuQaydjYmFRUVMjDw4Po3ZCEwXtz1AS3Bujo6GhVLDtitDbfZfBopvWSkZEhqampevW3Xvv5+QlhAdbbMo9MubKyIlFRUVJdXS2Xl5d2615cXEh/f7+0t7fb6bWL6+trZZf6TxOAPDw8VDZhO7HQmbgMnhG7fHx8rEWns0XcvccHwO69vb1P4BGrYApNfFpa2qd4SA+Ly2o1nO078CyMjouLk7m5OSv7YCdg8kMKCgoUkLbP6c9dBk//IIsTxI1A1c915xr7sbGxwhaSEXiazfHxcbWtVF5erqlUsUuMBkBbt9QmoNve3pakpCRZW1uzujR62jXAo7Qx+za3wcNlyWKekpCQENGCtjPwCPRsL1HY7u/vq9dhA4Amnx/gSHiutbVVgYjLM3BZ+l/sURvq46Teltvg4bLEFUeiMdNReaPpjT4Qd7Utf5yBx/qUGLCID4c9VVVVqkNwxhyAIW4ODw+rWNrT06PiIwmGWEpxbSZugUe9FRoa6tQ27qZlZWdH5umFHxMQEGCtKTknYfj6+iqdfj6Zlw3N+Ph41SUAAG5pJgBImQNjYR37eZybZVnNrlvgRUZGSmdnp2bj2496sGtqahR4ZHbu6eX5+VmxJjw8XCUQNgCMfor+Oa5hqn4YzTPSfRk8/pS/v7/LL2e06Fd1Zm6LvdXVVUlPT1d1Hx0DgHhavgweWYzC9G+KK+AR8OlPcVmSwd+QX+3lnsizzeFKAAAAAElFTkSuQmCC\" data-filename=\"image.png\" style=\"width: 79px;\"><br></p>', 4),
(215, 58, 3, 1, 1, '<p><img src=\"data:image/png;base64,iVBORw0KGgoAAAANSUhEUgAAAEgAAAAZCAYAAACSP2gVAAAEk0lEQVRYCe1YR0s0QRDduz/Co39APHvzNwgePAoevIgHFTGAiIoBQVCMiAFRUTFhzjnnLJgDijlrfbyCGnpmZ2dnVZTPtaDttru6p/v1q9DroD+xRMBhOfo3SF4D0O3tLU1MTFBmZiZlZGRwjbZVAT+8BqDt7W0qKSlhkCYnJ2l6elorMzMzNDs7S1NTUzwOIFG8BqDz83MaHR2llpYWen5+ppeXFzo7OyOAtrm5SYuLizQ/P083Nzc8Dh0UrwEIjGlubqbDw0M+9MHBAS0sLNDc3ByDMzIyQpWVlTQ2NkYXFxesI3+8wsTa2tqosbGRXl9f+dwNDQ3U09NDx8fHBN90dXVFtbW17JuGhoYEG65/PUBra2vU3d3NjJGTFxUVUXl5OW1tbXHX29sb60RGRlJNTY2oeQdAODBY8fDwoB0coK2vr9Pl5SX3vb+/U2trK8XGxrIpaoq/OYqBFTCh6upqWl1dVc/s1AZ46enpVFVVRfv7+7rxX2tiiEJ9fX00ODjIEUt3aiICawAMQETIz8nJ4frx8VGn+t8CBIaguBI43ry8PNrb2+OwbtSDwwY4cNbQ6+zsNAXSEqDT01MKDAw0LQib3yGhoaFOfgGHOzo6cgrJsp+7uzsO34hW4mdkTGphEPIh5EJlZWWEaId1VbEEqK6ujhwOh2lBDmFH8PGPgol5Pj4+VFhYqH0KB+ro6KDi4mLOfLUBpQE/grxmd3fXlD2KKjfBRDApLS2NQQJ4IpYAhYWF8URMloLNglVGW5UFjTWAVA9oHHf1P9gbFBTEl6POR7KHsB0dHU0VFRVaxivr4LBLS0sMIDJmo4B9uDRk1yIABOvGx8ezL8IliFgC1NvbK3panZWVxUhrHW4aHwUoODiYmQcGqwBJYod9pKam0srKim4HyJLhnIeHh518FICAb8J6eHepTMEzIykpiZKTk2ljY0Nb0xIgM5b4+vpyiq6t4KbxEYBgWrm5ucxSI0DimGFmKSkpzCJ1CwMDA5zsAUgVAOiAPTC/uLg4dsr4X+Tk5IQSEhL4dS9PEoxZAiSTpQY13ZlXQUGBzqn7+/uTn5+frg+O15XAtGDa8iYyAiTzoJefn0+JiYnMCvRjTldXFxfRU2sAdn9/z+aHt5gKIBgHE0NiKQ9VzPUIINC6tLRU/aZTGy9k8VeoQeeoqChd3/j4uNM86YBpwYeIuAIITMLrPCYmRgMEh+zv7yeA50oACrJo5D4wM/zUgRpPj/r6etrZ2dFN9QggmJfcrG4Vi388MTGYFqKPKq4Ags7y8jJlZ2ez38C+EHUBvpihuo7afnp6YpAAKF7wKLhM+C+VPZhjGyD8gBQSEqJ+x1bbE4AQtWCSau4FgMREjcyAY0XuEh4eTu3t7dTU1MQRys7GkEVfX1/riuqTZA3bAEVERHD+IRPt1p4AhNtXzRNtACQmagwaMBf4RYR8vMRxieqj1O4erfRsAYSbCwgI4F/crBYzG8Mtq1HBTMeqz8rEMA9hG74Ibykkhl8ttgCCbcPD/4S4AwhmAZDwroJv+WqxBRAY8BkWfGbTMLOf+jb2/Q+wbasyJD/o8AAAAABJRU5ErkJggg==\" data-filename=\"image.png\" style=\"width: 72px;\"><br></p>', -1),
(216, 58, 3, 1, 1, '<p><img src=\"data:image/png;base64,iVBORw0KGgoAAAANSUhEUgAAAEMAAAAcCAYAAAA6EgJRAAAEH0lEQVRYCe2YV0s0SxCG/Sf+C6/9IV4bUNBLLxQFFS9EzHghZsEAKmbMgiiY44U555yz1uEpmGV2mPbsft/uOaxY0GxPz0z31Nv1vlW9YfJrHgTCPL0Q71xdXUl7e7ukpqZKZmamT83p8o8BY3FxUaqrqyUvL08KCwuluLhYW0lJiViNcXv7kWB8fHxoVPT398vJyYm209NT/T0+PpbDw0M5Ojry3LOe+XFgfH19yfT0tAwPD8vu7q769/j4KEtLSzI/Py8TExMCSIODg/Lw8OD03+v6R9CkqqpKHX97e5Pb21sZGRlRMA4ODoQImZmZkcrKSuno6JCbmxsvAOwXIQ3G+/u7UqChoUF2dnbULyhRVFQko6Ojcnd3J5+fn3J2dia1tbWSnJwse3t7dv+9+iENxv39vXR1dcns7KzQx87PzwVwxsfHPWOXl5c6Fh8fL9vb214A2C9CGgyEsLS0VHCWCEA/iJaLiwulC8KKES1lZWWSm5srCKrJQhYMtIGIQAeenp5M/ilAPJeRkSFzc3Py8vJifDZkwVhfX5fGxkbdaaLCaYgp+jAwMCB1dXXS19enQBA9JvMJDAQoMjLStcHZYBgaYIW5c/7n52eZnJyUpqYm4zOAQTYZGxuTtrY26e3t1WvTnKzhExgtLS0SFhbm2hYWFpzf+sfXr6+vyvW1tTUvAXROuLKyonUDtYTJiADmA9StrS2pqKhQEUVgTeYTGLGxsVrUUNhYrby8XCPlOw6aFjWNUxMsLy+r2MFxUxrs6enRLEKEOA3KAIKdDhRh1B5JSUmqM6bo8AkMJnJafn6+5OTkOIf/6pqCiExARRkXF+daNbKzgEHqdDOyRXd3tyet8gwAra6uSkxMjLS2tgqHOjfzCQy33Q8PD5dAUoSPIy3y4RRL2dnZesCCMnYDCHTg+vraPqx9dGJqakrS0tJUH6zoYE4ENzo6WqD8X4HhXHVjYyPgFGEN6+MBBTqmpKRoNrDW52xRU1OjVLKete7xS/iTPqGYXRvYTCrShIQEjSho5GY+RYbzRSjCcTlYhqPsHjuMNkEddhdHSZWmwon3yHzUHugPtKMeQUDr6+v1+M7p1Q1IfPkjMKCIKdSY1IocUzq2xnnOZDgP4FlZWSp+iCVRQbqEDiYjOgALnQO4oaEh6ezs1DTM+YWoM5nfYMDJqKgo03w6Tjqzss53v9Z5wjQZqRPtKCgokM3NTT1suWmF830cJgIAjlJ8f39f+wD8nfkNRmJiov4/8N2kgbpHNHDaJCVCl38rp+3r4riz2e+79f0CAz5GRER4pS23SQM5xp8zUIU0Tr1g4nsg1vQLDNJSenp6INb1eQ74z7miubk5qEDwQX6BAQ9p/6XBfzICx/Rgm19gBPtj/u/5f8Gw7cAvGL9g2BCwdf8BDkYumLaijSQAAAAASUVORK5CYII=\" data-filename=\"image.png\" style=\"width: 67px;\"><br></p>', -1),
(217, 59, 3, 1, 1, '<p>3</p>', -1),
(218, 59, 3, 1, 1, '<p>4</p>', -1),
(219, 59, 3, 1, 1, '<p>5</p>', 4),
(220, 59, 3, 1, 1, '<p>6</p>', -1),
(221, 59, 3, 1, 1, '<p>7</p>', -1),
(222, 60, 3, 1, 1, '<p>144</p>', -1),
(223, 60, 3, 1, 1, '<p>272</p>', 4),
(224, 60, 3, 1, 1, '<p>528</p>', -1),
(225, 60, 3, 1, 1, '<p>1024</p>', -1),
(226, 60, 3, 1, 1, '<p>1040</p>', -1),
(232, 62, 3, 1, 1, '<p>39</p>', -1),
(233, 62, 3, 1, 1, '<p>43</p>', 4),
(234, 62, 3, 1, 1, '<p>49</p>', -1),
(235, 62, 3, 1, 1, '<p>54</p>', -1),
(236, 62, 3, 1, 1, '<p>78</p>', -1),
(237, 63, 3, 1, 1, '<p><img src=\"data:image/png;base64,iVBORw0KGgoAAAANSUhEUgAAADIAAAATCAYAAADSz14iAAABNUlEQVRIDe2VgQmEMAxFu4/7uIyzuIhbOIOD9PjCgxjb2sMiPbmAVEmb5P1EDfElFl7CEXeQbdtiCCF5ydfapmmKurzN83yoYRgGvyX7fOiIT6BAAmwJsyzLHtODjOMYfeHaU5u/CLKu6x5ISrUwCaLiVLQFoROpHCnA1L4iCCPnQRQ8N4olBXVO5kF0xoLZQumgRC1ZEYSCr4KUEuBToYyoBcmJxbnaqTiBeKVbQEhVXdgjILkWU4RWOuWheUZ5zvDRwM/Ky63nXF5GywpBXLueOpILaA/dvbcdUSzlFIwXQD7tBbiUtwsQFUiXbLEA1oz3DsILR7CcOjbJnXvfEWKlRhbf1XroyNXmJ/xW1JpOUFN3IBTGB8L/w/D7tVsQCgXoq68Wh39x7b4jtaL+QWqVemrfBzxIjt24H6nZAAAAAElFTkSuQmCC\" data-filename=\"image.png\" style=\"width: 50px;\"><br></p>', -1),
(238, 63, 3, 1, 1, '<p><img src=\"data:image/png;base64,iVBORw0KGgoAAAANSUhEUgAAAD4AAAAUCAYAAADV9o4UAAABd0lEQVRYCe2U4W2FMAyEsw/7sAyzsAhbMAODUH0/7smkF5IHtGqqFwk5gdjn8xmnvZM1DMOeUtqXZXkk4/RIlA6DfIh3KNqtlD+KUz6Gh3vWdb1VXTlv27YzpNxiaM3z7D4d3uX5XR123xQHfBzHFxh7wJ4gD+kS8WmaXphuAz55RKIUknc1XxevSvxO8BywpHgsdO6jMwRdR7iCyOfMVonj7KpKErwvPVEZJeCIc6/WTcLC3y26qKV40bdKnDaCnCMSA7XsSTAWESItbaocShj6HUvf3XtLPFfxCdIOPCfN2WH9GvGWtlH75UXS2RGI5PGPLc6ZjnB+wjpr9dLQjJhxbxVvIR6DvLuHAGS0IMuZxxHnfvxF5If90eEWgZ7Y54VVl8jGThCeVI8FU0HyePI5swfFBSzrEjgL1vKNJEstW1JccaWu8sPGQuheiz0Qb3H4C3c07K4orfy7JE7yzAIpLzLv2G6Ji6QKcHuqK+B/t90rflWgL+WICocPzXhdAAAAAElFTkSuQmCC\" data-filename=\"image.png\" style=\"width: 62px;\"><br></p>', -1),
(239, 63, 3, 1, 1, '<p><img src=\"data:image/png;base64,iVBORw0KGgoAAAANSUhEUgAAACsAAAAVCAYAAADfLRcdAAABJklEQVRIDe2UjQ2FIAyE2cd9XMZZXMQtnIFBeDnjmQpX1Kh5mkhiQOjP19IS0otGeBFr+mDvuq0isyGEpL5xHC9l6Lpu5adt2037BSw0+r5PVhlrBHAEuGmayY4iwJm1Dxn6UPLc2wUbY5xgkY3aQJC8FeioARuAVUMFYeV2wUIBEAqWgeAcsLVBWU+OwXqB7oJlfQ3DsGKBcS9LK8H5B2WEoHI7lMV+7dyFhZL9PAfMlso6ITjfBps3AB16M7OCAL1GZGBbZeDpu5k9CmuDYGcrKJ5Zea4vazAaPDszu3mtMwivueC3yKyt09qVnoUGrPWVwyv7BawSumuPDQfoWkbp/6+wC8T88ngvziLHxRNmlsWh1+AJ4IrhEWWgwNTeB6uycsXeD608FixspXXQAAAAAElFTkSuQmCC\" data-filename=\"image.png\" style=\"width: 43px;\"><br></p>', -1),
(240, 63, 3, 1, 1, '<p><img src=\"data:image/png;base64,iVBORw0KGgoAAAANSUhEUgAAACoAAAAUCAYAAAD7s6+GAAABCUlEQVRIDe2VjQ2EIAyF2Yd9WMZZWIQtmIFBuDyTZ7jaivHnPBKbGLRg+d6rRFcHCTcIZx0PtJRSnXPqhbkrw3v/tU+MsVt+5eg0TRUXg0WvgKUZEgwGhRC4pTp2QXPOs3pZXK3WSUJ0awKXWwI4j7ELahWBA9angrzsQEppXg/hWqAehFjRBSWQtYFVWObREU0A18HprXkVVDp1FhIwt4Bq3xGVc6TTUhSfj7Qe71qxmgHkHlCr4FYeIBAowzoH7bqfgvJASSMgYOsgAXgBpSq2DqNsX6vw6L22jwTXai+g2uSdOR6unpNkeAwUAPyZ7Oneo6B0qwVmTo5/ASqhtOcXVHPlTG4YRz8PchRxHN3WSQAAAABJRU5ErkJggg==\" data-filename=\"image.png\" style=\"width: 42px;\"><br></p>', -1),
(241, 63, 3, 1, 1, '<p><img src=\"data:image/png;base64,iVBORw0KGgoAAAANSUhEUgAAACwAAAAVCAYAAAA98QxkAAABKUlEQVRIDeVVgQ2EIBBjH/dxGWdxEbdwBgbB1KQJOY6z+v9R8yQGhaPt9UBSeVlLL9Nb3i94HMeSUmqeeZ6/Wgzg1TzDMEj4rsPruu5gRCC4FY1vlYhY6GGKXTdN086Zc65Dm3dJMFaBwJJgHAR0yibUsJVSmLw35yVi42TBChjFIIGeU5iDm15blmVPHhXuNUkwgXpEHjiqYR1nNew413Mr9uYRFwpmqSNXSMaeLnsO/1wwRRz1FILEIneAEyXPSqLvtdDh3iKO003vMDLG9tHfQDknHwm2YtRvbrU6nolEBw7xjWBkSUClxDXpmXfLAy6laVEK0oWYeu8fOUv4WwVTBM6AWs1HCLbCT/8lCPDE/lEOKwb9j2BcGmcuDMU9JeaSw7xC7xC8ARgrXd7XJzYsAAAAAElFTkSuQmCC\" data-filename=\"image.png\" style=\"width: 44px;\"><br></p>', 4),
(242, 64, 3, 1, 1, '<p>366%&nbsp;<br></p>', -1),
(243, 64, 3, 1, 1, '<p>&nbsp;466%&nbsp;<br></p>', 4),
(244, 64, 3, 1, 1, '<p>&nbsp;3%&nbsp;<br></p>', -1),
(245, 64, 3, 1, 1, '<p>&nbsp;3,66%&nbsp;<br></p>', -1),
(246, 64, 3, 1, 1, '<p>4%<br></p>', -1),
(247, 65, 3, 1, 1, '<p>16 butir&nbsp;<br></p>', -1),
(248, 65, 3, 1, 1, '<p>&nbsp;24 butir&nbsp;<br></p>', -1),
(249, 65, 3, 1, 1, '<p>&nbsp;28 butir&nbsp;<br></p>', 4),
(250, 65, 3, 1, 1, '<p>44 butir&nbsp;<br></p>', -1),
(251, 65, 3, 1, 1, '<p>46 butir</p>', -1),
(252, 66, 3, 1, 1, '<p>Rp. 20.000.000,00&nbsp;<br></p>', -1),
(253, 66, 3, 1, 1, '<p>Rp. 25.312.500,00&nbsp;<br></p>', -1),
(254, 66, 3, 1, 1, '<p>Rp. 33.750.000,00&nbsp;<br></p>', 4),
(255, 66, 3, 1, 1, '<p>Rp. 35.000.000,00&nbsp;<br></p>', -1),
(256, 66, 3, 1, 1, '<p>Rp. 45.000.000,00</p>', -1),
(262, 68, 3, 1, 1, '<p>{9}&nbsp;<br></p>', -1),
(263, 68, 3, 1, 1, '<p>{3,9}&nbsp;<br></p>', -1),
(264, 68, 3, 1, 1, '<p>{3,9,12}&nbsp;<br></p>', 4),
(265, 68, 3, 1, 1, '<p>{3,6,9,12}&nbsp;<br></p>', -1),
(266, 68, 3, 1, 1, '<p>{3,6}</p>', -1),
(267, 69, 3, 1, 1, '<p>12</p>', -1),
(268, 69, 3, 1, 1, '<p>36</p>', -1),
(269, 69, 3, 1, 1, '<p>72</p>', 4),
(270, 69, 3, 1, 1, '<p>96</p>', -1),
(271, 69, 3, 1, 1, '<p>144</p>', -1),
(272, 70, 3, 1, 1, '<p>39/40</p>', -1),
(273, 70, 3, 1, 1, '<p>9/13</p>', -1),
(274, 70, 3, 1, 1, '<p>1/2</p>', -1),
(275, 70, 3, 1, 1, '<p>9/20</p>', -1),
(276, 70, 3, 1, 1, '<p>9/40</p>', 4),
(277, 71, 3, 1, 1, '<p>11,01 menit</p>', -1),
(278, 71, 3, 1, 1, '<p>14,01 menit</p>', -1),
(279, 71, 3, 1, 1, '<p>15,01 menit</p>', -1),
(280, 71, 3, 1, 1, '<p>17,01 menit</p>', 4),
(281, 71, 3, 1, 1, '<p>19,01 menit</p>', -1),
(282, 72, 3, 1, 1, '<p>&nbsp;15, 22</p>', -1),
(283, 72, 3, 1, 1, '<p>&nbsp;23, 15</p>', -1),
(284, 72, 3, 1, 1, '<p>22, 15</p>', -1),
(285, 72, 3, 1, 1, '<p>&nbsp;15, 23</p>', 4),
(286, 72, 3, 1, 1, '<p>26, 23</p>', -1),
(287, 73, 3, 1, 1, '<p>m</p>', -1),
(288, 73, 3, 1, 1, '<p>o</p>', -1),
(289, 73, 3, 1, 1, '<p>t</p>', -1),
(290, 73, 3, 1, 1, '<p>l</p>', -1),
(291, 73, 3, 1, 1, '<p>n</p>', 4),
(292, 74, 3, 1, 1, '<p>Sebagian pemalas tidak sukses.<br></p>', -1),
(293, 74, 3, 1, 1, '<p>Tidak ada pemalas yang sejahtera hidupnya.&nbsp;<br></p>', -1),
(294, 74, 3, 1, 1, '<p>Semua pemalas sukses<br></p>', -1),
(295, 74, 3, 1, 1, '<p>&nbsp;Sebagian yang sejahtera hidupnya bukan pemalas<br></p>', 4),
(296, 74, 3, 1, 1, '<p>Semua pemalas sejahtera hidupnya&nbsp;<br></p>', -1),
(297, 75, 3, 1, 1, '<p>Malik mungkin sedesa dengan Toni.&nbsp;<br></p>', 4),
(298, 75, 3, 1, 1, '<p>Teman-teman Toni semuanya malas<br></p>', -1),
(299, 75, 3, 1, 1, '<p>Malik adalah orang kota.&nbsp;<br></p>', -1),
(300, 75, 3, 1, 1, '<p>Malik itu malas.&nbsp;<br></p>', -1),
(301, 75, 3, 1, 1, '<p>Toni itu malas.&nbsp;<br></p>', -1),
(302, 76, 3, 1, 1, '<p>Sebagian orang tua menyayangi anaknya.&nbsp;<br></p>', -1),
(303, 76, 3, 1, 1, '<p>&nbsp;Sebagian guru adalah orang tua.&nbsp;<br></p>', 4),
(304, 76, 3, 1, 1, '<p>Semua guru menyayangi anaknya.&nbsp;<br></p>', -1),
(305, 76, 3, 1, 1, '<p>Semua orang tua adalah guru.&nbsp;<br></p>', -1),
(306, 76, 3, 1, 1, '<p>Semua guru adalah orang tua.&nbsp;<br></p>', -1),
(307, 77, 3, 1, 1, '<p>Kendaraan berbahan bakar bensin adalah motor.&nbsp;<br></p>', -1),
(308, 77, 3, 1, 1, '<p>Tak sebuah motor pun adalah kendaraan berbahan bakar bensin.&nbsp;<br></p>', 4),
(309, 77, 3, 1, 1, '<p>Semua kendaraan berbahan bakar bensin adalah motor.&nbsp;<br></p>', -1),
(310, 77, 3, 1, 1, '<p>Motor adalah kendaraan berbahan bakar bensin.&nbsp;<br></p>', -1),
(311, 77, 3, 1, 1, '<p>Semua kendaraan adalah motor.&nbsp;<br></p>', -1),
(312, 78, 3, 1, 1, '<p>Ikan paus adalah mamalia.&nbsp;<br></p>', -1),
(313, 78, 3, 1, 1, '<p>Mamalia bisa saja bertelur.&nbsp;<br></p>', -1),
(314, 78, 3, 1, 1, '<p>Hewan yang bertelur adalah mamalia.&nbsp;<br></p>', -1),
(315, 78, 3, 1, 1, '<p>Ada hewan yang tidak bertelur.<br></p>', 4),
(316, 78, 3, 1, 1, '<p>Mamalia bukan hewan.<br></p>', -1),
(317, 79, 3, 1, 1, '<p>Anak perempuan tidak harus mempunyai boneka.&nbsp;<br></p>', 4),
(318, 79, 3, 1, 1, '<p>Tini adalah anak yang paling disayang ibunya.<br></p>', -1),
(319, 79, 3, 1, 1, '<p>Kakak dan adik Tini juga mempunyai boneka.&nbsp;<br></p>', -1),
(320, 79, 3, 1, 1, '<p>Semua boneka Tini adalah pemberian ibunya.&nbsp;<br></p>', -1),
(321, 79, 3, 1, 1, '<p>Kakak dan adik Tini semuanya laki-laki.&nbsp;<br></p>', -1),
(322, 80, 3, 1, 1, '<p>Pekerja tidak akan mengerjakan proyek Q<br></p>', 4),
(323, 80, 3, 1, 1, '<p>Pekerja tidak akan mengerjakan proyek S<br></p>', -1),
(324, 80, 3, 1, 1, '<p>Pekerja tidak akan mengerjakan proyek P<br></p>', -1),
(325, 80, 3, 1, 1, '<p>Pekerja tidak akan mengerjakan proyek U<br></p>', -1),
(326, 80, 3, 1, 1, '<p>Pekerja tidak akan mengerjakan proyek T<br></p>', -1),
(327, 81, 3, 1, 1, '<p>&nbsp;Pekerja juga mengerjakan proyek U&nbsp;<br></p>', 4),
(328, 81, 3, 1, 1, '<p>&nbsp;Pekerja tentu akan mengerjakan proyek P<br></p>', -1),
(329, 81, 3, 1, 1, '<p>&nbsp;Pekerja hanya akan mengerjakan proyek R&nbsp;<br></p>', -1),
(330, 81, 3, 1, 1, '<p>&nbsp;Pekerja tidak mengerjakan proyek R&nbsp;<br></p>', -1),
(331, 81, 3, 1, 1, '<p>Pekerja tidak mengerjakan proyek S&nbsp;<br></p>', -1),
(332, 82, 3, 1, 1, '<p>&nbsp;Alex turun di F&nbsp;<br></p>', -1),
(333, 82, 3, 1, 1, '<p>Tuti turun di D&nbsp;<br></p>', -1),
(334, 82, 3, 1, 1, '<p>&nbsp;Dwi turun di B&nbsp;<br></p>', -1),
(335, 82, 3, 1, 1, '<p>Dwi turun di A&nbsp;<br></p>', -1),
(336, 82, 3, 1, 1, '<p>Tuti turun di B&nbsp;<br></p>', 4),
(337, 83, 3, 1, 1, '<p>F</p>', -1),
(338, 83, 3, 1, 1, '<p>E</p>', -1),
(339, 83, 3, 1, 1, '<p>D</p>', 4),
(340, 83, 3, 1, 1, '<p>C</p>', -1),
(341, 83, 3, 1, 1, '<p>B</p>', -1),
(342, 84, 3, 1, 1, '<p>F, G, H, J, K ,L , M<br></p>', -1),
(343, 84, 3, 1, 1, '<p>M, K, L, J, G, F, H&nbsp;<br></p>', -1),
(344, 84, 3, 1, 1, '<p>G, J, F, H, M, K, L&nbsp;<br></p>', -1),
(345, 84, 3, 1, 1, '<p>J, H, G, F, M, K, L&nbsp;<br></p>', -1),
(346, 84, 3, 1, 1, '<p>M, H, L, J, G, F, K&nbsp;<br></p>', 4),
(347, 85, 3, 1, 1, '<p>1</p>', -1),
(348, 85, 3, 1, 1, '<p>2</p>', -1),
(349, 85, 3, 1, 1, '<p>4</p>', 4),
(350, 85, 3, 1, 1, '<p>3</p>', -1),
(351, 85, 3, 1, 1, '<p>5</p>', -1),
(352, 86, 3, 1, 1, '<p><img src=\"data:image/png;base64,iVBORw0KGgoAAAANSUhEUgAAAF0AAABFCAYAAAAo9Oo1AAAMcElEQVR4Ae2cBZAVVxOFIbhbcHcIGtyDOwRNcHd3KywU7u5WEDwBUgQp3F2CFu7ubgn0X19X3a3ZYZYNm53d/XnvVg3zZOTN6b6nT3ffJZR4R5AjECrI7+i9oXhBDwYn8ILuBT0YEAiGW/p4+s2bN6VXr17ezQUMpk6d6su0PqAfPnxYQoUK5d1cwKBAgQKfBz1x4sQybNgw7xYIGLRu3Vqd2F/Qc+bM6csq3jcBR2DPnj1e0AMOX8DO9IIeMNz+01le0P8TfAE7+asA/fr16yFS0toloTHRVwH6gQMHQqSkzZ8/v8HZ1z5QQX/z5o2cP39etm7dKjt37pQbN27IP//84+uGbrwxoCdNmjTQJW2bNm0+MWiyZMn8vQ+y0FXQX716JVu2bJEePXpI7dq1pUyZMlK2bFlp1KiRjBgxQk6fPv2vsH779q2cOnVK/vzzT5kxY4bMnj1br3vp0iX58OGDn9cwoOfJk8fPYwL6xb59+z4BPV++fP5ebu/eve6B/uzZM1m4cKGCXLRoUenevbuMGzdOhg8fLk2bNpVChQpJgwYN1PM/B9yjR49kzpw5Ur16dSlevLiULFnSZ2vcuLGsXLlS3r9/7/iwboNu9Ww8P1hBf/HihSxdulSBrVWrlmzevFkAjwFAly9flvnz5yt4P/74o+A19vHx40e5deuWDB06VB+GmTJhwgRZvny5TJs2TcjaUqdOLQULFpS5c+cKs8o+3AbdCjLPYH1v/y3mvSuejtdCG+XKlZNKlSrJ0aNH9X5QBGrCePXLly9l2bJl+kNbtmz5CWhPnz6V6dOnCxlv79699ZoYgvNWrFihUxRDNGvWTF///vvv5rl89m6DnihRIh91VL9+/eADHbAmTpwomTNnlj/++EM9+8yZMxpgmjRpIrNmzZLbt28rMI8fP5aRI0dKlixZZOPGjT7GwVBwfuHChaVu3bpCRZPx7t07pSO8+9tvv5V+/frJkSNHlHoqVqzoc5weLCJug24v+AWbpxPc8HDAgkaWLFkiUEySJEkkQoQICnC7du1k06ZN6rXHjh2TYsWKCVGdwYyAjjBE1KhRpUSJEmooVM+uXbsU4G+++Ubixo0rgwYN0hnCjMHIdv0b1KAbz58yZYqx+yd7V+gFENOlSyetWrWSbt26KeeiWmrWrCnx48cXqITACtB4M+qmY8eOyv8Azjh58qSkTZtWIkeOLOHChZMUKVJoEEX5RIoUSUKHDq3XAnTGxYsX1RiVK1fW9+Yft0G3BlJTafUvoAY66OhxuDVKlCiSNWtWDXYDBgxQz8X6GAOtjvTDs+FrgGLDs69du6Z4YbhUqVKpcbgWng3QTGf2bNGiRVMJykzatm2bcivXg97McBt0JzrxL6AGKugkO8ePH5cKFSpIxIgR5YcffpDVq1erann+/LkGxfTp0wvND469evWqjB07VjJkyCCxYsVSJQKv//3338rvKVOmlEmTJknDhg0lbNiwPqAbHsUQzIRMmTJp0IbnmREY4d69e4q726AbOrF20PwLqIEOOgET/oa7kXTIRoKlE+jwPVMyTZo0Ejt2bN1v375dXr9+rcAxK+D9BQsWKMUAsgHc7PF46+dx4sSRzp07C7+D4Tbo5nfY91Zj2ONMoILOQ6Iu1q9fLzFixJDvv/9epRxegAdzc0MvqBqUDJniTz/9pPSSLVs2uX//vl5j7dq1gqdPnjxZv/fL06NHj64yjWsQN/B0gurDhw+DFXSrEewpf6CDzpMSBOFnss2BAwdqwCxVqpRUrVpV4sWLp9kogbR8+fICz8PxGIBjoB20OBQEgFAUgdPqzYbTAZxrbtiwQZOr/v37q6EfPHiggPOP257uFEhNQGXvVGdxBXQSIHgYz6NeAq+T9gMiXE+ww/uRf9AOlJI3b141kEHrxIkTejyczTnEAnQ4IPMZRkAJGfVCAIZLuae1kOY26E6B1DwDeyeAnT4z5wS4yggnkzGiXkjXoZwLFy4oVXTo0MFXoLtz54506dJFaQigGSggvJfzoSmyTijj4MGD6rn16tVT0I1OR2auW7dOcuTIoRLUPAB7t0G3crc1mJrXOEKQ0AsPi7e3aNFCgymeTr0F8KmlQB9sd+/eldGjRytYTEXjoYAIRaFcmAHoeoIxg+sgySh8kZFCX5SMoTIoC+Nah9ugW7nbr9esljBGIK654uk8NMDt3r1bfv75Z03lARBPBfQrV66oJ1NPwQso+6Jk7INgiDGQhFQmTemAwhaBGJChLRKr7Nmza9Zqv0ZIAN1qDJ7XNdAN8Dx027ZtNdskAaIUCz1QniVwAqZJiOyA4fl4LkZB5bRv314WLVqkMYBybrVq1eS7776T3Llzy5gxY1T52K/hNuj+BVITVAmogO866ABAooNnU1cfPHiwRnPqLoC0Zs0an3KvHSzznookXabx48drIKUMULp0aQ2YprRAWffJkyfmFF97t0H3L5CaH4N3Bxno5qbsoRyqhdCE4W/r9597jcqh4IXxqEpitN9++00rjARuv4bboPsXSA2XE1CDBXS/gPnSz/H+f2s0N0EnPkGPX7LhNK5y+peC6cbxboIe0N8bJKAbavj111/VK0aNGqWVSHS5X71NpwciPsDvSMZDhw6JNfN0Op7PPAZ0khsqiCYIEsFN8CP15zWNCerrTDdKsaZW4gQesYCyAF0i9DjBlOwU/U6j2xS3nM71GNBJeujeU+al4kfa36lTJ5V7NCzIHilk0Vki+v/yyy/abHYCDU3O8cjDXLlyaT90yJAhmhRRzSR5Qobu37/f6XTP8XS8HC9kIzXHG01iY5AhO6VRQVmAZgUGsA9mDNVJpCFNblYBID+hJIxBXYcyA9kpVUZmg314jKeTXdIjBcyuXbv66uRYQUGBkKVmzJhRq4Om+WyOoddKRkulEbnopFiIF4sXL9akgyTMvgzDY0A/e/asgoiGnTlzpsHwkz2BkUojDWs2SgVmsG6GdTGUgvFiFi45DbweNUBWSrkAKrIOjwEdLqcYRSefEq8pVlnB4DU6F3oJHz68UBRidpgBjdSoUUNBp0GN4rFTFPSD0ahCUuaF8+F36/AI0FEsSDo6+DQb8Hb6oHiudbDai9Q+YcKE2mCmywRopqmM4eidUsjiWrxmZYFRKlyPohf92JgxYyrozAgCq5ViPAJ05B3FKFNZCxMmjPY+kXt07Fn5RXDs06ePNiY4DgqhOQG3AzbcDYdjEOQhhqPYhWFYeEorj0WkBFD4HrBZlcusoWNFLDDDI0Bnydu8efPUO2kSm8Yx3kgpFulH155GtDEM6xGRjdAIdEEthYZ2ggQJpE6dOgrkX3/9pZzPuVQcmRV8hwGQnwRt2nX0YDGYGR4BOp5O04KOD6sBAB1wTV/TAG0+p/WGJCSIUqZlJsDVFLPgafiaDhLlXwBkpS8xAINCN3SekI00sfv27augE1jN8AjQ6QjxoMmTJ9dACL0YoJ32BFBKvgAGH8PVxAV6hXxH9gqfr1q1SoMkFEPCRU0exUKPlA31w8oqDETXygyPAJ2HRTKy8JMghxc7gc1neDlczrpFlAvcbAbtOtYmwtFQE+BDLWbxKYkVHSPiAFRDv5Ql1xzDbDPDY0Bn7QqBE8BYW26lGWMAFiNRAoCKqL+gsYkFZuCt1KChKUNBLNcztXOCLUkYS/bMKgPuR4JkHR4DOkkP/VFaUxSo8E7ac6xJhMtZg4gqofWGvGRGVKlSRfnZAIbsI5ji5SxCQvlwXeuAylg+h4YnLwB07msdHgM6D40Op8MDRRDwKOtSg6F7j9qAUljvAjejRuBs+6CGg7dzDbOiwH4M9+G6eDv3oaZjHR4FOtOfrJLpbzJFVnOxHgZlQqUQPi9SpIiuVaSGYh9wMwEVridGsHyBPxaAvlAtO3bs0CDMjGrevLkqH/s1PAp0Ht5Mf/6EhcIVwZJqIUGRejhAobOtgc8OGt8hATkWtWLOM8vwiBcU1ag4Og2PA92AAD+T3ND9pwBGrZ3VuCyvwDD+DYpaKCLOZa0MlAPoJFTEBWjIr+GxoPsFyJd+jn6n2nju3DlVLkbJfO46XtA/h45L3xnQqeP07NkzRGyIB+KQ0wjwAlKniwXXZwZ0kx+ElP1XDTo1+C9ZlxJUx5IQOo2vwtOdHiwkf+YFPRis4wU9JINOsyGkKIP/99+BsiHYk/RZh/c/w3ThP7+0qyo/Qaf+EVTR3tPuY1c3Pp5udX/va3cR8ILuLr6OV/eC7giLux96QXcXX8er/w96FZUKb8FfUwAAAABJRU5ErkJggg==\" data-filename=\"image.png\" style=\"width: 93px;\"><br></p>', -1),
(353, 86, 3, 1, 1, '<p><img src=\"data:image/png;base64,iVBORw0KGgoAAAANSUhEUgAAAEEAAABeCAYAAAB8d3kLAAAML0lEQVR4Ae2bBYwUSxeF4eGEIMHd3d3d3d0tuDvB3Qnu7sEJ7hbcNbi7u3P/fPVTk97enmV2t3mP3e1KJjM7211ddercc0/d7gkmTpNgDgbigAAJHCYYQbh3755079490L8mT57sTQFcTDh+/LgECxYs0L9y5cr1exDixYsnI0eODJSvNm3aiEcgZMuWzRtSgeWLw4cPOyA4IIiIA4J/QAiIqdMqDaJrfmZCQEydVhnA3yAEpLTpLg36G4Q/lTbv3r0r3bp18/KaOHGivzKyO8r/tSAcPXrUm0PNkSNH0AQhfvz4MmrUKGnXrp3Ejh3bCzNgim/YEWCZoFffihnsZ3LmzOkxOwIVCEZ2BFkQNDuOHDniqxAJVEwwgmC1xXfHjkAPQoIECVwCGmRB0BP3KUQCPROMIBAimhk6vfL/IAeCBoX8CTsCNAjaINWrV8/lIK2EUU+aCZv9Q4AHwUr9rYAxf6f/xlUCYIBkwsOHD5XaE9N2vBYtWhTwNMFjL+yLAwOcMPpibh4f6oDgQwkNFN0B5O0OlLmAQnnN/J3Hy/IfHOhuog4IvxbDHUAOE4x3pXVV2Ux9JxxExAHBAeH/auIwwWGCw4RfmdURRgWEowmOJjia4GiCCwEnHJxwcJHByQ6/wiFWrFjenhkwP2Hyt/xdt25dywc2WVV/1ROsSuJ/83e2P7j16NEjW8rhdpTUPe1j8eLFrnA2fvAzE4yd/Feff/78Kd+/f/f35QM0CG/evJETJ078/SB8+/ZNHjx4IOfOnZNTp07JnTt35OPHj/4aOKv//Plz2b59u7Ro0UKOHTsmAOLX9keYwMRv3rwp8+bNk65du0qDBg2kQoUKUq5cOUGlO3bsKOPGjRMeyPKUzj9+/BBuzy1dulR69eolzZs3l2LFiknMmDGlVKlS0rp1axk6dKhs2bLF14DYDsKLFy9kwYIFUqdOHcmUKZOkSpVKsmTJIvny5ZNChQpJ9uzZJU2aNJI6dWopXbq0jBkzRi5duuTjIrLKa9asUaueO3duNemaNWtK1qxZJVSoUJI8eXKpVauWFC5cWF0DkA4cOCAA50mzFYSXL1+qZwuZdOLEiSV8+PCSKFEiSZs2rbpRw93hDBkySJIkSSROnDjqM6C0bNlSbt++bTleAFi4cKEUKFBAKlWqpBjEBHfv3q3ACBMmjOTJk0c9h7Bx40bp06ePFC9eXB27a9cuyz7NX9oGwvv372XFihXKkEDNSZMmSbp06SR48ODyzz//eHmFCxdOChYsKKtXr5axY8cqpvTs2VMA0dg+ffqk6M0KN2zYUE0UPSEroAOwDDbwznMIrDxMhDUAxuvChQvGLi0/2wbCtWvXpGzZsirmb9y4Ia9fv5Zp06apx+wAQpso6Asb1q1bpwb99OlTGTJkiAqdVatWeRkk7ID2sKlVq1aqP/oEYB7YTpEihYwePVqFV6NGjVz/B1jO4wH0Ll26eOnT6g9bQPjy5YtARQa1YcMG13UeP36s6BkhQgQXE5jQ9OnT5fPnz+o4Vo/MgcgRFrohmNA+adKkUqNGDbXiPIuEnhAaPLFSvXp1OXv2rGIJIZg/f37FPo4DaPok3J48eaK7tXy3BQQoOGzYMBX3xgsyQRjSpEkTCRkypESPHl0GDRokr1698jIYVL9Tp05K1HT6fPfuncyePVsJKKlwxIgRSltixIihMsPy5ctl37598uHDB+X958+fr9jC/xFdfrmnz9+xY4eX65n/sAUEJs4PSFFuvcL6QkyYdIguJEyYUMyU57hnz55J3759FYhMnsZ5ZI6MGTPK/fv3VayTdcgorPCyZcvk69ev6ljEk9TJ/4oWLao+oy8wicyBVvnUbAGBQUydOlXSp0+vVl5fkDBhIKRHNIGwIJVduXJFH6Le+X0DbEFT8Bg0RHHlypVqVQ8ePKi+Y9XXrl2rnkHCd9A/bMOA1a9fXzGFVed7jl2yZIkKn9+5SltAIH7379+vVJrfGTEwvrt48aJUrVpVhYIWxihRokiHDh0EQaSxmnv37lUTI7/rRgbAYXIjGJboVb969apKjbVr15bTp0+rlLxp0ybp3Lmz6gNW0RDVpk2bKmaQuXxqtoDABbDGpEbEaefOnYrCbdu2lbBhw6o0qUEgU+ARhg8fLm/fvpXLly8rYeM80pyxEWYAgL8gncISWIFYVq5cWQkjdMeJwqRkyZKpa6NRZAhEccaMGcYuLT/bBgIrxSTIzXgAUlrUqFFdqVGDwHuIECGUYerdu7c0btxYxT3xrkNBjxQ2nT9/XtluDNGECROUsGKQAKJkyZIqvZYvX16lUa6HnR4wYIDyKz169FB6o/tz924bCFwAZScmK1asKNGiRVOWlnSVOXNmpfwlSpRQq4NjjBgxoqDkRYoUUXkfVlg1hBZwAYuVTZkypQACfVJHOHTokAwePFhpB6zj9xCkUADGr3jSbAWBCyJo1B9JUVWqVJG8efOqHM8EWE0cHlkEa4tLJP2ZU6Z54Agd+wsmGzlyZEV7+gFUANd7EnwK6ZHjyCieNttB0BdGnQGDfM5vlQYOHKjie/z48UKFB19v9BT6PHfvhBvGCIfI+cQ6TpO9AoDPnTtXXQu/gND6pv0xEIyDIFsQKngAVN8vDb0g92ulpx8YQhgZtQQmUvrzTfvjIDBYBk4uxx5fv37d1/t9qwkhmmQB2LFt2zY1cbNRszrP6rs/BgIrRLyj1Gx2qC8Qv2xsyBz9+/dXtD5z5owChryO6fKpMXF+ow3lcahkAkwTWsMuE+tNamRSHOtpsx0EVuPkyZMqVrGwKHW1atVUTkccqQRRZ2A7jYiRUhFI9gGa6laDByAcJAYIYUUUEV18R+jQoZUzZENFtilTpoygPWZnatUv39kKAuKFGDJpBkoZjY0PdUB8PTs/CiykMiw0oPAdO8MpU6a4G6PaliN8GCpMEltp9gP0iedge04/7B8wVTAPgGCcJ2nSNhCgn3Z/TG7OnDnKu7NXgA2EA46SAghVJ1R969atatCECKwh55ub3i8AAF6BYgrWGFAwR2zMMGDYcWoHiC/6A1CMgztg2qKb+9Z/2waC3i2yiWIApEbsLC9SGmmLoit1R1Zdp0fUHIMFCBRGzOLGSrL/IPZxj4DNhoi7ScZiDWBgpKgq0RBN0ilA8HsHn5ptINy6dUsVPzBIxDdU5TNen4lSE2RbDAPMAqgBJFRgk26kPs5DO/REKNSwWSIEjCDABnSGnSjAkZXoC82BhT4120AgVYF6v379lHozcF3MYJKoNpOkyGJurC7A8X+2v7oBFqwBPLIHoUE9Im7cuN4A0HsTQgTLDKMIG0waGzCfQsI2EMgI7OjYHeLk8PbUGWmYF0QS8XJnltgWUxIz/hKeGyxMAotMX7CAuNcTtnonLAgVzuUcQpMQ9UkgbQMBb0++RvxYPZgAO2isCL4APWAi5kZWwVNwDgVY3UiZ3MDhe/wE3mPmzJkqs5hDQQMSKVIkNQbO5VrsJBFVcwjqa/BuGwiYGPb0bKNJVYQGKYpcjSasX79eTQaAmLSxIZIMFvZAe92w22QMQGB/gEagPdzFsgIBv0BqhpVaQPENpGifmm0gEK/kbuIXNhASlNVIa3v27FH1fxwe1CZb6CzACrHahAp6YtwHMHCKNe3bt1d5f/Pmzeo8tAZgzEBQYqeSTR+AyXmAorXJHRC2gcAFWFFozwABgsoSW2bSHwNC1ZksQKEd3DekCAt7cILcvzQ3bcBwg9yEocCK6lNLwHTpMKA+QYqlXkmpj2sDOPcpdAXb3Lf+21YQoC8TwQbj2KAiKYvVgOrUC8nliBfldwSMu1SkMSjsrukUi/GCXdyfQDBxmoCAa+R+BvsJSv+kZ65NJcp8V8vqGraCwAWIRQoarFizZs2UKCGYVJOwylCYFWQPgWpTGmOTxR1qn1aM8CGDUIZnI4bYUVMEBEClkkVxBQDYSMGy3xVrNCC2g6A7hsZsm9n0UI5nogyOuCcNogNkAkryDILKtNYJ3YfVO6rP8dQkcYSEALac8Jo1a5agG76pKnGNPwaCcQJ4A1YZzdA3V4z/9+tngKYET5WKAotf278Cgl8H5+l57gyYp+cHChA8nay74zwGASFjFxgYX2ywrJ5xdP04FOuJAAX2l3HjphnjAkF/ERTfHRCMPxMOigzQc/4f2ffKuXRoIu4AAAAASUVORK5CYII=\" data-filename=\"image.png\" style=\"width: 65px;\"><br></p>', -1),
(354, 86, 3, 1, 1, '<p><img src=\"data:image/png;base64,iVBORw0KGgoAAAANSUhEUgAAAEEAAABeCAYAAAB8d3kLAAAMNklEQVR4Ae2cBYwU2RPGFwkEh0Bwdzjc7XA9HO5wd9fg7m7hcA0uOdzd3d3d7nCOO5z651f/e5veYZhdlp5kd+lKOtMz2/v6ve9VffVV9ez6iGPi42AgDgg4geMJVhBu3Lgh3bt3D/HHjBkzvmAAX0/YvXu3JEuWTIYNGxYijyZNmoiPj48UK1bMMwgFCxb84oKQ8sG2bdscEII9CC9fvpRz587Ju3fvAu2YXgXhzZs3cvbsWVm1apVAOiNGjJABAwbI5MmTZenSpbJ161Y5efKkHDt2TI4fPy5Xr16Vjx8/elzM58+f5dmzZwJPLV68WPr27StVq1aVfv36yZw5c2TTpk1y5coV+fTpk8dxrD/0CgjsCrszbtw4+e2336R06dJ6ZM+eXeLGjSuJEyeWn376SQoUKCAVK1aUhg0byqxZs+Ty5ctfBYHFv3jxQrZs2SJdu3aVX375RYoUKSLx4sWTMGHCSKxYsZTYypUrJ3Xq1JGZM2cKWS0gZjsIr1+/lg0bNkj16tWlUKFCUq1aNSlTpoykT59ekiZNKtGjR9dJhw4dWmLEiCHJkyeXhAkTSvv27eXx48du5wwA9+/fl5EjR0rJkiV1vE6dOimAjAmQvJYvX16Bb9CggUDkzZs3l127drkd0/qhrSC8fftWdu7cqZMpVaqUDB8+XEg/mTNnlnDhwikDhwoVSiJFiqS7OH78eJk7d640bdpU8BJC5v3799b56fmTJ0+Ea3PmzCkdO3ZUb8AjAIRd37dvn47Bwvfu3SuXLl2SiRMnKlhVqlTRUPtiUMsHtoHAbuHONWrUkKJFi8rs2bOlbdu2Ej9+fF08eZgjcuTIUrZsWdmxY4eSGRxw/vx5adasmYYHPGG1f/75R1asWCH58+eXdu3ayd27d9UrunTpInny5NFxAB9Qfv75Z919QPv7779l+fLl6o2A/ODBA+uwfs5tA4GJMNk0adLI2LFj5ffff5eoUaMKO28AIASyZMmihAhoxth9dhDwWrdubT7W1zt37kibNm10MYBFuEGquXLlkqFDhwr3xVj46NGjJVOmTEqQECMEylwyZMgga9eu9TOu9Y1tIBDPgwYNknz58umCatas6QcAwACUxo0bu01n7BSEh2p7/vy57xxPnTqlbs/OszCyCWGQIkUK6dGjh0yfPl2PqVOnqqxPmTKllChRQk6fPq1jHDx4UHLnzi0DBw70HdP1xDYQbt68qQuEnM6cOaMxb/UCzskMpEh3Rr4ndWbNmlXTKtfgLXgI3gPbk3VWr14t0aJFUyIsXLiwWA+yDSAA0IIFC/Q2eA9zqlu3rrvb6me2gUCswgEQIiCQGq0gEBJ4AvHpTgvguqNGjVLys6a2AwcO6E6Sbvm9o0ePSvHixSVt2rSqOxYuXCjmIDz4nNR54sQJXSAegee0aNHC+yC8evVKcEliEmThhAgRIvgBAk5gp/fs2fPFhK5fvy716tWTypUr+wmXixcvqhhiJyFJCI9dJpvAASabAOKECRP0/oQIgH348EHFE3PCy75mtnkCN8V1c+TIoSy+f/9+adWqlcSMGdMPEFGiRJFff/1VDh8+7KvqEEFMHLYntVkNriHVAt6SJUt0cXhdhw4dlH8AFCBIzeiSRo0ayZ9//qljoxxJ0WQNuOVrZhsI3OCvv/5SQQNzE/sM3qdPH80YhIYJD8KiQoUKMm/ePCUwAMCFETe3bt3yM1d2EzJEAHENEpxMwOIhURZ95MgRadmypaZRNAPcQRggqNAWpGuTRfwM/t8bW0GAyNglFg4QyGFSFMyMDmCnUInwA+KJdIraw3uQuyzWnbEAFof6ZIxevXppOu7fv78qUTwLQcZ7OGPatGl6LUTJ/SFdT2YrCNyIsGA34QQKG1ycydeuXVuZHIkMNwBE+PDhJXXq1Hodk0UTfM3gA0iyZ8+eqifICshxMgXjxIkTRwGtVKmSegRKkgIL7/TPbAfB3PDff//VXWFxCCCUJLtNMQU4sPXgwYNV+MAPpLKHDx+aX3f7iqcRCgif3r17a0omJFKlSqXA1KpVSzp37qyeQAHHhgTEvAaCuTnxiRCipIY4t2/frm5P2FBqB8YQTWQJtAljsuMQI5kEIoVHvsW8DsK3TMa/a1kcstmT4S1kC/+us47hVRDwAuIc9l6zZo3Mnz9f/vjjDyF9Xrt2TfO+dTL+nSOnN2/eLOvWrdPKkHOEEp5AQYa3cS/eEzYBNa+AAB8wGfgAAUTVSHrjoEiCF4hfukFMHtLzzwgB8j76gLSHFKZGMAeqEKEF78A5jx498m9I35/bDgI7gM6Huen6kAXIBpTQ1A6kyLBhw6pmgNkhNtpuVqnsO7v/TgCV2EcLoP4iRoyoY1Ad8hiAXgPgokMYm4xDusQzAmK2goDyo0lCJcnO0E2igYJmIJdzsFOwOcqROoMeQd68ebUCROm5GvFN9qAWQSPA/ihAWmpJkiTRzDNkyBDVGoCQIEEC9T7TWyDs/DPbQIDpaXJS3CCSEDdIYHaF3E2bi2Yq6jBjxozqAVxz7949lcUIpjFjxvjJGJAci0D6AsD69evl9u3bust4GIumPsHDjMehHy5cuCBTpkzRzeDJmX/8YBsIpDxaX0zCVHCkRvI5i6a4QRHWr19fYxr5yyI5WBi/i0dYXRhgly1bpiGA9CU7mHKakGDhBgwAoX9pmjKkSkIlW7ZsSqaevME2EChQiG8UHQvDIDNabkhmQgOXpjeAN1g1AqKGiVAZ0jY3hniicQKhPn36VD8m5KgIrSAYIACBGsO00ggj2nJf62GY+9gCAotFrLDjixYtMmPrKzGNQKJOgAjJFpS9rkbBQ9agu2TM9CxZGMCyODyK0GHnjSeYV8MT3bp105Y/DVeAJxN5MltAYII8DGGXIUar0WdAH9DxSZQokVaPKDtXI1TgE8LHGA9jqAFo3yOrabHxYNgs2t0r4FC+E3bwAmmTc09mCwjcgFgmLRLbeAZG9ccNWByZgB4kmYJnDDxHMEasb9y4UUFE6Bij+CHVASBlNgDgTRxkF5NqAQMvIBOZn5MluBecQMfJk9kGAvFLiUvVSGgQ5/AEFSQlLSHBomiQUPYyMUpcAGPHabtBqggiY4AIgeJBjEH2mDRpkh6kRa43YcHDF0p283Pmki5dOm3GIMg8mW0gwNoIGpQcKRFWp1LENfEEJod7QpykTQ7qfuKWz0zzg3GshuwmDNhVmjCmN4CEpu+IF+AReKEBlUxFZmBMQIdMPZltIHATipaVK1cqm9MOQzHy8AUiY9c4EDF4As8jmSStecQVk3Y3WTyKsphWPa1zsgV6BJLkFZB5DglQqE7AJxuRFSBZa9h9DQhbQeAmLAQXZiJkCyZIfJId2E1kL40VBA7PIQkXZLanyeIdZA+eQKNEARMBRaYBaHgAbyML8CgOT6SpQ5gFxGwHgZtCdHSXIDl2g64SPUUkM+FC2oIc6U6zONcQcDdxMpCpIsn7pE1CAP0RO3ZszQKQJ7xx6NAhPzrE3XjWz7wCgrkBrowmICVSPuO+kCbPJSBSwPpWAwwaKshp2m1wDaSKJIc/rCIsoGN7FYSATuJ7rkNJUrZ/jwV7EEixAQknTyAFGgSeGCFPg9tB3eJqgQaB0tidbA3qn9F8cbXvBoE0hyAJ6gfkyQZ5BQSaHcHBkO0OCA4IogWc4wmOJzieoLztEKM4nuB4gtEwTjg44fB/X3A8wfEExxMMLzqyGSQcTnBAcDjB4QRfBJxwCMbhYHdLn+9WB7vOEo/rmLTrwd830dnmga/5mafPTJfZXBusus2AYNr51gXzJS6ML16Yhbn7zCzW6ANzrfncyhff/dzBWy13QOARfEAW7IDg46NfCnEFiy+B8LUAvvRlvIDXH8oTrAu3nv8wIECUfGncehheCbEg4Po8HfeUBg1BhkgQ3O06fz/paiEKBEN4ZtdNZnBdtOv7EAWCleQ4/+FAcOf61q8Bu+6+9X2w9QS+zkuu/1bXty7enAdLEPg6njXFcR7QXTcLt756FQSzW+xYUD6McvRKinQlqqD+3lYQ3Lmrq/sGxffuNESgq0hrvAX3cwcEEf3rHMKYP2RzNT//lNL5f4y7d+vfEbiiFFLeO+HwLeHAX6sEZR3wPXMzGsIjJ/CHVUEx3dk9J3fp05cYQ0rsB2YdDgjWf14dGARDyu/8D2HRdBaP/UzTAAAAAElFTkSuQmCC\" data-filename=\"image.png\" style=\"width: 65px;\"><br></p>', -1),
(355, 86, 3, 1, 1, '<p><img src=\"data:image/png;base64,iVBORw0KGgoAAAANSUhEUgAAAFwAAABBCAYAAABcp8MdAAAMiElEQVR4Ae2cdYxUSxPF4RGc4O7OH7i7u7u7u7u7u2twJ7i7BHcJ7u7uWl9+la/JcLm7sDAXlt3pZN4w1nPndPU5p6p6XwDxjD+KQAC+7cqVK9KhQwfPzc0YTJ069bvFVMB37twp8eLFk8GDB3tubsKgXr16kj9/fq8Bz5Ejx3cvep74dQQ2bdrkAfzX4fP5Jz2A+xyz3/qEB/Dfgs/nH/7nAb906ZKvdFFTpkyxXY1/HvBt27ZJggQJfJWLql+/vuTLl8/vAp47d27bH/e3nty8ebPzgH/+/FmePXsmN2/elNevX/vot3758kVevnwpp06dkuXLl8v06dNl3bp1cv78eXn79q23cxHh/grw58+fy/r162XAgAHSqFEjqV69urRu3VpGjx4tu3fvFhbCu/Hx40c5e/as9OjRQ8qUKSMFChSQwoULS8GCBaVChQoybNgwuXHjhpdT+BvAicr79+/L2LFjJU+ePLqFKleuLE2bNpXy5ctr1BUvXlyWLVsmHz58sAWM6N27d6/UqlVLMmTIIJ06dZJp06bJ4sWLZfz48dK4cWPJmDGjtGnTRqPfbhJ/AzhgDxo0SLJkySINGjSQuXPnyqJFi2TDhg2yZcsWfQzw2bJl039bI50FI7KrVq2q75k5c6Y8fvz4K6afPn2S69evy/DhwyV79uy6kPfu3fv6uvmHvwD8zZs3smLFCkmXLp3SCBaoVatWUrJkSb21bNlSX6cWU61aNcmZM6ccP37cYKT3T58+1d2RKFEiGTJkiJdcDci9evVSJzJjxoxv5uCBvwAc72uApPJVokQJrQ9069ZNOnfurI+LFCkia9asERSbXdC+fXt59+6dAka0HzlyRLJmzSqxYsXSHWJdEN4I5ezZs0cqVaokIUKEkGLFisnVq1e/Ad3PAw4IS5culaRJkyrHAkahQoWURnAaiCi0UrZsWQUeQWUh0qdPL8eOHVOwcDFz5syRsGHDajUycuTIUqVKFdm6datAJYwXL16oY0FAQ4YMKYECBZIUKVLIkiVL/BfgDx48kN69e0ucOHEEg4+orV27VuBkMwB05cqVkitXLuXeVatWSfLkycVQAvzfvXt3CR06tEY/lIM74TZ//ny5du2aiiZ2j4WiYhkqVCjlekrFrsPPRzhgIJIxYsRQAOBuopFmxa5du5QC2PaA2q9fP0mbNq0giIDas2dPxYrXqQvHjRtX7V/Xrl1l9erVagPRBegK11KzZk1ZuHChtG3bVtgFpUuXlhYtWrji7fc5/MyZM0oVgAWtIJgTJ04ULCERSUpbo0YNjVCcCxHKAuFY6tatq2CdO3dOwWUxoCPcDovGDgDY//77T5IkSaKW8u7du9KxY0eJGTOmLgQ+33X4+Qg/ffq0ghQ9enR1DkQqoggQJD9ENZEJ1RhbCJ2UK1dOFwKwEF0WBVABnKQHK0mikyZNGuVzFoOFIvNEcKNGjarzNWzY0BVvvx/hUAdbPnjw4MrBRPDAgQOFqCVrJMnBX/fp00cBjRYtmoQJE0YppV27dgrWnTt3NGojRIigTgWux9VAO7NmzRIWddSoUfoY/uZ55sibN6/O64q4n49wfHGXLl3UNUSMGFGBQ0hdBwJ6+/ZtFUYcRuDAgVU0yR4Z0Ac0hBAmTpz4Kz/jbkzt5MmTJ7JgwQIVUuYIEiSIpEqVSussrt/l5wF/9eqVRiEAZMqUSaPZFQDzb7z2yZMnpWjRohIwYEC1dIgqg51AUoQGxI8fX7l9//793zgd3sd34eOhpqBBg2rGyZyuw88DDpCAgC8m5bZGtysYRPLkyZMlWLBgKrRkl2YghuyUhAkTfhe15j3cU4EcM2aMoBl9+/b9ri7j5wEHBKqAJC1EKFVBVyANWCzM5cuXpVmzZip4CKPrIMrJIjkygKAS8XzGdZBI4eHJZMkyKddah78AHFGrXbu2NG/eXN0I7uTixYsaffA3iQ8UQeUwderUmpEihtZBVkplEDBxK/A62ebRo0c1mUKMKdNStt24ceN3lMN8/gJwIvrAgQOCJ8cjY+EqVqyo5VUyQerhgEitBDqgsWDSeivo8DRiiUc3dXDKukQ+/M+iUcI1Kb/18/4CcLY+hSjuaQ6Q/BDtRCJgAT7ZIx6aKAYs4z6sgPGYubCV1M5Hjhyp1UEcDSUDPLt3w18AbgUA7423PnjwoCYwVP6wdb8yWBwoybU24908/hJw7wBx+jUnAUeXyHJ/9oYjY/yRJrI7gGWnQFF4bRIsq2ux+w4nAafcECBAgJ++maMRjgLO1qcDBAfTaZ83b55s375dbt265aXQWYFDhOkgUbKlbEDnCBGlLoOgetUTZR6nASdPoCP1oxt1H8cBh28vXLig9Q2yQb4Qd4HbwDZi87xLjFgsuJ/OPJXGUqVKqSuhYUGvE5/PnFQRSYDshtOAU7/5meEa1a7/tn72l09e4Szw2nXq1NESLFZw3LhxMnv2bG38mk48CQ8JkN0g2yR7xD5S8yahYmdQS58wYYL2TAGe1zkd8P79+++mcRpwGi0/w+FUOh2LcCKTiiDtNUqzHNyBc42zMBVDOkOUafHqJkJ5D4vF+7GNNBywkHToGXyWhWSn0IQAUJNg7dix448BjmAC4s9wuGmEc2qB4fYIx/KNGDFCtzzdHDw2PI4dZMtQQwFYKoZ03KnyAa4ZRDYRC/UAKik+AsmN9J1aOcWqzJkza8Tv27dPo4eWnlk4M5dTEe4TwTSRba7JrYDD22SZcC7NB8CHBiZNmqRJD+dQqIWfOHFCRRPHATeTDD18+FCvCcqAaihqxY4dW2mJ8gCLR82cxgSFMQBncfgOEiIyWmuUOw34j0TTVSwdAZyCEqej6OKQGRIJpN90aii1msYwIkpDGKrg/SlTplR64KI48IPqUyenJk5dnQWEfngff8jFzoBuiHgin+IWzQ52hutwGvAfiaZdNNs9Z67Zx6JJxHEkjcYBoFBc4qgbPEybLVmyZFovB3AiFP6mogh41FUYHPiEl4lk6IMopxmNq0EsKY4BLN0i3A70RQeIqGcxXIfTgP9INF3F0lyXWwHHb8O94cKFU8Fs0qSJVvIQGRaCdhicfvjwYaUNWmSADbiAzCBqaTpzI3IRSDryFMMQVNwIFUPsIUUwFheLSCMZyqLD/+jRI53LacC9Ek0jlOxUI5ZuBxww+LE0dCNFiqQAmuKSiXwAZyCaOBEik9NVtMkobDEH3h2wSXIQWs6j8DkAZ1ArZ1Ho5rN76GfSQw0fPrx2mThcZGrwfwtwq1Dqhf//P26LcCKPH0iNmx9PY4CjEIihFXC4niwRn87fehKdUI5J3+F9+JquDyeqyDLJNnEzJEOczCKqqZNDN3hhdIJdwqKZ4TTgdqJpJ5Tmerh3G+BMhgjiTgAQH84WBwwElHt8uYlOqAKOh3ZwGKTqDESTujlRyzxRokTRrj0JDvPB2WxVACeaWQD6oYgmeuA6nAbcTjS9A5Rr8+51H4sm3Nm/f38VR6KRbQ+wUAKixokshBDwyD75cs4DIqZkoQzoAOA48MNO4ZgE501IlMgseS/0Y7WFRDh1GtfhNOB2omknlK7X5FbAoRUaA9AKUYpH5pQs24xopdfJQU5aalT+8OgcXyZy4Wi4HfqB21kUxBT/zc6h+0MksyuwlwBO8kSdHc6koGW42/xApwG3iqYRS6tQmuvh3q2AMyFAQhNENO0zRA7xJPkh4g8dOqROg+yTXQCdkNjwPgaZKC6ERSELxTpiFRmAzulcopwsFBfDd0En9Dutw2nADYcTUIDvnViaa3M74EQ5XMS5FEQRC8gAUMSSwT2OhlIr1g7baB1ws0lw+LMSIpkIpsLIAsHh6ATfg4enE2QdTgNuONyk+n8FcH40wkeHA/6ll0m0UhMhaQEE/lQEuwfYCB9UYh1kkOyWoUOH6m6haczf9eDnmRMxRRsojhnfbZ3D3wDOD6eQRPpOFJOamyMNAE1kEP3UPgyVWMEyjwETl0O0I7gkQfA1xyRYLLvINp91GnAjmqZy+Nci3PxgOJdqHhGOeyH1pqHAeROi3S6yzWdd73kfc5HJQi0cGvWu028+6xTgnIO36/J4J5bmmtzO4WZi6z0JCVTzo4i2fu53HgM4mSxVRt9yM90vu9/lYx9uN8nffM5oADrgm27scLvxzwNu96N883MewP/w6ngA9wD+hxH4w1/niXDfBjgFKd9it/zCdfDHB1RXrUP/R5EUlHyT1fIr12L983XAV8Ctq+B57BwCHsCdw9Z2Zg/gtrA496QHcOewtZ3ZA7gtLM49+T8hZ9eudy5m2gAAAABJRU5ErkJggg==\" data-filename=\"image.png\" style=\"width: 92px;\"><br></p>', -1);
INSERT INTO `jawaban` (`id_jawaban`, `id_soal`, `id_paket`, `id_topik_tes`, `id_event`, `jawaban`, `score`) VALUES
(356, 86, 3, 1, 1, '<p><img src=\"data:image/png;base64,iVBORw0KGgoAAAANSUhEUgAAAF0AAABFCAYAAAAo9Oo1AAAMZklEQVR4Ae2cBYxUWROFcQlui7stsIu7Lc7isEiWxd0tuLO4E2RxtxUItrgFdw3ubsHdqT9fJXfy/qanh+npeT3Z7koeb6af9Tu37qlTVXcIJ36zHYFwtj/R/0Dxg+4FJ/CD7gfdCwh44ZEBnn7+/Hnp1auXf/MwBgsXLvxqWANAX79+vYQLF86/eRiD6tWruwY9c+bMMmLECP/mIQwaNmwoQYJeoUKFr0bF/4H7CKxatcoPuvvwuXelH3T3cAvRVX7QQwSfexeHCPSwKifnz5/vHho2XRUi0MOqnKxcubJN8Ln3GI+AHpSkbNy4sVOd//3333tchjZq1EiCA/rHjx/l9evXwUbvw4cPcufOHdm1a5eQ6EydOlUA8+TJk/LixQuX9/MI6BUrVnT5kHXr1jkFvVKlSi6vc+fgv//+GyToL1++lP3798usWbOkX79+0qVLFxk9erSsXr1arl+/HuRj3759q2C3bdtWfv75ZyldurSULVtW9zVq1JCxY8e6vI+toFtnBN7vDdAfPnwos2fPFhylSJEiUrNmTfn111+FXIStc+fOcuTIEfny5YtT8PFiBvaXX36R4sWLy++//66evnz5cpkyZYq0aNFCChUqJN26dZOzZ886vYetoFtnxNq1a20H/e7duzJmzBgpVqyY5MqVS3LkyCHz5s2TU6dOyebNm2XkyJHqrXXr1pUdO3Z8BdinT590hlSpUkWqVq2q4FupieNXr15VymRAunfvLo8fP/7qPraCnj59+oDCWe3atW0FHXD++ecfKVCggHTs2FGBSZgwoVILg4E9efJEFi9eLOXLlxdSdajmzZs3Au9jnNe3b18pWLCgDhKfA/SlS5dkyZIlsnfvXoHr79+/L8OHD9fzVqxYodda/wlV0I2kBGBnRTM76eXcuXPSoEEDHWh+XrNmjX6nVKlSqffD89iDBw9kyJAhkilTJmnXrp2eB5BsqDUoCeDh9WfPngkzluCdJUsWvfecOXPk9u3bcuLECalVq5Y+k3taLVRBDyyAmgGwC3S8fNGiRZIvXz6ZOXOm8rUBPWLEiPLjjz9q8Js7d6707NlTypUrJzFixBBiEJoffocmoB9myu7du5Wv8WbOzZo1qyRNmlSyZ88uRYsW1bjAu0+YMEH5fefOnVbMVeW4XfAyOt3K1da782Br8LRWKu0MpHgega1UqVJy69Ytef/+vdKBGfyoUaNKihQpBPrj5/Dhw0vkyJGV81E02LVr1wS1AqgLFiyQevXq6c/cd/DgwZIzZ06lKmIGA0FQ5pz8+fPrwFlxCXVPD2xA7Ayk0AkAIOvg9UGDBqnUM6CzB2g2fmYAAA3A0N8YdMG7QEclS5YUpCGzgAElCOfNm1cmTpwoT58+Vcpp1aqVOhz3QpJaA26og24NntYOlB2BlEB3+fJl1eBwbsqUKZUCYsaM6TTGAHjcuHGlefPmOjh4bO/evRV0giTeHD16dAUT7n737p0es4LOB/A/FMQgR4oUSbneqv89DroJngAcWAA1HhbanA7o0AK0lixZMokdO7aCZjzbfA+zx9Pjx4+v6gbJyPfDSzG0O/SUPHlyKVy4sPz222+CMiGYWkFH7ezbt0+vI1bA9W3atJFHjx7pffjH46AHFTzNC7IPbdB5QYLgoUOHpEyZMprMEPyQg2h063cxP+OZBESUCzTC+diVK1ekdevWCvjkyZOlWrVqyukkR/B4njx5NAhPmzZN0PHodBIoaIdkzGqhAnpgwdMEUlOLsQN0XhaKgTLgYTzz4sWL6v0GaDwcFRMhQgTl9WjRogkaPnfu3KrbuQeZ7NChQ1UyHjx4UPbs2aPJDxKSAWQGcD7ZKIP6999/B6iX7du3WzEPHU8PLHiaJ5vZYBfoTG0j9wAMM5IR4AGsZcuWmrgxMDgNHs/+zz//1PNRPHgoiRHOw+8kSwRT3oNBQk6OGjVKzpw5IwTvJk2aSJ06dTRZMu/OPlQ8PbDgaQKp4Xq7QCewwbs//fSTAgvvGtATJEigVAL3Mwvg7gEDBkjixImVXpCHJmASDDt16qRlBAIlxr0OHDggkyZN0nuiXtj++OMPHSDKDI7mMdBNADWAmqnram8X6Lw0qTn8i6dSsCIIkgDh2chBDP6ndkLw5Dy8/PTp0wGgM3hbtmzRwcODoRiuYaMcwB4aonpZokQJadq0qZZ/Qw10QxmuQHY8ZifogHL48GFNzamtUA0E2E2bNilY0AW18K5du6onExyt2toAR2aK96PjoVEqixs2bFCJ+Ndff0mPHj10UKAWVIwz85inu8o+TQA1e7sDqXnxV69eybZt2zTQpU6dWlUKdXRKA1AKtRJUB0kOSU9g9vz5c50teDIDyEZdHV1P9ZHaDJVLPN+ZeRT0oAKo+QJmVtjp6ebZePTx48c1da9fv77KO743tRBkIt5KtTEog+eh1JUrVyqfE6gJquh7OkquzKOgp0uXTrUqRSNXGx4F1XgDdMD4/Pmz4K2oDOgFfifjpC5jyriuQHM8xv2Cc53HQCd5YLSDsy1btszx+4f4929p14X4ISG8gcdAD+H38NjldoNuZg2aHer6FvNJ0AEKLX3s2DGlFrr5BFi0uiuaMNIQYLkeaiIQt2/fXhMhimPU5JGggQVRrvU50AmAZKX0L9HoSD+z0QGiemgtTlk9l+SJ4EmSRDKEWkG1UDZGglJr4TN+37hxo0pO7mW6UuZePgU6L49yIoEjeRk4cKB6JknQuHHjVEpSS6HIZS3FGrAItCQ+JE80MyiA0cih63/jxg0dTI6jhAAf6cnzbG3XmS9r5z4wTic5IllBR7NRBrB6INkm4PXv31+TI/qk1uO8Aw1omhPZsmVTdUbhzNHIBaAdZlGaNGmkQ4cOvgs62rlPnz7aDcL7nHE3PHzz5k0FlK4R4FkNWqLPSjNj69at1kP/9zP1GHqy1HVInMxqA3OST9ALXkyqTgmWBgT1bfjZ0QCdYEopIEmSJMrTZt0KQBJwY8WKpR0o6MjZwHFPPgdYQKfUSzJmNZ8AnSLUsGHD5LvvvlNPp0kxfvx4uXfvXgAWAEWyBF9nyJBB4sWLp15t6id4K+qEpI6mNQuWnC1IYuDIWegWUaOHihzXvvgE6HBxs2bNJGPGjKo2qJ/T0YG/OYa+hjooUpFVAzoNZc6BJrALFy4INSNaftTa2ZNZMyjEC4w9DRNojDYdTRHK3HSarOYToDO9CWwoFoBCveC18DOBkRYbn6NcoBbUB41sFobSLcKOHj2qLTooCkDpNsWJE0cHkYoknaLp06frwNCP5ThNbECnJGI1nwCdFboENIClDk4zhYDJehW8H2AIjng15V+qh6x1pDbEglKMz1mCTXEM9QOoUA0UkihRIo0XadOmDVg3w3FWFtDCYyCt5hOgAxjNYpIgQMfLUTM0NZB1UMkPP/ygdXKyVEDnd5ZQUKbFkJMkPcwY9DcUY/oDAAz4ZiD4PEqUKBpw6VYxE6zmE6CTRdIsBkjj7fAuPU0a1rTWWDINvRBI6fQzGMhGKANjZnCMDBSNTzA2oDvbs8aGc1EvlIut5hOg49XwKlyM5+HZAE4gpYGMHKT1hodDEWxQBtRAOo9RCqZLxFILOkfUXGhGW73bgA/XQ00MKCrHJyUjoJLqw90AyiIgFIW12YCWp9sD/+LlLDqilmI6SCgTmtGk96wcILDS9KDPagWe5RssSqJLxrksy3bMbH3C0/FUUnYKWgBKAKVK6GhUH+mTQjUslaZiaK0WkiiRFDEDoB1WAdAThZYIyMwCZgucT10GLzerBqzP8hnQWU9Oaw2OpSIIuI4GqCyZQCpCDY7pOwNAQOV6Cl4shUanU/RiJrFRpUSGMhBUInmuo/kM6Lw41T54menP3xnBzfx1HGtdAAKO5xiJFF7szEyPlRo6ns2aRhQOdAKVIE0pNRCcWfbhzHwKdADAm5cuXapgobkJeMhJ5CF7VI2rTj73gN+hK2gEr0e/I0dJulivThvSWW3HDIDPgc6LU35FUSDl+PND1qvPmDFDV4GZwGkAcrWnIULdHeXDIiQ6RtR5TFkgsGt9EnQrGBS6UDd2mkdA/9alF66WZXjqGMojOH8xbSfY5lkeAd0kBWFl/58G3Z21LsFZF+Puufz1cli2EHl6WH6xsPzd/KB7YXT8oIdV0MOSOvGUyvHmfSikufyL6bAaLN0NsmHlOsdmNRMu4H8g9cLs89lH+kH3wtD7QfeD7gUEvPBIv6d7AfT/ASSxwO5RNLIyAAAAAElFTkSuQmCC\" data-filename=\"image.png\" style=\"width: 93px;\"><br></p>', 4),
(357, 87, 3, 1, 1, '<p>Sempit&nbsp;<br></p>', 4),
(358, 87, 3, 1, 1, '<p>Menyambung&nbsp;<br></p>', -1),
(359, 87, 3, 1, 1, '<p>Luas&nbsp;<br></p>', -1),
(360, 87, 3, 1, 1, '<p>Banjir&nbsp;<br></p>', -1),
(361, 87, 3, 1, 1, '<p>Berkas&nbsp;<br></p>', -1),
(362, 88, 3, 1, 1, '<p>Kesopanan : Adat Istiadat&nbsp;<br></p>', -1),
(363, 88, 3, 1, 1, '<p>Orangtua : Nafkah&nbsp;<br></p>', -1),
(364, 88, 3, 1, 1, '<p>Tugas : Kewajiban&nbsp;<br></p>', -1),
(365, 88, 3, 1, 1, '<p>Ibadah : Amalan&nbsp;<br></p>', -1),
(366, 88, 3, 1, 1, '<p>Permintaan : Pemberian&nbsp;<br></p>', 4),
(367, 89, 3, 4, 1, '<p>Mimik<br></p>', 0),
(368, 89, 3, 4, 1, '<p>Khayalan&nbsp;<br></p>', 0),
(369, 89, 3, 4, 1, '<p>Tampilan&nbsp;<br></p>', 0),
(370, 89, 3, 4, 1, '<p>Tiruan<br></p>', 5),
(371, 89, 3, 4, 1, '<p>Pesimis&nbsp;<br></p>', 0),
(372, 90, 3, 4, 1, '<p>Perkawinan&nbsp;<br></p>', 0),
(373, 90, 3, 4, 1, '<p>Persamaan<br></p>', 0),
(374, 90, 3, 4, 1, '<p>Poligami&nbsp;<br></p>', 0),
(375, 90, 3, 4, 1, '<p>Beraneka ragam&nbsp;<br></p>', 5),
(376, 90, 3, 4, 1, '<p>Homogen<br></p>', 0),
(377, 91, 3, 4, 1, '<p>Daya tolak&nbsp;<br></p>', 5),
(378, 91, 3, 4, 1, '<p>Penggabungan&nbsp;<br></p>', 0),
(379, 91, 3, 4, 1, '<p>Daya tarik&nbsp;<br></p>', 0),
(380, 91, 3, 4, 1, '<p>Penarikan&nbsp;<br></p>', 0),
(381, 91, 3, 4, 1, '<p>Skema&nbsp;<br></p>', 0),
(382, 92, 3, 4, 1, '<p>Baik<br></p>', 0),
(383, 92, 3, 4, 1, '<p>Celaka&nbsp;<br></p>', 0),
(384, 92, 3, 4, 1, '<p>Selamat&nbsp;<br></p>', 0),
(385, 92, 3, 4, 1, '<p>Untung<br></p>', 5),
(386, 92, 3, 4, 1, '<p>Rugi<br></p>', 0),
(387, 93, 3, 4, 1, '<p>Kapal : Berlabuh&nbsp;<br></p>', 0),
(388, 93, 3, 4, 1, '<p>Kereta api : Langsir&nbsp;<br></p>', 0),
(389, 93, 3, 4, 1, '<p>Pancing : Ikan&nbsp;<br></p>', 0),
(390, 93, 3, 4, 1, '<p>Pisau : Mengasah&nbsp;<br></p>', 0),
(391, 93, 3, 4, 1, '<p>Kuas : Melukis&nbsp;<br></p>', 5),
(392, 94, 3, 4, 1, '<p>Ibu : Halaman&nbsp;<br></p>', 0),
(393, 94, 3, 4, 1, '<p>Gajah : Tempat sirkus&nbsp;<br></p>', 0),
(394, 94, 3, 4, 1, '<p>Unta : Kebun binatang&nbsp;<br></p>', 0),
(395, 94, 3, 4, 1, '<p>Ikan : Air&nbsp;<br></p>', 5),
(396, 94, 3, 4, 1, '<p>Awan : Langit&nbsp;<br></p>', 0),
(397, 95, 3, 4, 1, '<p>11</p>', 0),
(398, 95, 3, 4, 1, '<p>13</p>', 0),
(399, 95, 3, 4, 1, '<p>21</p>', 5),
(400, 95, 3, 4, 1, '<p>65</p>', 0),
(401, 95, 3, 4, 1, '<p>90</p>', 0),
(402, 96, 3, 4, 1, '<p>35</p>', 0),
(403, 96, 3, 4, 1, '<p>99</p>', 0),
(404, 96, 3, 4, 1, '<p>183</p>', 5),
(405, 96, 3, 4, 1, '<p>195</p>', 0),
(406, 96, 3, 4, 1, '<p>323</p>', 0),
(412, 98, 3, 4, 1, '<p>6,25&nbsp;<br></p>', 0),
(413, 98, 3, 4, 1, '<p>0,625&nbsp;<br></p>', 0),
(414, 98, 3, 4, 1, '<p>0,0625&nbsp;<br></p>', 0),
(415, 98, 3, 4, 1, '<p>0,00625&nbsp;<br></p>', 5),
(416, 98, 3, 4, 1, '<p>0,000625&nbsp;<br></p>', 0),
(417, 99, 3, 4, 1, '<p>3:4<br></p>', 0),
(418, 99, 3, 4, 1, '<p>2:3&nbsp;<br></p>', 0),
(419, 99, 3, 4, 1, '<p>9:16&nbsp;<br></p>', 5),
(420, 99, 3, 4, 1, '<p>27:64&nbsp;<br></p>', 0),
(421, 99, 3, 4, 1, '<p>4:3&nbsp;<br></p>', 0),
(422, 100, 3, 4, 1, '<p>10</p>', 0),
(423, 100, 3, 4, 1, '<p>11</p>', 0),
(424, 100, 3, 4, 1, '<p>12</p>', 0),
(425, 100, 3, 4, 1, '<p>13</p>', 5),
(426, 100, 3, 4, 1, '<p>14</p>', 0),
(427, 101, 3, 4, 1, '<p>1 jam&nbsp;<br></p>', 0),
(428, 101, 3, 4, 1, '<p>1,5 jam&nbsp;<br></p>', 0),
(429, 101, 3, 4, 1, '<p>2 jam&nbsp;<br></p>', 5),
(430, 101, 3, 4, 1, '<p>2,5 jam&nbsp;<br></p>', 0),
(431, 101, 3, 4, 1, '<p>3 jam&nbsp;<br></p>', 0),
(432, 102, 3, 4, 1, '<p>10 sisi dan 24 rusuk&nbsp;<br></p>', 5),
(433, 102, 3, 4, 1, '<p>10 sisi dan 26 rusuk&nbsp;<br></p>', 0),
(434, 102, 3, 4, 1, '<p>12 sisi dan 8 rusuk&nbsp;<br></p>', 0),
(435, 102, 3, 4, 1, '<p>8 sisi dan 8 rusuk&nbsp;<br></p>', 0),
(436, 102, 3, 4, 1, '<p>16 sisi dan 24 rusuk&nbsp;<br></p>', 0),
(437, 103, 3, 4, 1, '<p>Rp 3.248.000,-&nbsp;<br></p>', 0),
(438, 103, 3, 4, 1, '<p>Rp 3.500.000,-&nbsp;<br></p>', 0),
(439, 103, 3, 4, 1, '<p>Rp 3.848.000,<br></p>', 0),
(440, 103, 3, 4, 1, '<p>Rp 3.760.000,-&nbsp;<br></p>', 5),
(441, 103, 3, 4, 1, '<p>Rp 3.888.000,-&nbsp;<br></p>', 0),
(442, 104, 3, 4, 1, '<p>62,8 cm2&nbsp;<br></p>', 0),
(443, 104, 3, 4, 1, '<p>100 cm2&nbsp;<br></p>', 0),
(444, 104, 3, 4, 1, '<p>145 cm2&nbsp;<br></p>', 0),
(445, 104, 3, 4, 1, '<p>157 cm2&nbsp;<br></p>', 5),
(446, 104, 3, 4, 1, '<p>210 cm2&nbsp;<br></p>', 0),
(447, 105, 3, 4, 1, '<p>67 dm2&nbsp;<br></p>', 0),
(448, 105, 3, 4, 1, '<p>69 dm2&nbsp;<br></p>', 0),
(449, 105, 3, 4, 1, '<p>78 dm2&nbsp;<br></p>', 0),
(450, 105, 3, 4, 1, '<p>123,84 dm2&nbsp;<br></p>', 0),
(451, 105, 3, 4, 1, '<p>175 dm2&nbsp;<br></p>', 5),
(452, 106, 3, 4, 1, '<p>69</p>', 0),
(453, 106, 3, 4, 1, '<p>77</p>', 0),
(454, 106, 3, 4, 1, '<p>93</p>', 0),
(455, 106, 3, 4, 1, '<p>105</p>', 0),
(456, 106, 3, 4, 1, '<p>129</p>', 5),
(457, 107, 3, 4, 1, '<p>2525<br></p>', 0),
(458, 107, 3, 4, 1, '<p>2725<br></p>', 0),
(459, 107, 3, 4, 1, '<p>3075&nbsp;<br></p>', 5),
(460, 107, 3, 4, 1, '<p>3225<br></p>', 0),
(461, 107, 3, 4, 1, '<p>4225<br></p>', 0),
(462, 108, 3, 4, 1, '<p>176</p>', 0),
(463, 108, 3, 4, 1, '<p>1760</p>', 0),
(464, 108, 3, 4, 1, '<p>88</p>', 0),
(465, 108, 3, 4, 1, '<p>880</p>', 5),
(466, 108, 3, 4, 1, '<p>810</p>', 0),
(467, 109, 3, 4, 1, '<p>J, I, N, L, K, M&nbsp;<br></p>', 5),
(468, 109, 3, 4, 1, '<p>L, I, J, K, N, M<br></p>', 0),
(469, 109, 3, 4, 1, '<p>N, K, L, I, J, M&nbsp;<br></p>', 0),
(470, 109, 3, 4, 1, '<p>L, I, J, N, K, M<br></p>', 0),
(471, 109, 3, 4, 1, '<p>J, I, K, N, L, M<br></p>', 0),
(472, 110, 3, 4, 1, '<p>Kedua<br></p>', 0),
(473, 110, 3, 4, 1, '<p>Ketiga<br></p>', 0),
(474, 110, 3, 4, 1, '<p>Keempat&nbsp;<br></p>', 0),
(475, 110, 3, 4, 1, '<p>Keenam&nbsp;<br></p>', 5),
(476, 110, 3, 4, 1, '<p>Pertama&nbsp;<br></p>', 0),
(477, 111, 3, 4, 1, '<p>Kiki<br></p>', 0),
(478, 111, 3, 4, 1, '<p>Lala<br></p>', 0),
(479, 111, 3, 4, 1, '<p>Nina&nbsp;<br></p>', 5),
(480, 111, 3, 4, 1, '<p>Lala atau Nina&nbsp;<br></p>', 0),
(481, 111, 3, 4, 1, '<p>Lala dan Nina&nbsp;<br></p>', 0),
(482, 112, 3, 4, 1, '<p>49</p>', 0),
(483, 112, 3, 4, 1, '<p>50</p>', 5),
(484, 112, 3, 4, 1, '<p>51</p>', 0),
(485, 112, 3, 4, 1, '<p>52</p>', 0),
(486, 112, 3, 4, 1, '<p>55</p>', 0),
(487, 113, 3, 4, 1, '<p>66,67%&nbsp;<br></p>', 0),
(488, 113, 3, 4, 1, '<p>60%&nbsp;<br></p>', 0),
(489, 113, 3, 4, 1, '<p>50%&nbsp;<br></p>', 0),
(490, 113, 3, 4, 1, '<p>40%<br></p>', 0),
(491, 113, 3, 4, 1, '<p>33,33%&nbsp;<br></p>', 5),
(492, 114, 3, 4, 1, '<p>Coklat adalah makanan yang enak.<br></p>', 5),
(493, 114, 3, 4, 1, '<p>Jakarta merupakan ibu kota Indonesia<br></p>', 0),
(494, 114, 3, 4, 1, '<p>Kuadrat bilangan ganjil adalah bilangan genap.&nbsp;<br></p>', 0),
(495, 114, 3, 4, 1, '<p>7 bukan bilangan ganjil.&nbsp;<br></p>', 0),
(496, 114, 3, 4, 1, '<p>Tidak terdapat 12 hari dalam satu tahun<br></p>', 0),
(497, 115, 3, 4, 1, '<p>Jika mawar berwarna merah maka melati berwarna putih.&nbsp;<br></p>', 0),
(498, 115, 3, 4, 1, '<p>Jika melati tidak berwarna putih maka mawar tidak berwarna merah.<br></p>', 0),
(499, 115, 3, 4, 1, '<p>Jika mawar berwarna merah dan melati berwarna putih.<br></p>', 5),
(500, 115, 3, 4, 1, '<p>Jika mawar tidak berwarna merah maka melati tidak berwarna putih.<br></p>', 0),
(501, 115, 3, 4, 1, '<p>Mawar tidak berwarna merah, sehingga melati tidak berwarna putih.<br></p>', 0),
(507, 117, 3, 4, 1, '<p>3.798 cm2&nbsp;<br></p>', 0),
(508, 117, 3, 4, 1, '<p>3.800 cm2&nbsp;<br></p>', 0),
(509, 117, 3, 4, 1, '<p>3.978 cm2&nbsp;<br></p>', 5),
(510, 117, 3, 4, 1, '<p>3.980 cm2&nbsp;<br></p>', 0),
(511, 117, 3, 4, 1, '<p>4.120 cm2&nbsp;<br></p>', 0),
(512, 118, 3, 4, 1, '<p>4 dan 1&nbsp;<br></p>', 5),
(513, 118, 3, 4, 1, '<p>4 dan -1&nbsp;<br></p>', 0),
(514, 118, 3, 4, 1, '<p>-4 dan 1&nbsp;<br></p>', 0),
(515, 118, 3, 4, 1, '<p>1 dan 4&nbsp;<br></p>', 0),
(516, 118, 3, 4, 1, '<p>1 dan -4&nbsp;<br></p>', 0),
(517, 119, 3, 4, 1, '<p>15</p>', 0),
(518, 119, 3, 4, 1, '<p>25</p>', 0),
(519, 119, 3, 4, 1, '<p>35</p>', 0),
(520, 119, 3, 4, 1, '<p>56</p>', 5),
(521, 119, 3, 4, 1, '<p>66</p>', 0),
(522, 120, 3, 4, 1, '<p>15</p>', 0),
(523, 120, 3, 4, 1, '<p>18</p>', 0),
(524, 120, 3, 4, 1, '<p>20</p>', 0),
(525, 120, 3, 4, 1, '<p>23</p>', 0),
(526, 120, 3, 4, 1, '<p>25</p>', 5),
(532, 122, 3, 4, 1, '<p>Sandy&nbsp;<br></p>', 0),
(533, 122, 3, 4, 1, '<p>Sally&nbsp;<br></p>', 0),
(534, 122, 3, 4, 1, '<p>Sherly<br></p>', 0),
(535, 122, 3, 4, 1, '<p>Laura<br></p>', 5),
(536, 122, 3, 4, 1, '<p>Tomi<br></p>', 0),
(537, 123, 3, 4, 1, '<p>Tomi dan Sandy&nbsp;<br></p>', 0),
(538, 123, 3, 4, 1, '<p>Sally dan Laura&nbsp;<br></p>', 0),
(539, 123, 3, 4, 1, '<p>Sandy dan Sally&nbsp;<br></p>', 5),
(540, 123, 3, 4, 1, '<p>Laura dan Tomi&nbsp;<br></p>', 0),
(541, 123, 3, 4, 1, '<p>Sandi dan Laura&nbsp;<br></p>', 0),
(547, 125, 3, 4, 1, '<p>Tomi&nbsp;<br></p>', 5),
(548, 125, 3, 4, 1, '<p>Sally&nbsp;<br></p>', 0),
(549, 125, 3, 4, 1, '<p>Sherly<br></p>', 0),
(550, 125, 3, 4, 1, '<p>Laura<br></p>', 0),
(551, 125, 3, 4, 1, '<p>Sandy&nbsp;<br></p>', 0),
(552, 126, 3, 4, 1, '<p>Biologi : Ilmu&nbsp;<br></p>', 0),
(553, 126, 3, 4, 1, '<p>Farmakologi : Obat-obatan&nbsp;<br></p>', 5),
(554, 126, 3, 4, 1, '<p>Teknologi : Teknisi&nbsp;<br></p>', 0),
(555, 126, 3, 4, 1, '<p>Akuntansi : Manajemen&nbsp;<br></p>', 0),
(556, 126, 3, 4, 1, '<p>Phatologi : Peta&nbsp;<br></p>', 0),
(557, 127, 3, 5, 1, ' Ditengah-tengah kesibukan pekerjaan, saya tetap mau membantu teman menyelesaikan pekerjaannya yang tertunda', 5),
(558, 127, 3, 5, 1, 'Meski begitu saya cemas kalau-kalau ternyata besok presentasi saya kurang lancar', 1),
(559, 127, 3, 5, 1, 'Saya pasrah jika ada kendala', 3),
(560, 127, 3, 5, 1, 'Tak mungkin presentasi saya tidak lancar', 2),
(561, 127, 3, 5, 1, 'Tapi Mungkin saja presentasi saya terganggu hal lain', 4),
(562, 128, 3, 5, 1, 'Saya akan selesaikan terlebih dahulu laporan tersebut, sebab bisa saja diminta oleh atasan sewaktu-waktu', 5),
(563, 128, 3, 5, 1, 'Laporan tersebut akan menjadi merepotkan kalau tertunda', 3),
(564, 128, 3, 5, 1, 'Saya akan menghadiri seminar tersebut agar dapat menghindar dari tugas laporan', 4),
(565, 128, 3, 5, 1, 'Saya akan menghadiri seminar tersebut karena laporan belum harus segera diserahkan kepada atasan', 1),
(566, 128, 3, 5, 1, 'Saya bisa menghadiri seminar dan mengerjakan laporannya nanti saja', 2),
(567, 129, 3, 5, 1, 'Andi tetap saja akan terkena PHK jika ekonomi nasional lesu', 4),
(568, 129, 3, 5, 1, 'Mustahil karyawan serajin Andi kena PHK', 1),
(569, 129, 3, 5, 1, 'Karakter Andi sebagai karyawan rajin dapat membantu kenaikan karirnya kelak', 5),
(570, 129, 3, 5, 1, 'Pemecatan banyak karyawan tidaklah terlalu berpengaruh terhadap citra perusahaan', 3),
(571, 129, 3, 5, 1, 'Harusnya karyawan rajin tak boleh kena PHK', 2),
(572, 130, 3, 5, 1, 'Saya masih khawatir apakah rencana tersebut bisa berhasil', 1),
(573, 130, 3, 5, 1, 'Berhasil tidaknya tak lepas dari pihak lain juga', 3),
(574, 130, 3, 5, 1, 'Manusia berusaha sebaik-baiknya dan Tuhan yang menentukan', 5),
(575, 130, 3, 5, 1, 'Bagaimanapun caranya rencana harus berhasil', 2),
(576, 130, 3, 5, 1, 'Saya minta pendapat orang lain terlebih dulu, sebab pendapat banyak orang lebih baik daripada pendapat satu orang ', 4),
(577, 131, 3, 5, 1, 'Saya tak mau repot-repot mencobanya', 1),
(578, 131, 3, 5, 1, 'Saya khawatir jika mencobanya dan gagal', 2),
(579, 131, 3, 5, 1, 'Saya berani mencoba setelah mempertimbangkan risikonya', 5),
(580, 131, 3, 5, 1, 'Saya minta pendapat isteri Yang penting saya coba dulu', 4),
(581, 131, 3, 5, 1, 'Yang penting saya coba dulu', 3),
(582, 132, 3, 5, 1, 'Dengan terpaksa menerimanya', 3),
(583, 132, 3, 5, 1, 'Menerimanya dengan sedikit kekecewaan', 4),
(584, 132, 3, 5, 1, 'Menerimanya dengan lapang dada', 5),
(585, 132, 3, 5, 1, 'Membenci diri sendiri', 1),
(586, 132, 3, 5, 1, 'Meratapi diri sendiri ', 2),
(587, 133, 3, 5, 1, 'Tidak mempermasalahkan apakah orang lain mau bekerja dengan baik atau tidak', 1),
(588, 133, 3, 5, 1, 'Mendorong orang lain untuk bekerja dengan baik jika situasi memungkinkan', 2),
(589, 133, 3, 5, 1, 'Mendorong orang lain bekerja dengan baik jika diperlukan', 3),
(590, 133, 3, 5, 1, 'Menstimulasi orang lain untuk mau bekerja dengan baik', 5),
(591, 133, 3, 5, 1, 'Mengajak orang lain bersama-sama untuk bekerja dengan baik', 4),
(592, 134, 3, 5, 1, 'Membicarakan dengan teman dekat kemungkinan terbaik', 4),
(593, 134, 3, 5, 1, 'Mengajak teman-teman mempertimbangkan suatu tindakan tertentu', 3),
(594, 134, 3, 5, 1, 'Meyakinkan teman-teman akan keperluannya dilakukan suatu tindakan', 5),
(595, 134, 3, 5, 1, 'Mengajukan usulan alternatif tindakan yang tepat', 2),
(596, 134, 3, 5, 1, 'Menyetujui saja apa yang menjadi keputusan', 1),
(597, 135, 3, 5, 1, 'Memaksa untuk tetap tinggal', 2),
(598, 135, 3, 5, 1, 'Membujuknya untuk menyelesaikan tugas', 4),
(599, 135, 3, 5, 1, 'Mempersilakan pergi', 1),
(600, 135, 3, 5, 1, 'Meminta pertimbangan teman yang lain', 3),
(601, 135, 3, 5, 1, 'Memintanya untuk mempertimbangkan', 5),
(602, 136, 3, 5, 1, 'Menanggapi dan memberi berbagai alternatif penyelesaiannya', 2),
(603, 136, 3, 5, 1, 'Meneruskan koreksi laporan dan tidak memerdulikan keinginan teman saya', 3),
(604, 136, 3, 5, 1, 'Mendengarkan ceritanya dengan penuh perhatian', 1),
(605, 136, 3, 5, 1, 'Dengan menyesal tidak dapat mendengarkan keluhannya', 4),
(606, 136, 3, 5, 1, 'Terus mengoreksi laporan sambil sesekali mendengarkan ceritanya', 5),
(607, 137, 3, 5, 1, 'Akan bertanggung jawab', 5),
(608, 137, 3, 5, 1, 'Menunjuk orang lain sebagai penyebab', 1),
(609, 137, 3, 5, 1, 'Mencermati dulu apakah saya terlibat di dalamnya', 3),
(610, 137, 3, 5, 1, 'Melihat dulu apakah saya sebagai sumber masalah', 4),
(611, 137, 3, 5, 1, 'Membiarkan masalah tetap berlangsung', 2),
(612, 138, 3, 5, 1, 'Bekerja dengan standar hasil yang tinggi', 5),
(613, 138, 3, 5, 1, 'Pekerjaan yang menumbuhkan kreativitas baru', 4),
(614, 138, 3, 5, 1, ' Pekerjaan yang rutin', 2),
(615, 138, 3, 5, 1, 'Pekerjaan yang menantang', 3),
(616, 138, 3, 5, 1, 'Bekerja tanpa mengenal lelah dan pamrih', 1),
(617, 139, 3, 5, 1, 'Kebanyakan orang ingin agar penjelasan tersebut diulang', 3),
(618, 139, 3, 5, 1, 'Sebagian orang masih meminta penjelasan', 2),
(619, 139, 3, 5, 1, 'Orang memahami penjelasan saya', 4),
(620, 139, 3, 5, 1, 'Orang menjadi antusias atas penjelasan saya', 5),
(621, 139, 3, 5, 1, 'Tidak ada seorang pun yang memberikan tanggapan', 1),
(622, 140, 3, 5, 1, 'Selalu mencari alternatif lain agar tidak mengambil keputusan sendiri', 3),
(623, 140, 3, 5, 1, 'Tidak berani mengambil keputusan sendiri ', 2),
(624, 140, 3, 5, 1, 'Selalu menunggu keputusan pimpinan', 1),
(625, 140, 3, 5, 1, 'Berani mengambil keputusan karena tugas tersebut telah dipercayakan kepada saya', 5),
(626, 140, 3, 5, 1, 'Menyadari bahwa keputusan pimpinan diperlukan jika keputusan tersebut diluar wewenang saya', 4),
(627, 141, 3, 5, 1, 'Bingung bagaimana harus bersikap', 1),
(628, 141, 3, 5, 1, 'Penuh harapan akan perubahan', 4),
(629, 141, 3, 5, 1, 'Tertekan karena cemas akan dampak yang akan terjadi', 3),
(630, 141, 3, 5, 1, 'Pesimis karena tidak dilibatkan dalam proses awal', 2),
(631, 141, 3, 5, 1, 'Berhati-hati memetakan dampak politis perubahan', 5),
(632, 142, 3, 5, 1, 'Pikirannya bercabang dan tidak fokus', 3),
(633, 142, 3, 5, 1, 'Menunggu bantuan pihak lain', 1),
(634, 142, 3, 5, 1, 'Mundur, tanpa mau mengambil risiko', 2),
(635, 142, 3, 5, 1, 'Menunda-nunda waktu dan kesempatan', 4),
(636, 142, 3, 5, 1, 'Bertahan pada prinsip dan usaha mereka', 5),
(637, 143, 3, 5, 1, ' Saya mencoba mempertimbangkan sendiri dari berbagai sudut pandang kepentingan', 1),
(638, 143, 3, 5, 1, 'Saya meminta pertimbangan teman dekat', 3),
(639, 143, 3, 5, 1, 'Saya akan meminta pertimbangan keluarga', 2),
(640, 143, 3, 5, 1, 'Saya akan meminta pertimbangan senior di kantor', 4),
(641, 143, 3, 5, 1, 'Saya akan meminta pertimbangan kelompok kerja saya', 5),
(642, 144, 3, 5, 1, 'Berhenti dan menyalami dosen tersebut', 4),
(643, 144, 3, 5, 1, 'Diam saja dan pura-pura tidak tahu', 2),
(644, 144, 3, 5, 1, 'Langsung menambah kecepatan agar tidak terlihat', 1),
(645, 144, 3, 5, 1, 'Dalam hati masih menyimpan dendam karena pernah dimarahi', 3),
(646, 144, 3, 5, 1, 'Menyalami dosen tersebut dan menawari untuk memberi boncengan', 5),
(647, 145, 3, 5, 1, 'Menyesali perbuatan saya', 2),
(648, 145, 3, 5, 1, 'Meminta maaf pada semua pihak yang terkena akibat buruk kesalahan saya', 4),
(649, 145, 3, 5, 1, 'Melakukan instropeksi diri, meminta maaf pada semua pihak dan meningkatkan kinerja agar tidak terjadi lagi', 5),
(650, 145, 3, 5, 1, 'Menyalahkan diri sendiri karena sudah membuat semua orang jadi terkena akibatnya', 1),
(651, 145, 3, 5, 1, 'Menerima kesalahan tersebut dengan lapang dada', 3),
(652, 146, 3, 5, 1, 'Menghindar darinya agar tidak emosi ketika bertemu', 4),
(653, 146, 3, 5, 1, 'Menghindar darinya agar tidak emosi ketika bertemu', 3),
(654, 146, 3, 5, 1, 'Saya meredam emosi saya dan mencoba berfikir jernih', 5),
(655, 146, 3, 5, 1, 'Segera memutuskan hubungan pertemanan karena merasa tidak dihargai', 1),
(656, 146, 3, 5, 1, 'Menceritakan pada orang lain apa yang sudah dia lakukan agar orang lain tidak menjadi korban', 2),
(657, 147, 3, 5, 1, 'Tetap fokus menyelesaikan laporan secara maksimal, bila perlu melampaui jam kerja', 5),
(658, 147, 3, 5, 1, 'Mengalihkan pengambilan keputusan pada shift baru', 1),
(659, 147, 3, 5, 1, 'Menyelesaikan masalah secepat mungkin, karena menunjukkan komitmen bekerja', 4),
(660, 147, 3, 5, 1, 'Menyelesaikan laporan sesegera mungkin, agar bisa segera beristirahat', 3),
(661, 147, 3, 5, 1, 'Bila memang tidak mampu, mempercayakan pada teman yang lain', 2),
(662, 148, 3, 5, 1, 'Tetap di meja dan menyelesaikan pekerjaan Anda', 5),
(663, 148, 3, 5, 1, 'Mengikuti ajakannya dan bersantai', 1),
(664, 148, 3, 5, 1, 'Ragu-ragu', 4),
(665, 148, 3, 5, 1, 'Jika memang tidak ada yang mengawasi, boleh saja bersantai', 2),
(666, 148, 3, 5, 1, 'Melihat teman yang lain, jika banyak yang bersantai baru ikut bersantai', 3),
(667, 149, 3, 5, 1, 'Saya merasa kecewa', 1),
(668, 149, 3, 5, 1, 'Saya marah, karena bagaimanapun inovasi itu untuk kebaikan bersama', 3),
(669, 149, 3, 5, 1, 'Saya sedih karena inovasi tersebut terhambat', 2),
(670, 149, 3, 5, 1, 'Saya meminta penjelasan dari rekan tersebut dan mencari solusi terbaik', 5),
(671, 149, 3, 5, 1, 'Saya berani berdebat dengan rekan tersebut karena saya yakin bahwa rencana inovasi itu membawa angin perubahan yang positif', 4),
(672, 150, 3, 5, 1, 'Ikut bersikap tak ramah dan memusuhinya', 1),
(673, 150, 3, 5, 1, 'Ingatkan dengan baik-baik agar lebih ramah', 5),
(674, 150, 3, 5, 1, 'Ingatkan dengan baik-baik agar lebih ramah', 3),
(675, 150, 3, 5, 1, 'Mendoakan yang terbaik untuk pegawai tersebut', 2),
(676, 150, 3, 5, 1, 'Melaporkan pada atasan agar segera ditegur', 4),
(677, 151, 3, 5, 1, 'Menanggapi pertanyaan dari siapapun tentang isu itu', 3),
(678, 151, 3, 5, 1, 'Mencari penyebar isu tersebut dan memarahinya', 1),
(679, 151, 3, 5, 1, 'Membiarkan saja isu itu berkembang, toh nanti berhenti sendiri', 2),
(680, 151, 3, 5, 1, 'Menerangkan bagaimana keadaan yang sesungguhnya', 5),
(681, 151, 3, 5, 1, 'Menceritakan pada teman dekat', 4),
(682, 152, 3, 5, 1, 'Makan seadanya', 4),
(683, 152, 3, 5, 1, 'Jajan di luar', 3),
(684, 152, 3, 5, 1, 'Menanyakan mengapa makanan belum siap', 2),
(685, 152, 3, 5, 1, 'Ikut membantu menyiapkan makanan', 5),
(686, 152, 3, 5, 1, 'Tidur sampai makanan siap', 1),
(687, 153, 3, 5, 1, 'Semua aktif bekerja untuk mencapai hasil yang baik', 5),
(688, 153, 3, 5, 1, 'Saling mengharapkan teman lain untuk menyelesaikan tugas tersebut', 1),
(689, 153, 3, 5, 1, 'Semua bekerja untuk menyelesaikan tugas tersebut', 4),
(690, 153, 3, 5, 1, 'Akan bekerja bila ada yang memulai terlebih dahulu', 3),
(691, 153, 3, 5, 1, 'Tidak semuanya mau mengerjakan tugas', 2),
(692, 154, 3, 5, 1, 'Saya tetap menunggu siapa tahu seseorang akan memberikan saya tumpangan', 2),
(693, 154, 3, 5, 1, 'Saya berusaha menghentikan kendaraan yang lewat untuk mendapatkan tumpangan', 5),
(694, 154, 3, 5, 1, 'Saya akan berjalan kaki secepat mungkin', 3),
(695, 154, 3, 5, 1, 'Lebih baik pulang dan tidak usah masuk kerja', 1),
(696, 154, 3, 5, 1, 'Saya akan berjalan kaki sambil berusaha mencari tumpangan', 4),
(697, 155, 3, 5, 1, 'Tetap berusaha semampunya', 2),
(698, 155, 3, 5, 1, 'Saya akan berusaha lebih baik lagi', 5),
(699, 155, 3, 5, 1, 'Tidak puas dan berusaha lebih baik lagi', 3),
(700, 155, 3, 5, 1, 'Berusaha sekuat tenaga', 4),
(701, 155, 3, 5, 1, 'Biasa saja', 1),
(702, 156, 3, 5, 1, 'Tergantung pada pemakaiannya', 3),
(703, 156, 3, 5, 1, 'Mengganggu kinerja secara umum', 1),
(704, 156, 3, 5, 1, 'Mengganggu hubungan interpersonal', 2),
(705, 156, 3, 5, 1, 'Mempermudah belajar secara mandiri', 4),
(706, 156, 3, 5, 1, 'Memperluas wawasan dan meningkatkan keilmuan', 5),
(707, 157, 3, 5, 1, 'Masalah baru belum tentu membutuhkan cara baru untuk menyelesaikannya', 2),
(708, 157, 3, 5, 1, 'Saya pikir lebih baik menggunakan cara yang biasa dilakukan dalam menyelesaikan masalah', 1),
(709, 157, 3, 5, 1, 'Saya menyarankan cara-cara baru untuk mencari jalan keluar terhadap permasalahan yang terjadi', 3),
(710, 157, 3, 5, 1, 'Berbeda permasalahan, berbeda pula pemecahannya', 4),
(711, 157, 3, 5, 1, 'Saya mencari cara-cara yang berbeda dalam memecahkan suatu masalah', 5),
(712, 158, 3, 5, 1, 'Mudah menerima pendapat orang lain', 1),
(713, 158, 3, 5, 1, 'Mudah sekali mengeluarkan ide-ide baru', 5),
(714, 158, 3, 5, 1, 'Cenderung menambahkan ide yang sudah ada', 4),
(715, 158, 3, 5, 1, 'Selalu memiliki ide yang serupa dengan orang lain', 3),
(716, 158, 3, 5, 1, 'Membutuhkan waktu agak lama untuk memberikan ide yang berbeda', 3),
(717, 159, 3, 5, 1, 'Relasi yang baik butuh waktu agar bisa tercipta', 3),
(718, 159, 3, 5, 1, 'Saat atasan memberikan tugas kepada kita', 4),
(719, 159, 3, 5, 1, 'Saat kita sedang membutuhkan bantuannya', 2),
(720, 159, 3, 5, 1, 'Sering saling bantu membantu saat rekan mengalami kesulitan', 5),
(721, 159, 3, 5, 1, 'Saat kita sedang mengalami keberhasilan', 1),
(722, 160, 3, 5, 1, 'Saya yakin bahwa para anggota tim juga dapat belajar sendiri untuk memahami cara menyelesaikan tugas baru tersebut', 1),
(723, 160, 3, 5, 1, 'Saya akan mempelajari tugas tersebut, lalu membagi pengetahuan saya kepada anggota tim yang lain', 4),
(724, 160, 3, 5, 1, 'Saya akan meminta bantuan rekan kerja yang paling padai untuk mempelajari tugas tersebut, kemudian menjelaskannya pada semua anggota tim.', 3),
(725, 160, 3, 5, 1, 'Kami mengerjakan bersama-sama tugas tersebut sesuai dengan pemahaman kami, bila ada kesulitan kami akan menyelesaikannya secara bersama-sama', 5),
(726, 160, 3, 5, 1, 'Pimpinan yang memberikan tugas, sebaiknya menjelaskan terlebih dahulu bagaimana mengerjakan tugas tersebut sebaik-baiknya', 2),
(727, 161, 3, 5, 1, 'Kesesuaian hasil dan target yang telah ditentukan', 4),
(728, 161, 3, 5, 1, 'Keakurasian dari hasil kerja yang telah ditentukan yang mencakup ketelitian, kuantitas, dan kualitas hasil kerja', 5),
(729, 161, 3, 5, 1, 'Kesesuaian jumlah hasil kerja dengan kemampuan masing-masing anggota', 3),
(730, 161, 3, 5, 1, 'Kedisiplinan dalam mengerjakan tugas yang diberikan', 2),
(731, 161, 3, 5, 1, 'Membandingkan kontribusi masing-masing anggota terhadap capaian kelompok', 1),
(732, 162, 3, 1, 1, '<p>Perbedaan tarif masuk turis asing dan lokal&nbsp;<br></p>', -1),
(733, 162, 3, 1, 1, '<p>Mahalnya tiket masuk turis Tangkuban Perahu&nbsp;<br></p>', 4),
(734, 162, 3, 1, 1, '<p>Kurang bersaingnya paket wisata di Jawa Barat&nbsp;<br></p>', -1),
(735, 162, 3, 1, 1, '<p>Tangkuban Perahu kurang diminati turis asing&nbsp;<br></p>', -1),
(736, 162, 3, 1, 1, '<p>Budijanto Ardiansjah adalah ketua ASITA&nbsp;<br></p>', -1),
(737, 163, 3, 1, 1, '<p>m &gt; n&nbsp;<br></p>', -1),
(738, 163, 3, 1, 1, '<p>m = n&nbsp;<br></p>', -1),
(739, 163, 3, 1, 1, '<p>m &lt; n&nbsp;<br></p>', -1),
(740, 163, 3, 1, 1, '<p>m = 2n&nbsp;<br></p>', -1),
(741, 163, 3, 1, 1, '<p>Hubungan m dan n tidak dapat ditentukan&nbsp;<br></p>', 4),
(742, 164, 3, 1, 1, '<p>2 orang&nbsp;<br></p>', -1),
(743, 164, 3, 1, 1, '<p>4 orang&nbsp;<br></p>', -1),
(744, 164, 3, 1, 1, '<p>6 orang&nbsp;<br></p>', -1),
(745, 164, 3, 1, 1, '<p>8 orang&nbsp;<br></p>', -1),
(746, 164, 3, 1, 1, '<p>10 orang&nbsp;<br></p>', 4),
(747, 165, 3, 1, 1, '<p>9,00%&nbsp;<br></p>', -1),
(748, 165, 3, 1, 1, '<p>10,00%&nbsp;<br></p>', -1),
(749, 165, 3, 1, 1, '<p>11,11%<br></p>', 4),
(750, 165, 3, 1, 1, '<p>12,00%&nbsp;<br></p>', -1),
(751, 165, 3, 1, 1, '<p>16,67%&nbsp;<br></p>', -1),
(752, 166, 3, 1, 1, '<p>R, I&nbsp;<br></p>', 4),
(753, 166, 3, 1, 1, '<p>P, O&nbsp;<br></p>', -1),
(754, 166, 3, 1, 1, '<p>R, T&nbsp;<br></p>', -1),
(755, 166, 3, 1, 1, '<p>S, T&nbsp;<br></p>', -1),
(756, 166, 3, 1, 1, '<p>U, V&nbsp;<br></p>', -1),
(757, 167, 3, 2, 1, '<table border=\"0\" cellpadding=\"0\" cellspacing=\"0\" width=\"780\" style=\"width: 585pt;\"><tbody><tr height=\"21\" style=\"height:15.75pt\">\r\n  <td height=\"21\" class=\"xl67\" width=\"780\" style=\"height:15.75pt;width:585pt\">Her,\r\n  my</td></tr></tbody></table>', 0),
(758, 167, 3, 2, 1, '<table border=\"0\" cellpadding=\"0\" cellspacing=\"0\" width=\"780\" style=\"width: 585pt;\"><tbody><tr height=\"21\" style=\"height:15.75pt\">\r\n  <td height=\"21\" class=\"xl67\" width=\"780\" style=\"height:15.75pt;width:585pt\">Her,\r\n  mine</td></tr></tbody></table>', 0),
(759, 167, 3, 2, 1, '<table border=\"0\" cellpadding=\"0\" cellspacing=\"0\" width=\"780\" style=\"width: 585pt;\"><tbody><tr height=\"21\" style=\"height:15.75pt\">\r\n  <td height=\"21\" class=\"xl67\" width=\"780\" style=\"height:15.75pt;width:585pt\">Hers, mine</td></tr></tbody></table>', 5),
(760, 167, 3, 2, 1, '<table border=\"0\" cellpadding=\"0\" cellspacing=\"0\" width=\"780\" style=\"width: 585pt;\"><tbody><tr height=\"21\" style=\"height:15.75pt\">\r\n  <td height=\"21\" class=\"xl67\" width=\"780\" style=\"height:15.75pt;width:585pt\">Hers, my</td></tr></tbody></table>', 0),
(761, 167, 3, 2, 1, '<p>-</p>', 0),
(767, 169, 3, 2, 1, '<table border=\"0\" cellpadding=\"0\" cellspacing=\"0\" width=\"780\" style=\"width: 585pt;\"><tbody><tr height=\"21\" style=\"height:15.75pt\">\r\n  <td height=\"21\" class=\"xl67\" width=\"780\" style=\"height:15.75pt;width:585pt\">He\'s\r\n  going to buy a valentine gift to give to his wife</td></tr></tbody></table>', 0),
(768, 169, 3, 2, 1, '<table border=\"0\" cellpadding=\"0\" cellspacing=\"0\" width=\"780\" style=\"width: 585pt;\"><tbody><tr height=\"21\" style=\"height:15.75pt\">\r\n  <td height=\"21\" class=\"xl67\" width=\"780\" style=\"height:15.75pt;width:585pt\">He\'s\r\n  going to buy his wife a valentine gift.</td></tr></tbody></table>', 0),
(769, 169, 3, 2, 1, '<table border=\"0\" cellpadding=\"0\" cellspacing=\"0\" width=\"780\" style=\"width: 585pt;\"><tbody><tr height=\"21\" style=\"height:15.75pt\">\r\n  <td height=\"21\" class=\"xl67\" width=\"780\" style=\"height:15.75pt;width:585pt\">Both\r\n  sentences are correct</td></tr></tbody></table>', 5),
(770, 169, 3, 2, 1, '<table border=\"0\" cellpadding=\"0\" cellspacing=\"0\" width=\"780\" style=\"width: 585pt;\"><tbody><tr height=\"21\" style=\"height:15.75pt\">\r\n  <td height=\"21\" class=\"xl67\" width=\"780\" style=\"height:15.75pt;width:585pt\">Both\r\n  sentences are incorrect</td></tr></tbody></table>', 0),
(771, 169, 3, 2, 1, '<p>-</p>', 0),
(772, 170, 3, 2, 1, '<table border=\"0\" cellpadding=\"0\" cellspacing=\"0\" width=\"780\" style=\"width: 585pt;\"><tbody><tr height=\"21\" style=\"height:15.75pt\">\r\n  <td height=\"21\" class=\"xl66\" width=\"780\" style=\"height:15.75pt;width:585pt\">Taken off</td></tr></tbody></table>', 0),
(773, 170, 3, 2, 1, '<table border=\"0\" cellpadding=\"0\" cellspacing=\"0\" width=\"780\" style=\"width: 585pt;\"><tbody><tr height=\"21\" style=\"height:15.75pt\">\r\n  <td height=\"21\" class=\"xl66\" width=\"780\" style=\"height:15.75pt;width:585pt\">Worn\r\n  off</td></tr></tbody></table>', 0),
(774, 170, 3, 2, 1, '<table border=\"0\" cellpadding=\"0\" cellspacing=\"0\" width=\"780\" style=\"width: 585pt;\"><tbody><tr height=\"21\" style=\"height:15.75pt\">\r\n  <td height=\"21\" class=\"xl66\" width=\"780\" style=\"height:15.75pt;width:585pt\">Called off</td></tr></tbody></table>', 0),
(775, 170, 3, 2, 1, '<table border=\"0\" cellpadding=\"0\" cellspacing=\"0\" width=\"780\" style=\"width: 585pt;\"><tbody><tr height=\"21\" style=\"height:15.75pt\">\r\n  <td height=\"21\" class=\"xl66\" width=\"780\" style=\"height:15.75pt;width:585pt\">Put\r\n  off</td></tr></tbody></table>', 5),
(776, 170, 3, 2, 1, '<p>-</p>', 0),
(777, 171, 3, 2, 1, '<table border=\"0\" cellpadding=\"0\" cellspacing=\"0\" width=\"780\" style=\"width: 585pt;\"><tbody><tr height=\"21\" style=\"height:15.75pt\">\r\n  <td height=\"21\" class=\"xl67\" width=\"780\" style=\"height:15.75pt;width:585pt\">System</td></tr></tbody></table>', 0),
(778, 171, 3, 2, 1, '<table border=\"0\" cellpadding=\"0\" cellspacing=\"0\" width=\"780\" style=\"width: 585pt;\"><tbody><tr height=\"21\" style=\"height:15.75pt\">\r\n  <td height=\"21\" class=\"xl67\" width=\"780\" style=\"height:15.75pt;width:585pt\">To\r\n  measure</td></tr></tbody></table>', 0),
(779, 171, 3, 2, 1, '<p>An</p>', 0),
(780, 171, 3, 2, 1, '<p>Aren\'t they</p>', 5),
(781, 171, 3, 2, 1, '<p>-</p>', 0),
(782, 172, 3, 2, 1, '<table border=\"0\" cellpadding=\"0\" cellspacing=\"0\" width=\"780\" style=\"width: 585pt;\"><tbody><tr height=\"21\" style=\"height:15.75pt\">\r\n  <td height=\"21\" class=\"xl67\" width=\"780\" style=\"height:15.75pt;width:585pt\">Neither oil made from any</td></tr></tbody></table>', 0),
(783, 172, 3, 2, 1, '<table border=\"0\" cellpadding=\"0\" cellspacing=\"0\" width=\"780\" style=\"width: 585pt;\"><tbody><tr height=\"21\" style=\"height:15.75pt\">\r\n  <td height=\"21\" class=\"xl67\" width=\"780\" style=\"height:15.75pt;width:585pt\">Oil\r\n  made from soy does either</td></tr></tbody></table>', 0),
(784, 172, 3, 2, 1, '<table border=\"0\" cellpadding=\"0\" cellspacing=\"0\" width=\"780\" style=\"width: 585pt;\"><tbody><tr height=\"21\" style=\"height:15.75pt\">\r\n  <td height=\"21\" class=\"xl67\" width=\"780\" style=\"height:15.75pt;width:585pt\">Neither does oil made from soy</td></tr></tbody></table>', 5),
(785, 172, 3, 2, 1, '<table border=\"0\" cellpadding=\"0\" cellspacing=\"0\" width=\"780\" style=\"width: 585pt;\"><tbody><tr height=\"21\" style=\"height:15.75pt\">\r\n  <td height=\"21\" class=\"xl67\" width=\"780\" style=\"height:15.75pt;width:585pt\">Oil\r\n  made from soy either</td></tr></tbody></table>', 0),
(786, 172, 3, 2, 1, '<p>-</p>', 0),
(787, 173, 3, 2, 1, '<p><font class=\"font6\" style=\"\">w</font>as <font class=\"font5\"></font><br></p>', 0),
(788, 173, 3, 2, 1, '<p><font class=\"font6\">which</font><font class=\"font5\">&nbsp;</font><br></p>', 5),
(789, 173, 3, 2, 1, '<p>created<br></p>', 0),
(790, 173, 3, 2, 1, '<p>the Mohicans.<br></p>', 0),
(791, 173, 3, 2, 1, '<p>-</p>', 0),
(792, 174, 3, 2, 1, 'They were not the same color', 0),
(793, 174, 3, 2, 1, '<table border=\"0\" cellpadding=\"0\" cellspacing=\"0\" width=\"780\" style=\"width: 585pt;\"><tbody><tr height=\"21\" style=\"height:15.75pt\">\r\n  <td height=\"21\" class=\"xl67\" width=\"780\" style=\"height:15.75pt;width:585pt\">They\r\n  were not as clear<table border=\"0\" cellpadding=\"0\" cellspacing=\"0\" width=\"780\" style=\"width: 585pt;\"><tbody><tr height=\"21\" style=\"height:15.75pt\">\r\n  <td height=\"21\" class=\"xl67\" width=\"780\" style=\"height:15.75pt;width:585pt\"><br></td></tr></tbody></table></td></tr></tbody></table>', 5),
(794, 174, 3, 2, 1, '<p>They did not look like paintings</p>', 0),
(795, 174, 3, 2, 1, '<table border=\"0\" cellpadding=\"0\" cellspacing=\"0\" width=\"780\" style=\"width: 585pt;\"><tbody><tr height=\"21\" style=\"height:15.75pt\">\r\n  <td height=\"21\" class=\"xl67\" width=\"780\" style=\"height:15.75pt;width:585pt\">They\r\n  were not retouched</td></tr></tbody></table>', 0),
(796, 174, 3, 2, 1, '<p>-</p>', 0),
(797, 175, 3, 2, 1, '<table border=\"0\" cellpadding=\"0\" cellspacing=\"0\" width=\"780\" style=\"width: 585pt;\"><tbody><tr height=\"21\" style=\"height:15.75pt\">\r\n  <td height=\"21\" class=\"xl67\" width=\"780\" style=\"height:15.75pt;width:585pt\">Accept</td></tr></tbody></table>', 0),
(798, 175, 3, 2, 1, '<p>Accepts<br></p>', 0),
(799, 175, 3, 2, 1, '<p>Accepting<br></p>', 0),
(800, 175, 3, 2, 1, '<table border=\"0\" cellpadding=\"0\" cellspacing=\"0\" width=\"780\" style=\"width: 585pt;\"><tbody><tr height=\"21\" style=\"height:15.75pt\">\r\n  <td height=\"21\" class=\"xl67\" width=\"780\" style=\"height:15.75pt;width:585pt\">To\r\n  accept</td></tr></tbody></table>', 5),
(801, 175, 3, 2, 1, '<p>-</p>', 0),
(802, 176, 3, 2, 1, '<p><font class=\"font6\">Electric</font><font class=\"font5\">&nbsp;</font><br></p>', 5),
(803, 176, 3, 2, 1, '<p><font class=\"font6\">as</font><br></p>', 0),
(804, 176, 3, 2, 1, '<p><font class=\"font6\">converted</font><font class=\"font5\">&nbsp;</font><br></p>', 0),
(805, 176, 3, 2, 1, '<p><font class=\"font6\">such as</font><font class=\"font5\">&nbsp;</font><br></p>', 0),
(806, 176, 3, 2, 1, '<p>-</p>', 0),
(807, 177, 3, 2, 1, '<table border=\"0\" cellpadding=\"0\" cellspacing=\"0\" width=\"780\" style=\"width: 585pt;\"><tbody><tr height=\"21\" style=\"height:15.75pt\">\r\n  <td height=\"21\" class=\"xl67\" width=\"780\" style=\"height:15.75pt;width:585pt\">Watching</td></tr></tbody></table>', 0),
(808, 177, 3, 2, 1, '<p>Watched<br></p>', 0),
(809, 177, 3, 2, 1, '<p>Having watched<br></p>', 5),
(810, 177, 3, 2, 1, '<p>Having been watched<br></p>', 0),
(811, 177, 3, 2, 1, '<p>-</p>', 0),
(812, 178, 3, 2, 1, '<table border=\"0\" cellpadding=\"0\" cellspacing=\"0\" width=\"780\" style=\"width: 585pt;\"><tbody><tr height=\"21\" style=\"height:15.75pt\">\r\n  <td height=\"21\" class=\"xl67\" width=\"780\" style=\"height:15.75pt;width:585pt\">Practice</td></tr></tbody></table>', 5),
(813, 178, 3, 2, 1, '<p>To practice<br></p>', 0),
(814, 178, 3, 2, 1, '<p>Practicing<br></p>', 0),
(815, 178, 3, 2, 1, '<p>Practiced<br></p>', 0),
(816, 178, 3, 2, 1, '<p>-</p>', 0),
(817, 179, 3, 2, 1, '<table border=\"0\" cellpadding=\"0\" cellspacing=\"0\" width=\"780\" style=\"width: 585pt;\"><tbody><tr height=\"20\" style=\"mso-height-source:userset;height:15.0pt\">\r\n  <td height=\"20\" class=\"xl67\" width=\"780\" style=\"height:15.0pt;width:585pt\">Call\r\n  down</td></tr></tbody></table>', 0),
(818, 179, 3, 2, 1, '<table border=\"0\" cellpadding=\"0\" cellspacing=\"0\" width=\"780\" style=\"width: 585pt;\"><tbody><tr height=\"20\" style=\"height: 15pt;\"><td height=\"20\" class=\"xl67\" width=\"780\" style=\"height: 15pt; width: 585pt;\">Call up</td></tr></tbody></table>', 0),
(819, 179, 3, 2, 1, '<table border=\"0\" cellpadding=\"0\" cellspacing=\"0\" width=\"780\" style=\"width: 585pt;\"><tbody><tr height=\"20\" style=\"height: 15pt;\"><td height=\"20\" class=\"xl67\" width=\"780\" style=\"height: 15pt; width: 585pt;\">Catch up</td></tr></tbody></table>', 0),
(820, 179, 3, 2, 1, '<p>Caryy on</p>', 5),
(821, 179, 3, 2, 1, '<p>-</p>', 0),
(822, 180, 3, 2, 1, '<table border=\"0\" cellpadding=\"0\" cellspacing=\"0\" width=\"780\" style=\"width: 585pt;\"><tbody><tr height=\"21\" style=\"height:15.75pt\">\r\n  <td height=\"21\" class=\"xl66\" width=\"780\" style=\"height:15.75pt;width:585pt\">Will\r\n  graduate</td></tr></tbody></table>', 0),
(823, 180, 3, 2, 1, '<table border=\"0\" cellpadding=\"0\" cellspacing=\"0\" width=\"780\" style=\"width: 585pt;\"><tbody><tr height=\"21\" style=\"height: 15.75pt;\"><td height=\"21\" class=\"xl66\" width=\"780\" style=\"height: 15.75pt; width: 585pt;\">Will have graduated</td></tr></tbody></table>', 5),
(824, 180, 3, 2, 1, '<p>Am graduating</p>', 0),
(825, 180, 3, 2, 1, '<p>Would graduate</p>', 0),
(826, 180, 3, 2, 1, '<p>-</p>', 0),
(827, 181, 3, 2, 1, '<p><font class=\"font6\">turned</font><font class=\"font5\">&nbsp;</font><br></p>', 0),
(828, 181, 3, 2, 1, '<p><font class=\"font6\">towards</font><font class=\"font5\">&nbsp;</font><br></p>', 0),
(829, 181, 3, 2, 1, '<p><font class=\"font6\">and</font><font class=\"font5\">&nbsp;</font><br></p>', 5),
(830, 181, 3, 2, 1, '<p>lost<br></p>', 0),
(831, 181, 3, 2, 1, '<p>-</p>', 0),
(832, 182, 3, 2, 1, '<p><font class=\"font6\">prefer</font><font class=\"font5\">&nbsp;</font><br></p>', 5),
(833, 182, 3, 2, 1, '<p><font class=\"font6\">than</font><br></p>', 0),
(834, 182, 3, 2, 1, '<p><font class=\"font6\">although</font><font class=\"font5\">&nbsp;</font><br></p>', 0),
(835, 182, 3, 2, 1, '<p>safe<br></p>', 0),
(836, 182, 3, 2, 1, '<p>-</p>', 0),
(837, 183, 3, 2, 1, '<p>is</p>', 5),
(838, 183, 3, 2, 1, '<p>for</p>', 0),
(839, 183, 3, 2, 1, '<p>while</p>', 0),
(840, 183, 3, 2, 1, '<p>repaired</p>', 0),
(841, 183, 3, 2, 1, '<p>-</p>', 0),
(842, 184, 3, 2, 1, '<p><font class=\"font6\">Washing</font><font class=\"font5\">&nbsp;</font><br></p>', 0),
(843, 184, 3, 2, 1, '<p>a&nbsp;<br></p>', 0),
(844, 184, 3, 2, 1, '<p>are recommended<br></p>', 5),
(845, 184, 3, 2, 1, '<p>infections<br></p>', 0),
(846, 184, 3, 2, 1, '<p>-</p>', 0),
(847, 185, 3, 2, 1, '<p>is</p>', 0),
(848, 185, 3, 2, 1, '<p>while</p>', 0),
(849, 185, 3, 2, 1, '<p>are</p>', 5),
(850, 185, 3, 2, 1, '<p>subject</p>', 0),
(851, 185, 3, 2, 1, '<p>-</p>', 0),
(852, 186, 3, 2, 1, '<p>increase</p>', 5),
(853, 186, 3, 2, 1, '<p>in recent years</p>', 0),
(854, 186, 3, 2, 1, '<p>on the water resources<br></p>', 0),
(855, 186, 3, 2, 1, '<p>in</p>', 0),
(856, 186, 3, 2, 1, '<p>-</p>', 0),
(857, 187, 3, 2, 1, '<p>because</p>', 0),
(858, 187, 3, 2, 1, '<p>when</p>', 5),
(859, 187, 3, 2, 1, '<p>while</p>', 0),
(860, 187, 3, 2, 1, '<p>if</p>', 0),
(861, 187, 3, 2, 1, '<p>-</p>', 0),
(881, 192, 3, 4, 1, '<p>Penawaran<br></p>', 0),
(882, 192, 3, 4, 1, '<p>Perencanaan&nbsp;<br></p>', 0),
(883, 192, 3, 4, 1, '<p>Perbincangan<br></p>', 0),
(884, 192, 3, 4, 1, '<p>Perundingan<br></p>', 5),
(885, 192, 3, 4, 1, '<p>Kesepakatan<br></p>', -1),
(886, 193, 3, 3, 1, '<p><span style=\"font-size: 11pt; line-height: 107%; font-family: Calibri, sans-serif;\">Melaksanakan\r\nhasil putusan bersama</span><br></p>', 5),
(887, 193, 3, 3, 1, '<p><span style=\"font-size:11.0pt;line-height:107%;\r\nfont-family:&quot;Calibri&quot;,sans-serif;mso-ascii-theme-font:minor-latin;mso-fareast-font-family:\r\nCalibri;mso-fareast-theme-font:minor-latin;mso-hansi-theme-font:minor-latin;\r\nmso-bidi-font-family:&quot;Times New Roman&quot;;mso-bidi-theme-font:minor-bidi;\r\nmso-ansi-language:EN-US;mso-fareast-language:EN-US;mso-bidi-language:AR-SA\">Mempertahankan\r\npendapat golongan yang sepaham</span><br></p>', 0),
(888, 193, 3, 3, 1, '<p><span style=\"font-size:11.0pt;line-height:107%;\r\nfont-family:&quot;Calibri&quot;,sans-serif;mso-ascii-theme-font:minor-latin;mso-fareast-font-family:\r\nCalibri;mso-fareast-theme-font:minor-latin;mso-hansi-theme-font:minor-latin;\r\nmso-bidi-font-family:&quot;Times New Roman&quot;;mso-bidi-theme-font:minor-bidi;\r\nmso-ansi-language:EN-US;mso-fareast-language:EN-US;mso-bidi-language:AR-SA\">Meninggalkan\r\nruang rapat karena berbeda pendapat</span><br></p>', 0),
(889, 193, 3, 3, 1, '<p><span style=\"font-size:11.0pt;line-height:107%;\r\nfont-family:&quot;Calibri&quot;,sans-serif;mso-ascii-theme-font:minor-latin;mso-fareast-font-family:\r\nCalibri;mso-fareast-theme-font:minor-latin;mso-hansi-theme-font:minor-latin;\r\nmso-bidi-font-family:&quot;Times New Roman&quot;;mso-bidi-theme-font:minor-bidi;\r\nmso-ansi-language:EN-US;mso-fareast-language:EN-US;mso-bidi-language:AR-SA\">Mengutamakan\r\nputusan golongan yang berkuasa</span><br></p>', 0),
(890, 193, 3, 3, 1, '<p><span style=\"font-size:11.0pt;line-height:107%;\r\nfont-family:&quot;Calibri&quot;,sans-serif;mso-ascii-theme-font:minor-latin;mso-fareast-font-family:\r\nCalibri;mso-fareast-theme-font:minor-latin;mso-hansi-theme-font:minor-latin;\r\nmso-bidi-font-family:&quot;Times New Roman&quot;;mso-bidi-theme-font:minor-bidi;\r\nmso-ansi-language:EN-US;mso-fareast-language:EN-US;mso-bidi-language:AR-SA\">Menghormati\r\npendapat yang disampaikan</span><br></p>', -1),
(891, 194, 3, 3, 1, '<p><span style=\"font-size:11.0pt;line-height:107%;\r\nfont-family:&quot;Calibri&quot;,sans-serif;mso-ascii-theme-font:minor-latin;mso-fareast-font-family:\r\nCalibri;mso-fareast-theme-font:minor-latin;mso-hansi-theme-font:minor-latin;\r\nmso-bidi-font-family:&quot;Times New Roman&quot;;mso-bidi-theme-font:minor-bidi;\r\nmso-ansi-language:EN-US;mso-fareast-language:EN-US;mso-bidi-language:AR-SA\">Tetap\r\nberpartisipasi agar semua lancar</span><br></p>', 0),
(892, 194, 3, 3, 1, '<p><span style=\"font-size:11.0pt;line-height:107%;\r\nfont-family:&quot;Calibri&quot;,sans-serif;mso-ascii-theme-font:minor-latin;mso-fareast-font-family:\r\nCalibri;mso-fareast-theme-font:minor-latin;mso-hansi-theme-font:minor-latin;\r\nmso-bidi-font-family:&quot;Times New Roman&quot;;mso-bidi-theme-font:minor-bidi;\r\nmso-ansi-language:EN-US;mso-fareast-language:EN-US;mso-bidi-language:AR-SA\">Bersikap\r\nnetral dan menjauhi pertentangan pendapat</span><br></p>', 0),
(893, 194, 3, 3, 1, '<p><span style=\"font-size: 11pt; line-height: 107%; font-family: Calibri, sans-serif;\">Menerima\r\ndan melaksanakan dengan penuh tanggung jawab</span><br></p>', 5),
(894, 194, 3, 3, 1, '<p><span style=\"font-size:11.0pt;line-height:107%;\r\nfont-family:&quot;Calibri&quot;,sans-serif;mso-ascii-theme-font:minor-latin;mso-fareast-font-family:\r\nCalibri;mso-fareast-theme-font:minor-latin;mso-hansi-theme-font:minor-latin;\r\nmso-bidi-font-family:&quot;Times New Roman&quot;;mso-bidi-theme-font:minor-bidi;\r\nmso-ansi-language:EN-US;mso-fareast-language:EN-US;mso-bidi-language:AR-SA\">Pasrah\r\nkepada keputusan orang banyak</span><br></p>', 0),
(895, 194, 3, 3, 1, '<p><span style=\"font-size:11.0pt;line-height:107%;\r\nfont-family:&quot;Calibri&quot;,sans-serif;mso-ascii-theme-font:minor-latin;mso-fareast-font-family:\r\nCalibri;mso-fareast-theme-font:minor-latin;mso-hansi-theme-font:minor-latin;\r\nmso-bidi-font-family:&quot;Times New Roman&quot;;mso-bidi-theme-font:minor-bidi;\r\nmso-ansi-language:EN-US;mso-fareast-language:EN-US;mso-bidi-language:AR-SA\">Bersikap\r\nadil dan lebih bijaksana untuk menyenangkan&nbsp;</span><br></p>', -1),
(896, 195, 3, 3, 1, '<p><span style=\"font-size: 11pt; line-height: 107%; font-family: Calibri, sans-serif;\">Beribadah\r\nsesuai dengan agama yang dianutnya</span><br></p>', 5),
(897, 195, 3, 3, 1, '<p><span style=\"font-size:11.0pt;line-height:107%;\r\nfont-family:&quot;Calibri&quot;,sans-serif;mso-ascii-theme-font:minor-latin;mso-fareast-font-family:\r\nCalibri;mso-fareast-theme-font:minor-latin;mso-hansi-theme-font:minor-latin;\r\nmso-bidi-font-family:&quot;Times New Roman&quot;;mso-bidi-theme-font:minor-bidi;\r\nmso-ansi-language:EN-US;mso-fareast-language:EN-US;mso-bidi-language:AR-SA\">Memaksa\r\norang lain memeluk agama yang dianutnya</span><br></p>', 0),
(898, 195, 3, 3, 1, '<p><span style=\"font-size:11.0pt;line-height:107%;\r\nfont-family:&quot;Calibri&quot;,sans-serif;mso-ascii-theme-font:minor-latin;mso-fareast-font-family:\r\nCalibri;mso-fareast-theme-font:minor-latin;mso-hansi-theme-font:minor-latin;\r\nmso-bidi-font-family:&quot;Times New Roman&quot;;mso-bidi-theme-font:minor-bidi;\r\nmso-ansi-language:EN-US;mso-fareast-language:EN-US;mso-bidi-language:AR-SA\">Tidak\r\nmengakui adanya Tuhan Yang Maha Esa</span><br></p>', 0),
(899, 195, 3, 3, 1, '<p><span style=\"font-size:11.0pt;line-height:107%;\r\nfont-family:&quot;Calibri&quot;,sans-serif;mso-ascii-theme-font:minor-latin;mso-fareast-font-family:\r\nCalibri;mso-fareast-theme-font:minor-latin;mso-hansi-theme-font:minor-latin;\r\nmso-bidi-font-family:&quot;Times New Roman&quot;;mso-bidi-theme-font:minor-bidi;\r\nmso-ansi-language:EN-US;mso-fareast-language:EN-US;mso-bidi-language:AR-SA\">Atheis</span><br></p>', 0),
(900, 195, 3, 3, 1, '<p><span style=\"font-size:11.0pt;line-height:107%;\r\nfont-family:&quot;Calibri&quot;,sans-serif;mso-ascii-theme-font:minor-latin;mso-fareast-font-family:\r\nCalibri;mso-fareast-theme-font:minor-latin;mso-hansi-theme-font:minor-latin;\r\nmso-bidi-font-family:&quot;Times New Roman&quot;;mso-bidi-theme-font:minor-bidi;\r\nmso-ansi-language:EN-US;mso-fareast-language:EN-US;mso-bidi-language:AR-SA\">Bekerjasama\r\nhanya dengan yang seagama</span><br></p>', -1),
(901, 196, 3, 3, 1, '<p><span style=\"font-size:11.0pt;line-height:107%;\r\nfont-family:&quot;Calibri&quot;,sans-serif;mso-ascii-theme-font:minor-latin;mso-fareast-font-family:\r\nCalibri;mso-fareast-theme-font:minor-latin;mso-hansi-theme-font:minor-latin;\r\nmso-bidi-font-family:&quot;Times New Roman&quot;;mso-bidi-theme-font:minor-bidi;\r\nmso-ansi-language:EN-US;mso-fareast-language:EN-US;mso-bidi-language:AR-SA\">Constituer</span><br></p>', 0),
(902, 196, 3, 3, 1, '<p><span style=\"font-size: 11pt; line-height: 107%; font-family: Calibri, sans-serif;\">Constitution</span><br></p>', 5),
(903, 196, 3, 3, 1, '<p><span style=\"font-size:11.0pt;line-height:107%;\r\nfont-family:&quot;Calibri&quot;,sans-serif;mso-ascii-theme-font:minor-latin;mso-fareast-font-family:\r\nCalibri;mso-fareast-theme-font:minor-latin;mso-hansi-theme-font:minor-latin;\r\nmso-bidi-font-family:&quot;Times New Roman&quot;;mso-bidi-theme-font:minor-bidi;\r\nmso-ansi-language:EN-US;mso-fareast-language:EN-US;mso-bidi-language:AR-SA\">Constitusion</span><br></p>', 0),
(904, 196, 3, 3, 1, '<p><span style=\"font-size:11.0pt;line-height:107%;\r\nfont-family:&quot;Calibri&quot;,sans-serif;mso-ascii-theme-font:minor-latin;mso-fareast-font-family:\r\nCalibri;mso-fareast-theme-font:minor-latin;mso-hansi-theme-font:minor-latin;\r\nmso-bidi-font-family:&quot;Times New Roman&quot;;mso-bidi-theme-font:minor-bidi;\r\nmso-ansi-language:EN-US;mso-fareast-language:EN-US;mso-bidi-language:AR-SA\">Constituen</span><br></p>', 0),
(905, 196, 3, 3, 1, '<p><span style=\"font-size:11.0pt;line-height:107%;\r\nfont-family:&quot;Calibri&quot;,sans-serif;mso-ascii-theme-font:minor-latin;mso-fareast-font-family:\r\nCalibri;mso-fareast-theme-font:minor-latin;mso-hansi-theme-font:minor-latin;\r\nmso-bidi-font-family:&quot;Times New Roman&quot;;mso-bidi-theme-font:minor-bidi;\r\nmso-ansi-language:EN-US;mso-fareast-language:EN-US;mso-bidi-language:AR-SA\">Constitue</span><br></p>', -1);
INSERT INTO `jawaban` (`id_jawaban`, `id_soal`, `id_paket`, `id_topik_tes`, `id_event`, `jawaban`, `score`) VALUES
(906, 197, 3, 3, 1, '<p><span style=\"font-size:11.0pt;line-height:107%;\r\nfont-family:&quot;Calibri&quot;,sans-serif;mso-ascii-theme-font:minor-latin;mso-fareast-font-family:\r\nCalibri;mso-fareast-theme-font:minor-latin;mso-hansi-theme-font:minor-latin;\r\nmso-bidi-font-family:&quot;Times New Roman&quot;;mso-bidi-theme-font:minor-bidi;\r\nmso-ansi-language:EN-US;mso-fareast-language:EN-US;mso-bidi-language:AR-SA\">UU\r\nNo. 20 Tahun 2003</span><br></p>', 0),
(907, 197, 3, 3, 1, '<p><span style=\"font-size:11.0pt;line-height:107%;\r\nfont-family:&quot;Calibri&quot;,sans-serif;mso-ascii-theme-font:minor-latin;mso-fareast-font-family:\r\nCalibri;mso-fareast-theme-font:minor-latin;mso-hansi-theme-font:minor-latin;\r\nmso-bidi-font-family:&quot;Times New Roman&quot;;mso-bidi-theme-font:minor-bidi;\r\nmso-ansi-language:EN-US;mso-fareast-language:EN-US;mso-bidi-language:AR-SA\">UU\r\nNo. 21 Tahun 2003&nbsp;</span><br></p>', 0),
(908, 197, 3, 3, 1, '<p><span style=\"font-size:11.0pt;line-height:107%;\r\nfont-family:&quot;Calibri&quot;,sans-serif;mso-ascii-theme-font:minor-latin;mso-fareast-font-family:\r\nCalibri;mso-fareast-theme-font:minor-latin;mso-hansi-theme-font:minor-latin;\r\nmso-bidi-font-family:&quot;Times New Roman&quot;;mso-bidi-theme-font:minor-bidi;\r\nmso-ansi-language:EN-US;mso-fareast-language:EN-US;mso-bidi-language:AR-SA\">UU\r\nNo. 22 Tahun 2003</span><br></p>', 0),
(909, 197, 3, 3, 1, '<p><span style=\"font-size:11.0pt;line-height:107%;\r\nfont-family:&quot;Calibri&quot;,sans-serif;mso-ascii-theme-font:minor-latin;mso-fareast-font-family:\r\nCalibri;mso-fareast-theme-font:minor-latin;mso-hansi-theme-font:minor-latin;\r\nmso-bidi-font-family:&quot;Times New Roman&quot;;mso-bidi-theme-font:minor-bidi;\r\nmso-ansi-language:EN-US;mso-fareast-language:EN-US;mso-bidi-language:AR-SA\">UU\r\nNo. 23 Tahun 2003</span><br></p>', 0),
(910, 197, 3, 3, 1, '<p><span style=\"font-size: 11pt; line-height: 107%; font-family: Calibri, sans-serif;\">UU\r\nNo. 24 Tahun 2003</span><br></p>', 5),
(911, 198, 3, 3, 1, '<p><span style=\"font-size:11.0pt;line-height:107%;\r\nfont-family:&quot;Calibri&quot;,sans-serif;mso-ascii-theme-font:minor-latin;mso-fareast-font-family:\r\nCalibri;mso-fareast-theme-font:minor-latin;mso-hansi-theme-font:minor-latin;\r\nmso-bidi-font-family:&quot;Times New Roman&quot;;mso-bidi-theme-font:minor-bidi;\r\nmso-ansi-language:EN-US;mso-fareast-language:EN-US;mso-bidi-language:AR-SA\">Pasal\r\n1,3,6,11,17,23, dan 25</span><br></p>', 0),
(912, 198, 3, 3, 1, '<p><span style=\"font-size: 11pt; line-height: 107%; font-family: Calibri, sans-serif;\">Pasal\r\n1,3,6,11,17,23, dan 24</span><br></p>', 5),
(913, 198, 3, 3, 1, '<p><span style=\"font-size:11.0pt;line-height:107%;\r\nfont-family:&quot;Calibri&quot;,sans-serif;mso-ascii-theme-font:minor-latin;mso-fareast-font-family:\r\nCalibri;mso-fareast-theme-font:minor-latin;mso-hansi-theme-font:minor-latin;\r\nmso-bidi-font-family:&quot;Times New Roman&quot;;mso-bidi-theme-font:minor-bidi;\r\nmso-ansi-language:EN-US;mso-fareast-language:EN-US;mso-bidi-language:AR-SA\">Pasal\r\n1,3,6,11,17,23, dan 23</span><br></p>', 0),
(914, 198, 3, 3, 1, '<p><span style=\"font-size:11.0pt;line-height:107%;\r\nfont-family:&quot;Calibri&quot;,sans-serif;mso-ascii-theme-font:minor-latin;mso-fareast-font-family:\r\nCalibri;mso-fareast-theme-font:minor-latin;mso-hansi-theme-font:minor-latin;\r\nmso-bidi-font-family:&quot;Times New Roman&quot;;mso-bidi-theme-font:minor-bidi;\r\nmso-ansi-language:EN-US;mso-fareast-language:EN-US;mso-bidi-language:AR-SA\">Pasal\r\n1,3,6,11,17,23, dan 26</span><br></p>', 0),
(915, 198, 3, 3, 1, '<p><span style=\"font-size:11.0pt;line-height:107%;\r\nfont-family:&quot;Calibri&quot;,sans-serif;mso-ascii-theme-font:minor-latin;mso-fareast-font-family:\r\nCalibri;mso-fareast-theme-font:minor-latin;mso-hansi-theme-font:minor-latin;\r\nmso-bidi-font-family:&quot;Times New Roman&quot;;mso-bidi-theme-font:minor-bidi;\r\nmso-ansi-language:EN-US;mso-fareast-language:EN-US;mso-bidi-language:AR-SA\">Pasal\r\n1,3,6,11,17,23, dan 27</span><br></p>', -1),
(916, 199, 3, 3, 1, '<p><span style=\"font-size:11.0pt;line-height:107%;\r\nfont-family:&quot;Calibri&quot;,sans-serif;mso-ascii-theme-font:minor-latin;mso-fareast-font-family:\r\nCalibri;mso-fareast-theme-font:minor-latin;mso-hansi-theme-font:minor-latin;\r\nmso-bidi-font-family:&quot;Times New Roman&quot;;mso-bidi-theme-font:minor-bidi;\r\nmso-ansi-language:EN-US;mso-fareast-language:EN-US;mso-bidi-language:AR-SA\">Dalam\r\nnegeri</span><br></p>', 0),
(917, 199, 3, 3, 1, '<p><span style=\"font-size:11.0pt;line-height:107%;\r\nfont-family:&quot;Calibri&quot;,sans-serif;mso-ascii-theme-font:minor-latin;mso-fareast-font-family:\r\nCalibri;mso-fareast-theme-font:minor-latin;mso-hansi-theme-font:minor-latin;\r\nmso-bidi-font-family:&quot;Times New Roman&quot;;mso-bidi-theme-font:minor-bidi;\r\nmso-ansi-language:EN-US;mso-fareast-language:EN-US;mso-bidi-language:AR-SA\">Politik</span><br></p>', 0),
(918, 199, 3, 3, 1, '<p><span style=\"font-size:11.0pt;line-height:107%;\r\nfont-family:&quot;Calibri&quot;,sans-serif;mso-ascii-theme-font:minor-latin;mso-fareast-font-family:\r\nCalibri;mso-fareast-theme-font:minor-latin;mso-hansi-theme-font:minor-latin;\r\nmso-bidi-font-family:&quot;Times New Roman&quot;;mso-bidi-theme-font:minor-bidi;\r\nmso-ansi-language:EN-US;mso-fareast-language:EN-US;mso-bidi-language:AR-SA\">Ekonomi</span><br></p>', 0),
(919, 199, 3, 3, 1, '<p><span style=\"font-size: 11pt; line-height: 107%; font-family: Calibri, sans-serif;\">Luar\r\nnegeri</span><br></p>', 5),
(920, 199, 3, 3, 1, '<p><span style=\"font-size:11.0pt;line-height:107%;\r\nfont-family:&quot;Calibri&quot;,sans-serif;mso-ascii-theme-font:minor-latin;mso-fareast-font-family:\r\nCalibri;mso-fareast-theme-font:minor-latin;mso-hansi-theme-font:minor-latin;\r\nmso-bidi-font-family:&quot;Times New Roman&quot;;mso-bidi-theme-font:minor-bidi;\r\nmso-ansi-language:EN-US;mso-fareast-language:EN-US;mso-bidi-language:AR-SA\">Kebudayaan</span><br></p>', -1),
(921, 200, 3, 3, 1, '<p><span style=\"font-size: 11pt; line-height: 107%; font-family: Calibri, sans-serif;\">Hukum\r\nadministrasi negara&nbsp;&nbsp;</span><br></p>', 5),
(922, 200, 3, 3, 1, '<p><span style=\"font-size:11.0pt;line-height:107%;\r\nfont-family:&quot;Calibri&quot;,sans-serif;mso-ascii-theme-font:minor-latin;mso-fareast-font-family:\r\nCalibri;mso-fareast-theme-font:minor-latin;mso-hansi-theme-font:minor-latin;\r\nmso-bidi-font-family:&quot;Times New Roman&quot;;mso-bidi-theme-font:minor-bidi;\r\nmso-ansi-language:EN-US;mso-fareast-language:EN-US;mso-bidi-language:AR-SA\">Hukum\r\npidana</span><br></p>', 0),
(923, 200, 3, 3, 1, '<p><span style=\"font-size:11.0pt;line-height:107%;\r\nfont-family:&quot;Calibri&quot;,sans-serif;mso-ascii-theme-font:minor-latin;mso-fareast-font-family:\r\nCalibri;mso-fareast-theme-font:minor-latin;mso-hansi-theme-font:minor-latin;\r\nmso-bidi-font-family:&quot;Times New Roman&quot;;mso-bidi-theme-font:minor-bidi;\r\nmso-ansi-language:EN-US;mso-fareast-language:EN-US;mso-bidi-language:AR-SA\">Hukum\r\ntata negara</span><br></p>', 0),
(924, 200, 3, 3, 1, '<p><span style=\"font-size:11.0pt;line-height:107%;\r\nfont-family:&quot;Calibri&quot;,sans-serif;mso-ascii-theme-font:minor-latin;mso-fareast-font-family:\r\nCalibri;mso-fareast-theme-font:minor-latin;mso-hansi-theme-font:minor-latin;\r\nmso-bidi-font-family:&quot;Times New Roman&quot;;mso-bidi-theme-font:minor-bidi;\r\nmso-ansi-language:EN-US;mso-fareast-language:EN-US;mso-bidi-language:AR-SA\">Hukum\r\nAcara</span><br></p>', 0),
(925, 200, 3, 3, 1, '<p><span style=\"font-size:11.0pt;line-height:107%;\r\nfont-family:&quot;Calibri&quot;,sans-serif;mso-ascii-theme-font:minor-latin;mso-fareast-font-family:\r\nCalibri;mso-fareast-theme-font:minor-latin;mso-hansi-theme-font:minor-latin;\r\nmso-bidi-font-family:&quot;Times New Roman&quot;;mso-bidi-theme-font:minor-bidi;\r\nmso-ansi-language:EN-US;mso-fareast-language:EN-US;mso-bidi-language:AR-SA\">Hukum\r\nperdata</span><br></p>', -1),
(926, 201, 3, 3, 1, '<p><span style=\"font-size:11.0pt;line-height:107%;\r\nfont-family:&quot;Calibri&quot;,sans-serif;mso-ascii-theme-font:minor-latin;mso-fareast-font-family:\r\nCalibri;mso-fareast-theme-font:minor-latin;mso-hansi-theme-font:minor-latin;\r\nmso-bidi-font-family:&quot;Times New Roman&quot;;mso-bidi-theme-font:minor-bidi;\r\nmso-ansi-language:EN-US;mso-fareast-language:EN-US;mso-bidi-language:AR-SA\">Pancasila\r\nmenjadi tidak bermakna</span><br></p>', 0),
(927, 201, 3, 3, 1, '<p><span style=\"font-size:11.0pt;line-height:107%;\r\nfont-family:&quot;Calibri&quot;,sans-serif;mso-ascii-theme-font:minor-latin;mso-fareast-font-family:\r\nCalibri;mso-fareast-theme-font:minor-latin;mso-hansi-theme-font:minor-latin;\r\nmso-bidi-font-family:&quot;Times New Roman&quot;;mso-bidi-theme-font:minor-bidi;\r\nmso-ansi-language:EN-US;mso-fareast-language:EN-US;mso-bidi-language:AR-SA\">Bebas\r\nmenafsirkan Pancasila</span><br></p>', 0),
(928, 201, 3, 3, 1, '<p><span style=\"font-size:11.0pt;line-height:107%;\r\nfont-family:&quot;Calibri&quot;,sans-serif;mso-ascii-theme-font:minor-latin;mso-fareast-font-family:\r\nCalibri;mso-fareast-theme-font:minor-latin;mso-hansi-theme-font:minor-latin;\r\nmso-bidi-font-family:&quot;Times New Roman&quot;;mso-bidi-theme-font:minor-bidi;\r\nmso-ansi-language:EN-US;mso-fareast-language:EN-US;mso-bidi-language:AR-SA\">Pancasila\r\ntinggal sejarah</span><br></p>', 0),
(929, 201, 3, 3, 1, '<p class=\"MsoNormal\" style=\"margin-bottom:0cm;margin-bottom:.0001pt;text-align:\r\njustify\">Nilai-nilai dasar Pancasila tetap&nbsp;<span style=\"font-size: 1rem;\"><span style=\"font-size: 11pt; line-height: 107%; font-family: Calibri, sans-serif;\">harus dilaksanakan</span></span></p>', 5),
(930, 201, 3, 3, 1, '<p><span style=\"font-size:11.0pt;line-height:107%;\r\nfont-family:&quot;Calibri&quot;,sans-serif;mso-ascii-theme-font:minor-latin;mso-fareast-font-family:\r\nCalibri;mso-fareast-theme-font:minor-latin;mso-hansi-theme-font:minor-latin;\r\nmso-bidi-font-family:&quot;Times New Roman&quot;;mso-bidi-theme-font:minor-bidi;\r\nmso-ansi-language:EN-US;mso-fareast-language:EN-US;mso-bidi-language:AR-SA\">Pancasila\r\nmenjadi bermakna</span><br></p>', -1),
(931, 202, 3, 3, 1, '<p><span style=\"font-size:11.0pt;line-height:107%;\r\nfont-family:&quot;Calibri&quot;,sans-serif;mso-ascii-theme-font:minor-latin;mso-fareast-font-family:\r\nCalibri;mso-fareast-theme-font:minor-latin;mso-hansi-theme-font:minor-latin;\r\nmso-bidi-font-family:&quot;Times New Roman&quot;;mso-bidi-theme-font:minor-bidi;\r\nmso-ansi-language:EN-US;mso-fareast-language:EN-US;mso-bidi-language:AR-SA\">Konstitusi\r\nRIS&nbsp;&nbsp;</span><br></p>', 0),
(932, 202, 3, 3, 1, '<p><span style=\"font-family: Calibri, sans-serif; font-size: 14.6667px;\">Tap MPR RI No. II/MPR/1978</span><br></p>', 0),
(933, 202, 3, 3, 1, '<p><span style=\"font-size:11.0pt;line-height:107%;\r\nfont-family:&quot;Calibri&quot;,sans-serif;mso-ascii-theme-font:minor-latin;mso-fareast-font-family:\r\nCalibri;mso-fareast-theme-font:minor-latin;mso-hansi-theme-font:minor-latin;\r\nmso-bidi-font-family:&quot;Times New Roman&quot;;mso-bidi-theme-font:minor-bidi;\r\nmso-ansi-language:EN-US;mso-fareast-language:EN-US;mso-bidi-language:AR-SA\">Buku\r\nSutasoma</span><br></p>', 0),
(934, 202, 3, 3, 1, '<p><span style=\"font-size: 11pt; line-height: 107%; font-family: Calibri, sans-serif;\">Pembukaan\r\nUUD NKRI Tahun 1945</span><br></p>', 5),
(935, 202, 3, 3, 1, '<p><span style=\"font-size:11.0pt;line-height:107%;\r\nfont-family:&quot;Calibri&quot;,sans-serif;mso-ascii-theme-font:minor-latin;mso-fareast-font-family:\r\nCalibri;mso-fareast-theme-font:minor-latin;mso-hansi-theme-font:minor-latin;\r\nmso-bidi-font-family:&quot;Times New Roman&quot;;mso-bidi-theme-font:minor-bidi;\r\nmso-ansi-language:EN-US;mso-fareast-language:EN-US;mso-bidi-language:AR-SA\">Peraturan\r\nPresiden</span><br></p>', -1),
(936, 203, 3, 3, 1, '<p>Ekstradisi<br></p>', 0),
(937, 203, 3, 3, 1, '<p>Remunerasi<br></p>', 0),
(938, 203, 3, 3, 1, '<p>Suaka<br></p>', 0),
(939, 203, 3, 3, 1, '<p>Transgenerasi<br></p>', 0),
(940, 203, 3, 3, 1, '<p>Deportasi<br></p>', 5),
(941, 204, 3, 3, 1, '<p>Sumatera Barat<br></p>', 5),
(942, 204, 3, 3, 1, '<p>Riau<br></p>', 0),
(943, 204, 3, 3, 1, '<p>Sumatera Selatan<br></p>', 0),
(944, 204, 3, 3, 1, '<p>Kalimantan Timur<br></p>', 0),
(945, 204, 3, 3, 1, '<p>Kalimantan Barat<br></p>', -1),
(946, 205, 3, 3, 1, '<p>4 Januari 1946<br></p>', 5),
(947, 205, 3, 3, 1, '<p>14 Januari 1946<br></p>', 0),
(948, 205, 3, 3, 1, '<p>4 Januari 1947<br></p>', 0),
(949, 205, 3, 3, 1, '<p>14 Januari 1947<br></p>', 0),
(950, 205, 3, 3, 1, '<p>11 Januari 1948<br></p>', -1),
(951, 206, 3, 3, 1, '<p>KPK<br></p>', 0),
(952, 206, 3, 3, 1, '<p>MPR<br></p>', 0),
(953, 206, 3, 3, 1, '<p>DPR<br></p>', 0),
(954, 206, 3, 3, 1, '<p>KPU<br></p>', 5),
(955, 206, 3, 3, 1, '<p>Presiden<br></p>', -1),
(956, 207, 3, 3, 1, '<p>Presidensial<br></p>', 0),
(957, 207, 3, 3, 1, '<p>Parlementer<br></p>', 5),
(958, 207, 3, 3, 1, '<p>Perdana Menteri<br></p>', 0),
(959, 207, 3, 3, 1, '<p>Ekstra Parlementer<br></p>', 0),
(960, 207, 3, 3, 1, '<p>Konstitusional<br></p>', -1),
(961, 208, 3, 3, 1, '<p>Sosial ekonomi<br></p>', 0),
(962, 208, 3, 3, 1, '<p>Politik<br></p>', 0),
(963, 208, 3, 3, 1, '<p>Teknis operasional<br></p>', 5),
(964, 208, 3, 3, 1, '<p>Eksekutif<br></p>', 0),
(965, 208, 3, 3, 1, '<p>Administratif<br></p>', -1),
(966, 209, 3, 3, 1, '<p>Max Scheller<br></p>', 0),
(967, 209, 3, 3, 1, '<p>Nursal Luth<br></p>', 0),
(968, 209, 3, 3, 1, '<p>Kluckhoorn<br></p>', 5),
(969, 209, 3, 3, 1, '<p>Kamus Ilmiah Populer<br></p>', 0),
(970, 209, 3, 3, 1, '<p>Nietzche<br></p>', -1),
(971, 210, 3, 3, 1, '<p>Dewi Sartika<br></p>', 0),
(972, 210, 3, 3, 1, '<p>Hasyim Asy’ari<br></p>', 0),
(973, 210, 3, 3, 1, '<p>Untung Surapati<br></p>', 5),
(974, 210, 3, 3, 1, '<p>Cipto Mangunkusumo<br></p>', 0),
(975, 210, 3, 3, 1, '<p>Danudirja Setiabudi<br></p>', -1),
(976, 211, 3, 3, 1, '<p>DPR<br></p>', 0),
(977, 211, 3, 3, 1, '<p>MPR<br></p>', 0),
(978, 211, 3, 3, 1, '<p>KY<br></p>', 0),
(979, 211, 3, 3, 1, '<p>MK<br></p>', 5),
(980, 211, 3, 3, 1, '<p>MA<br></p>', -1),
(981, 212, 3, 3, 1, '<p>Sugondo Joyopuspito<br></p>', 5),
(982, 212, 3, 3, 1, '<p>Muhammad Yamin<br></p>', 0),
(983, 212, 3, 3, 1, '<p>A.K. Gani<br></p>', 0),
(984, 212, 3, 3, 1, '<p>Tjio Djien Kwie<br></p>', 0),
(985, 212, 3, 3, 1, '<p>Wonsonegoro<br></p>', -1),
(986, 213, 3, 3, 1, '<p>Mr. Achmad Soebardjo<br></p>', 0),
(987, 213, 3, 3, 1, '<p>Mohammad Yamin<br></p>', 0),
(988, 213, 3, 3, 1, '<p>Agus Salim<br></p>', 0),
(989, 213, 3, 3, 1, '<p>Abikusno Cokrosuyoso<br></p>', 0),
(990, 213, 3, 3, 1, '<p>Supomo<br></p>', 5),
(991, 214, 3, 3, 1, '<p>Nilai dasar<br></p>', 0),
(992, 214, 3, 3, 1, '<p>Nilai Fleksibilitas<br></p>', 0),
(993, 214, 3, 3, 1, '<p>Nilai Instrumental<br></p>', 0),
(994, 214, 3, 3, 1, '<p>Nilai Praksis<br></p>', 5),
(995, 214, 3, 3, 1, '<p>Nilai Kehidupan<br></p>', -1),
(996, 215, 3, 3, 1, '<p>Pembentukan kabinet sangat demokratis<br></p>', 0),
(997, 215, 3, 3, 1, '<p>Jalannya pemerintahan lebih stabil<br></p>', 5),
(998, 215, 3, 3, 1, '<p>Para menteri bertanggung jawab secara kolektif<br></p>', 0),
(999, 215, 3, 3, 1, '<p>Para menteri dapat diganti sewaktu-waktu<br></p>', 0),
(1000, 215, 3, 3, 1, '<p>Pemerintahan lebih mencerminkan aspirasi rakyat<br></p>', -1),
(1001, 216, 3, 3, 1, '<p>Undang - Undang Nomor 1 tahun 1957<br></p>', 0),
(1002, 216, 3, 3, 1, '<p>Undang - Undang Nomor 5 tahun 1975<br></p>', 0),
(1003, 216, 3, 3, 1, '<p>Undang - Undang Nomor 18 tahun 1965<br></p>', 0),
(1004, 216, 3, 3, 1, '<p>Undang - Undang Nomor 25 Tahun 1999<br></p>', 5),
(1005, 216, 3, 3, 1, '<p>Undang - Undang Nomor 22 tahun 1948<br></p>', -1),
(1006, 217, 3, 3, 1, '<p>Lenong<br></p>', 5),
(1007, 217, 3, 3, 1, '<p>Mamanda<br></p>', 0),
(1008, 217, 3, 3, 1, '<p>Ludruk<br></p>', 0),
(1009, 217, 3, 3, 1, '<p>Kethoprak<br></p>', 0),
(1010, 217, 3, 3, 1, '<p>Makyong<br></p>', -1),
(1011, 218, 3, 3, 1, '<p>UU No. 31 Tahun 1999<br></p>', 0),
(1012, 218, 3, 3, 1, '<p>UU No. 20 Tahun 2001<br></p>', 0),
(1013, 218, 3, 3, 1, '<p>UU No. 15 Tahun 2002<br></p>', 0),
(1014, 218, 3, 3, 1, '<p>UU No. 30 Tahun 2002<br></p>', 5),
(1015, 218, 3, 3, 1, '<p>UU No. 7 Tahun 2006<br></p>', -1),
(1016, 219, 3, 3, 1, '<p>1945<br></p>', 0),
(1017, 219, 3, 3, 1, '<p>1955<br></p>', 5),
(1018, 219, 3, 3, 1, '<p>1959<br></p>', 0),
(1019, 219, 3, 3, 1, '<p>1965&nbsp;&nbsp;&nbsp;&nbsp;<br></p>', 0),
(1020, 219, 3, 3, 1, '<p>1995<br></p>', -1),
(1021, 220, 3, 3, 1, '<p>1 tahun<br></p>', 0),
(1022, 220, 3, 3, 1, '<p>3 tahun<br></p>', 5),
(1023, 220, 3, 3, 1, '<p>5 tahun<br></p>', 0),
(1024, 220, 3, 3, 1, '<p>7 tahun<br></p>', 0),
(1025, 220, 3, 3, 1, '<p>9 tahun<br></p>', -1),
(1026, 221, 3, 3, 1, '<p>fakta<br></p>', 0),
(1027, 221, 3, 3, 1, '<p>priodisasi<br></p>', 0),
(1028, 221, 3, 3, 1, '<p>kronik<br></p>', 5),
(1029, 221, 3, 3, 1, '<p>kronologi&nbsp;&nbsp;&nbsp;&nbsp;<br></p>', 0),
(1030, 221, 3, 3, 1, '<p>sumber<br></p>', -1),
(1031, 222, 3, 3, 1, '<p>custom<br></p>', 0),
(1032, 222, 3, 3, 1, '<p>jurisprudensi<br></p>', 0),
(1033, 222, 3, 3, 1, '<p>treaty<br></p>', 5),
(1034, 222, 3, 3, 1, '<p>doktrin<br></p>', 0),
(1035, 222, 3, 3, 1, '<p>adat<br></p>', -1),
(1041, 224, 3, 6, 1, '<p>dfgdfgdf</p>', 0),
(1042, 224, 3, 6, 1, '<p>xcvxcvxcv</p>', 1),
(1043, 224, 3, 6, 1, '<p>dfgdfg</p>', 0),
(1044, 224, 3, 6, 1, '<p>erer</p>', 0),
(1045, 224, 3, 6, 1, '<p>dfgfgh</p>', 0),
(1080, 233, 0, 3, 2, '<p>haii</p>', 0),
(1081, 233, 0, 3, 2, '<p>hello</p>', 0),
(1082, 233, 0, 3, 2, '<p>hello world</p>', 5),
(1083, 233, 0, 3, 2, '<p>qweeryt</p>', 0),
(1084, 233, 0, 3, 2, '<p>adfgdfg</p>', 0),
(1085, 234, 0, 3, 2, '<p>bfggrty</p>', 0),
(1086, 234, 0, 3, 2, '<p>fhfbdgfh</p>', 0),
(1087, 234, 0, 3, 2, '<p>rtyrty</p>', 0),
(1088, 234, 0, 3, 2, '<p>qwerty</p>', 5),
(1089, 234, 0, 3, 2, '<p>fgvbng</p>', 0),
(1090, 235, 0, 3, 2, '<p>wewerrt</p>', 5),
(1091, 235, 0, 3, 2, '<p>dfdfgre</p>', 0),
(1092, 235, 0, 3, 2, '<p>hfghytuc</p>', 0),
(1093, 235, 0, 3, 2, '<p>vncnghhg</p>', 0),
(1094, 235, 0, 3, 2, '<p>vbnhjyu</p>', 0),
(1095, 236, 0, 4, 2, '<p>werwefb</p>', 0),
(1096, 236, 0, 4, 2, '<p>ghjty</p>', 5),
(1097, 236, 0, 4, 2, '<p>nvbmhjgh</p>', 0),
(1098, 236, 0, 4, 2, '<p>mghghjgh</p>', 0),
(1099, 236, 0, 4, 2, '<p>ertwqwe</p>', 0),
(1100, 237, 0, 4, 2, '<p>fgjtyu</p>', 5),
(1101, 237, 0, 4, 2, '<p>ertertty</p>', 0),
(1102, 237, 0, 4, 2, '<p>ghjgyt</p>', 0),
(1103, 237, 0, 4, 2, '<p>bnjjghk</p>', 0),
(1104, 237, 0, 4, 2, '<p>rtrtyuyi</p>', 0),
(1105, 238, 0, 5, 2, 'vbnghjyu', 5),
(1106, 238, 0, 5, 2, 'dgrtyrty', 4),
(1107, 238, 0, 5, 2, 'ghgty', 2),
(1108, 238, 0, 5, 2, 'hgjghjyu', 3),
(1109, 238, 0, 5, 2, 'ghnjmjh', 1),
(1110, 239, 0, 5, 2, 'ertery', 3),
(1111, 239, 0, 5, 2, 'fghvbnvb', 2),
(1112, 239, 0, 5, 2, 'fgtyty', 4),
(1113, 239, 0, 5, 2, 'fghrttr', 1),
(1114, 239, 0, 5, 2, 'fgnhgjty', 5),
(1115, 240, 0, 1, 6, '<p>0</p>', 4),
(1116, 240, 0, 1, 6, '<p>1</p>', -1),
(1117, 240, 0, 1, 6, '<p>2</p>', -1),
(1118, 240, 0, 1, 6, '<p>3</p>', -1),
(1119, 240, 0, 1, 6, '<p>4</p>', -1),
(1120, 241, 0, 2, 6, '<p>sure</p>', 5),
(1121, 241, 0, 2, 6, '<p>no</p>', 0),
(1122, 241, 0, 2, 6, '<p>no problem</p>', 0),
(1123, 241, 0, 2, 6, '<p>yes</p>', 0),
(1124, 242, 0, 1, 6, '<p>0</p>', -1),
(1125, 242, 0, 1, 6, '<p>1</p>', -1),
(1126, 242, 0, 1, 6, '<p>2</p>', 4),
(1127, 242, 0, 1, 6, '<p>3</p>', -1),
(1128, 242, 0, 1, 6, '<p>4</p>', -1),
(1129, 243, 0, 1, 6, '<p>sdferrer</p>', -1),
(1130, 243, 0, 1, 6, '<p>dfgrttrt</p>', -1),
(1131, 243, 0, 1, 6, '<p>sdfsdfger</p>', 4),
(1132, 243, 0, 1, 6, '<p>dfgrterw</p>', -1),
(1133, 243, 0, 1, 6, '<p>dsfgdre</p>', -1);

-- --------------------------------------------------------

--
-- Table structure for table `kel_skd`
--

CREATE TABLE `kel_skd` (
  `id_skd` int(11) NOT NULL,
  `nama_skd` varchar(100) NOT NULL,
  `ambang_score` int(11) NOT NULL,
  `maks_score` int(11) NOT NULL,
  `waktu` int(11) NOT NULL
) ENGINE=InnoDB DEFAULT CHARSET=utf8mb4;

--
-- Dumping data for table `kel_skd`
--

INSERT INTO `kel_skd` (`id_skd`, `nama_skd`, `ambang_score`, `maks_score`, `waktu`) VALUES
(3, 'Seleksi Kemampuan Dasar (SKD)', 271, 500, 90);

-- --------------------------------------------------------

--
-- Table structure for table `leaderboard`
--

CREATE TABLE `leaderboard` (
  `id_leaderboard` int(11) NOT NULL,
  `id_user` int(11) NOT NULL,
  `id_paket` int(11) NOT NULL,
  `id_event` int(11) NOT NULL,
  `nilai_tpa` int(11) DEFAULT NULL,
  `nilai_tbi` int(11) DEFAULT NULL,
  `nilai_twk` int(11) DEFAULT NULL,
  `nilai_tiu` int(11) DEFAULT NULL,
  `nilai_tkp` int(11) DEFAULT NULL,
  `nilai_skd` int(11) DEFAULT NULL,
  `nilai_tsa` int(11) DEFAULT NULL,
  `nilai_total` int(11) NOT NULL,
  `nilai_psikotes` int(11) DEFAULT NULL,
  `status` varchar(50) NOT NULL,
  `analisis_jurusan` varchar(128) DEFAULT NULL
) ENGINE=InnoDB DEFAULT CHARSET=utf8mb4;

--
-- Dumping data for table `leaderboard`
--

INSERT INTO `leaderboard` (`id_leaderboard`, `id_user`, `id_paket`, `id_event`, `nilai_tpa`, `nilai_tbi`, `nilai_twk`, `nilai_tiu`, `nilai_tkp`, `nilai_skd`, `nilai_tsa`, `nilai_total`, `nilai_psikotes`, `status`, `analisis_jurusan`) VALUES
(7, 8, 2, 2, 0, 0, 0, 0, 0, 0, NULL, 0, NULL, 'TIDAK LULUS', NULL);

-- --------------------------------------------------------

--
-- Table structure for table `modul`
--

CREATE TABLE `modul` (
  `id_modul` int(11) NOT NULL,
  `judul_modul` varchar(128) NOT NULL,
  `jenis` varchar(128) NOT NULL,
  `deskripsi` text NOT NULL,
  `video` varchar(255) NOT NULL,
  `thumbnail` varchar(255) NOT NULL,
  `subjudul1` varchar(255) NOT NULL,
  `subdesk1` text NOT NULL,
  `subjudul2` varchar(255) DEFAULT NULL,
  `subdesk2` text DEFAULT NULL,
  `subjudul3` varchar(255) DEFAULT NULL,
  `subdesk3` text DEFAULT NULL
) ENGINE=InnoDB DEFAULT CHARSET=utf8mb4;

--
-- Dumping data for table `modul`
--

INSERT INTO `modul` (`id_modul`, `judul_modul`, `jenis`, `deskripsi`, `video`, `thumbnail`, `subjudul1`, `subdesk1`, `subjudul2`, `subdesk2`, `subjudul3`, `subdesk3`) VALUES
(18, 'Indonesia Raya', 'Tes Wawasan Kebangsaan (TWK)', 'Lagu Indonesia Raya', 'Indonesia_Raya_-_W_R__Soepratman.mp4', '3.jpg', 'Indonesia Raya Stanza 1', 'Testing Video', 'Indonesia Raya Stanza 2', 'Testing Video', 'Indonesia Raya Stanza 3', 'Testing Video');

-- --------------------------------------------------------

--
-- Table structure for table `paket`
--

CREATE TABLE `paket` (
  `id_paket` int(11) NOT NULL,
  `nama_paket` varchar(256) NOT NULL,
  `harga_paket` int(255) NOT NULL,
  `tpa` int(1) DEFAULT NULL,
  `tbi` int(1) DEFAULT NULL,
  `twk` int(1) DEFAULT NULL,
  `tiu` int(1) DEFAULT NULL,
  `tkp` int(1) DEFAULT NULL,
  `tsa` int(1) DEFAULT NULL,
  `psiko` int(1) DEFAULT NULL
) ENGINE=InnoDB DEFAULT CHARSET=utf8mb4;

--
-- Dumping data for table `paket`
--

INSERT INTO `paket` (`id_paket`, `nama_paket`, `harga_paket`, `tpa`, `tbi`, `twk`, `tiu`, `tkp`, `tsa`, `psiko`) VALUES
(2, 'Paket CPNS', 30000, NULL, NULL, 1, 1, 1, NULL, NULL),
(3, 'Paket Regular SPMB PKN STAN', 40000, 1, 1, 1, 1, 1, NULL, NULL),
(4, 'Paket D3K PKN STAN', 45000, 1, 1, NULL, NULL, NULL, NULL, NULL),
(5, 'Paket D4K PKN STAN', 50000, NULL, NULL, NULL, NULL, NULL, 1, NULL);

-- --------------------------------------------------------

--
-- Table structure for table `pembayaran_tiket`
--

CREATE TABLE `pembayaran_tiket` (
  `id_bayar` int(11) NOT NULL,
  `id_user` int(11) NOT NULL,
  `request1_id_paket` int(11) NOT NULL,
  `request2_id_paket` int(11) DEFAULT NULL,
  `request3_id_paket` int(11) DEFAULT NULL,
  `request4_id_paket` int(11) DEFAULT NULL,
  `bukti_bayar` varchar(256) NOT NULL,
  `is_active` int(11) NOT NULL,
  `tgl_upload` timestamp NOT NULL DEFAULT current_timestamp() ON UPDATE current_timestamp()
) ENGINE=InnoDB DEFAULT CHARSET=utf8mb4;

--
-- Dumping data for table `pembayaran_tiket`
--

INSERT INTO `pembayaran_tiket` (`id_bayar`, `id_user`, `request1_id_paket`, `request2_id_paket`, `request3_id_paket`, `request4_id_paket`, `bukti_bayar`, `is_active`, `tgl_upload`) VALUES
(2, 8, 3, 2, 3, NULL, 'a.jpg', 1, '2020-05-08 17:00:00'),
(4, 8, 3, 2, 3, 2, 'aa.jpg', 1, '2020-05-09 13:55:02'),
(5, 8, 4, 5, NULL, NULL, 'kodingan_1.JPG', 1, '2020-05-09 13:55:59'),
(6, 8, 4, 4, 5, 5, 'images.jpg', 1, '2020-06-09 06:04:20'),
(7, 8, 4, 4, 3, 5, '2.png', 1, '2020-06-09 06:04:15'),
(10, 1, 3, NULL, NULL, NULL, 'twibbon_oprec_em2020.png', 1, '2020-05-10 16:43:59');

-- --------------------------------------------------------

--
-- Table structure for table `rule_tes`
--

CREATE TABLE `rule_tes` (
  `id_rule_tes` int(11) NOT NULL,
  `score_benar` int(11) NOT NULL,
  `score_salah` int(11) NOT NULL,
  `score_kosong` int(11) NOT NULL
) ENGINE=InnoDB DEFAULT CHARSET=utf8mb4;

--
-- Dumping data for table `rule_tes`
--

INSERT INTO `rule_tes` (`id_rule_tes`, `score_benar`, `score_salah`, `score_kosong`) VALUES
(1, 4, -1, 0),
(2, 5, 0, 0),
(3, 1, 0, 0);

-- --------------------------------------------------------

--
-- Table structure for table `soal`
--

CREATE TABLE `soal` (
  `id_soal` int(11) NOT NULL,
  `id_paket` int(11) NOT NULL,
  `id_topik_tes` int(11) NOT NULL,
  `id_event` int(11) NOT NULL,
  `id_skd` int(11) NOT NULL,
  `soal` text NOT NULL
) ENGINE=InnoDB DEFAULT CHARSET=utf8mb4;

--
-- Dumping data for table `soal`
--

INSERT INTO `soal` (`id_soal`, `id_paket`, `id_topik_tes`, `id_event`, `id_skd`, `soal`) VALUES
(47, 3, 1, 1, 0, '<p>REKOGNISI = . . . . . .<br></p>'),
(48, 3, 1, 1, 0, '<p>HOSTES = . . . . . .<br></p>'),
(49, 3, 1, 1, 0, '<p>ENIGMA&nbsp;<br></p>'),
(50, 3, 1, 1, 0, '<p>LANTING<br></p>'),
(51, 3, 1, 1, 0, '<p>CURANG&gt;&lt; . . . . . .&nbsp;<br></p>'),
(52, 3, 1, 1, 0, '<p>PEMERINTAH : PERPU = ….&nbsp;<br></p>'),
(53, 3, 1, 1, 0, '<p>OTONOMI : MANDIRI = ….&nbsp;<br></p>'),
(54, 3, 1, 1, 0, '<p>KAYU : …. = BERAS : NASI GORENG&nbsp;<br></p>'),
(55, 3, 1, 1, 0, '<p>Riset Universitas Nusa Cendana menunjukkan, mangga kelapa pulau Alor kaya vitamin C. Setiap 100 g daging buah mengandung 31,91 mg vitamin C. Artinya, cukup dengan menyantap 200 g alias sperempat buah mangga alor, maka kebutuhan asupan vitamin C untuk laki-laki dan perempuan dewasa sebanyak 60 mg per hari dapat terpenuhi.</p><p>Bila musim berbuah tiba, Mangifera indica itu jadi incaran para wisatawan dan pejabat yang berkunjung ke kabupaten paling timur di Provinsi NTT itu. Rombongan pejabat juga tidak ketinggalan untuk selalu mampir ke tempat tersebut. Rasanya yang manis dan ukuran superbesar membuat mangga itu menjadi oleh-oleh khas Alor yang paling digemari. Pada Oktober 2008 mangga kelapa asal pulau seribu Moko (julukan Pulau Alor) itu resmi ditetapkan sebagai salah satu varietas unggul lokal. Namanya pun berganti, `Sekarang namanya mangga alor bukan mangga kelapa lagi’, kata Ir Johannis Francis, kepala Badan Ketahanan Pangan dan Penyuluhan Pertanian Kabupaten Alor. Untuk pengembangan bibit, pohon mangga alor milik Hamid Eta yang menjuarai kontes dipilih menjadi pohon induk. Dari pohon berumur 18 tahun itulah nantinya akan dikembangkan bibit-bibit mangga alor. (Disadur dari berbagai sumber – Subunit TPA)</p><p>&nbsp;Ide pokok paragraf terakhir dari bacaan diatas adalah...&nbsp;<br></p>'),
(56, 3, 1, 1, 0, '<p>Riset Universitas Nusa Cendana menunjukkan, mangga kelapa pulau Alor kaya vitamin C. Setiap 100 g daging buah mengandung 31,91 mg vitamin C. Artinya, cukup dengan menyantap 200 g alias sperempat buah mangga alor, maka kebutuhan asupan vitamin C untuk laki-laki dan perempuan dewasa sebanyak 60 mg per hari dapat terpenuhi.</p><p>Bila musim berbuah tiba, Mangifera indica itu jadi incaran para wisatawan dan pejabat yang berkunjung ke kabupaten paling timur di Provinsi NTT itu. Rombongan pejabat juga tidak ketinggalan untuk selalu mampir ke tempat tersebut. Rasanya yang manis dan ukuran superbesar membuat mangga itu menjadi oleh-oleh khas Alor yang paling digemari. Pada Oktober 2008 mangga kelapa asal pulau seribu Moko (julukan Pulau Alor) itu resmi ditetapkan sebagai salah satu varietas unggul lokal. Namanya pun berganti, `Sekarang namanya mangga alor bukan mangga kelapa lagi’, kata Ir Johannis Francis, kepala Badan Ketahanan Pangan dan Penyuluhan Pertanian Kabupaten Alor. Untuk pengembangan bibit, pohon mangga alor milik Hamid Eta yang menjuarai kontes dipilih menjadi pohon induk. Dari pohon berumur 18 tahun itulah nantinya akan dikembangkan bibit-bibit mangga alor. (Disadur dari berbagai sumber – Subunit TPA)</p><div>Pernyataan yang tidak sesuai dengan bacaan diatas adalah....<br></div>'),
(57, 3, 1, 1, 0, '<p><img src=\"data:image/png;base64,iVBORw0KGgoAAAANSUhEUgAAAXYAAAAlCAYAAABWM8KIAAARUUlEQVR4Ae3dR48dRRcGYP8C+APwA4A1C1jADljAAhawRWIDLEACCZBAgg0gYEFYEIyQQeScgwCRg8k555xzjv3pqc/vpdzuvr5jz1yPPXWknu6ucMJ7qk5VV9ftWdU1agg0BBoCyxiBv/76q/viiy+61157rXvxxRc3OF555ZXus88+W8YWzF+1VfMX2SQ2BBoCDYHZEfjhhx+6xx57rLvkkku61atXb3CsWbOmW7t27ewMV0DJFthXgJObiQ2BrRWBf/75p/vkk0/KLP3111/v3nzzze7VV1/tXn755XJ+++23uw8++KD75ptvtlYTl0TvFtiXBNbGtCHQEFgMBH799dcSzAVwM3dLLh9++GHnXqD/6quvun///XcxRG1TPFpg36bc2YxpCGxbCHz88cdlti6Af/TRR92TTz7Zvfvuu+W49957uyeeeKKzBt9ofQRaYF8fj3bXEGgILBME/vjjjxLUX3rppc71e++91z3yyCMlwHuZesstt3S33XZbyVsmKi8bNVpgXzauaIo0BFYmAtbRHTW5N1t/5plnyhq75Zaff/657I6xJGM55o477ugefvjh7s8//6yrtuuu61pgb82gIdAQ2GIImIl//fXX3ffff9/9/fffEz1++umnyQvT33//fZIu4P/4448l77777uveeeed9epNCq7wixbYV3gDaOY3BLYUAmbhArp1cvvTzciR4P3+++93L7zwQgn69cvRBHY7Yx544IGyM6bN2Df0YAvsG2LSUhoCDYE5ICBgm5k/9NBD3e23316WV7Lk4kdHdr6Y0SPpdsgon1m+Gbs19rbVcUNntcC+ISYtpSHQEJgDAoK1HS32pl9zzTXdU0891Vl2+fTTT8tMvN7KmHJepCrz22+/dQ8++GDnx0leqjZaH4EW2NfHo901BBoCc0RAcLdmbsZul0v2qJutm6GHzNKffvrpsvxi+ea7777r7r///u6qq64qL1dTrp3/j0AL7K0lNAQaAlsUAevmZuKXXnppd/fdd5dflfohUv0y1bVfmCpnt0y2PtrXXg8AW9SQZSS8BfZl5IymSkNgpSJgFn7rrbeW78E8++yzkxepNR6WYOygsVRjZi+4f/vtt+2XpzVI665bYB8ApSU1BBoC80XAjPyNN97o/JrUMkw9W48mlm3sgDFDdwj0ZvuNNkSgBfYNMWkpDYGGwCIgYFa9kENgN1v3eV7LLgupO0vZRTBpq2HRAvtW46qmaENg60LAVsSFHpZjHAut58XrDTfcUHbX2GEzdGxd6G2eti2wbx5+rXZDoCEwgoBtjPM6/JjJMs7NN99cBoYMEPV5RM1tMrkF9m3Src2ohsDKQcDau5eqdsg8/vjj3XPPPTd4rBxE2rdiVpKvm60Ngbkj4GWnX4vavWLny1J8YteLVv+Mw/q8nTI+72uN3mcJPv/88/LLVPJXErUZ+0rydrO1ITBHBARcvx71/XRLJb4JYw/6UHA3AAylz6KuHTI+Bua/KuFvV40lIDIF+k3lO4vs5VqmBfbl6pmmV0NgK0fA53XfeuutMpv2gyOfAHDUnwqIib6v7psvllUWQsqblQvidtVYhhHU7XW3LOMHT54YVhq1wL7SPN7sbQjMCQHBXKAVsO0396/sbrzxxhLs+/vU5Vk6Wei+9F9++aVsj/R1SIODAG8pxpciPSFcd911ZQloTiYvGzGTwA4Y313oHx6jVjppPHfeeeeiwoBfePoP7HAnZ2smNsSmxbLDN0Hw1T7nQUthA73NKvF2noW0BeW1jXlS4sBC2uJY/xDQLZGYuQvYYoktiWbW/cDuUwFjP0xiv/KOekbvXhD38TCDiO/JZC0fzo8++mh5Qpj1kwOz+Ghj+My7vY61jUlg14h23XXXchx00EGdY8899+wOPfTQuXWqMSW3dLoGevTRRy+qGocffni3yy67FJ5nnnlmt2rVqtJIF1XInJntvffeE5tmFa2zTwsiXoJpl8cff/ysLEfL6bg63jTaFBum8UuemeTOO+9clgaSNu2szel/Bx544LRii54nDmy//fYLaotj/SO/ErXG7Vi7dm35r0fWwfsz82mB3S9MBW4z8nq93IAh0Po2O1kIX0sv+V67Hzslb2NgzeKjjeGzmO11Y/pOy58EdoUuuuiicqQCQzWu/ffff2rnS/l2nh0BM40EdrW2hcCuvdQ2zYKGiQMsppF2uRiB/bTTTiuP6tNkbYoN0/jVeWyw5jsrKTvvwE43PtyYT2a1IeUE5rvuuqvgbyAXfG1RtN7uMLv2b/AEb/dm3vlkgGv/As//OxXMkQAuiPriY73jRbpP+ho8rLF74lnIGvssPtoYPovVXoPdppynBnYMNXQjuA/fozyuGLnMfnJv5pUlBWkh5epDHscmLY/uqZtHGfl9IkM6HuqlTK5rueEX/nmEypmcXIcneZFPlnwkH78QOdIcyqHIS315oSE5Y4G95l3zxQ/v5I/hrU7wpVP0ii3ya33q+1p3PCKLbPfJJzsyagwSFMM/MuOfvizpBrRzzz23yJI/ROko4UOvUOyLn3MfXeMH6TvssEN3+umnl7Ve6dJQ+LqODa5jR8qVwuv+pH5slBzZ0UVacJJWB42kB7/oG5nOCezwVq6W5T4HOakXPvLIQKkvzfUQxdf41IEr2IRfeEVe6g1hRI6lE+vdgvbzzz9f2lCCsjR7zx3XX399+bWpdXH3ZvACvOUWgRl/ZSzjqI+n2Xhm5OQYCAR+M3TBHY9rr722rN1nCSeYOYfii76PYmsftxqf4KBM2mXaa/LGMI/8pThvNLATypCbbrqpNJTzzz+/LNN4ZL3gggtKR/CIaeZ10kknlRn+5ZdfXnRlmMdoyzpZ5tFx/EsrTwLSd9999+LsLEfgKX3HHXcs6bXR/mOKdB3EUga5AHWNX+QC8rjjjit89tprr0nDNkCpi78GcfDBB5drtrAL+SnzfvvtV55cjjjiiJImPzMnHScY4MNuDh3TX6MZkjMW2OGMr4Mscl2zj27wG8M7WOUxfrfddis+YU+euuh66qmnFp58ksYHG0GPLPwN5GSRC3M8zZDc88Nll11WyioPA3YqL3ieddZZJY9MNvCPAI74iyxlLW9Jp5/7MdJR8MKHL/gQDfl5zA/SyVXfrxHZEZ/W+tFDe0fBSd2aYKi+9k4vNKSLdDixjwxlM2Pv46c98ocyMIWTsnzIfjy0o8hKv+Ir+gTXvg+V5x888TjmmGMKj/oP33maUYbv+FD7xFf/kU6etez0QX1DOrzq/lHzTVDPVsQvv/yyBGkB2Czb3nMza4eYYKnGN1/cm7nTCw+BXLq+cc8995Tg7QlAGxX8U8ZOGIOHgcCSjReyPgUswOPBR33c6DvmozHcEtjH+nbaKyxhc/LJJ9ewzOV65sB+5ZVXFiA1NI1IA9IAGKejAUzH1xgTEBnGSKT+2WefXa7V1yCc8Uun1sl1AKTTGb37JF2nEmh0PHJd13IBSSf8dZQAyyEJ4OoILJzNlnRyPM0gvb1Ph6Zf8n3cP/bRjfwMKEP6j8kZCuwCDpxC8KSD4MueBLQxvFPPGR4CMh50SLCmqwYLG+cEC9hohAh/nQil4/KzIO3fmLnmezwc7M5AkKCtLmzgxVZlQmTVPpc/jbQh+rODPRn0x/w85Af8a7nwiU9r/eilnNmbf/4wRDCAEdsENzSkC7xMXOgdH5A7hl/sjMz4UDClI8yRewcd68FizId0FKS1a2X6JGAfcMABJZn9fEiea/41W9ZW0pfhZuIUUi5YJs3ZS0tr3ZZR7I7RRhywEGhrmrbGHl6Wa/QPvPRbL1sNEsjMXttQRtA3cAjyXtYqS94QbmM+wnMMNxjChx1DMSR+hIsj/aooOqc///W2gTV2OmgQOpLRVEPbaaedihM50mGdTCOP0+sOw6hjjz22u/rqq7sTTjhhErQALU19vJVDOiTAkDy8+lSnkzkkVxkzDWdHAjSHRBa+dFA/ZaVxvjpp0NLUkYZqme41NPajMf2H5LCz7mTqkpFBAj8dQ10D5B577DGRM4Z3UWLdn9oPktSR5owXWY6jjjqq1KixqfnLFDx0frMqW9Lovt1220144AMjR21TsFKefaFaVo1Z8vtnfOgUijzn+M51/FzzlJ52VMut8an1Y4M2acIhCA0RDPClF/+gIV3qdqNMfDCGX9/OMR31SXIPO+yw0h+H7Kt9aG1bu9p3333X809si59yDyc6+qUoOSeeeGIZpJVDNabu+3aGj8Dn+y2WUExafMdF/zJz7wd2Py4ysxegh8is3KydPldccUWRCQfpyNkyjH3zDnvZLfX4NaoZvPwh3Pq6x0d4juEWfJShD1zSDqXVfsRf+XnTf71tIGgBQkA28xLABXcje7YPCdCu60ZUN0b5hxxyyCQAxDizG0AgjYTxaKxDlsx1f+pGVTfIWq4ZtcAcMhtAdcfWaHVgDa12rrLyBIl99tmn1KvzzQDMXoKBDpOngCH9x+ToOLXD1c2sD+5IYDGQks8+OKMxvEvmuj/KR39J/IaPQcITSmgIm5q/cmauBug8TWgLdI+ebHSNf20TnNRVnn0IbmODeXTqn+uOQha7BNcxPw/5Ac/a/2bd2hKCc/Rjg0GL/+EUP9c6sVXb1nb4h05DulheMUDIR56O+GUMv9pO5es2XQ8+2pzBGR++Ug7V9sWH9JfOd/02Vyqtm5zwFYp/lDWQ6/uwrvta3QfVgVmwDE9n6+CCrCdO7cxZ8PbEkoCc8tItwfQDfvKdrZub/V944YXlxSg+NRkUyDRw8JED9uE5hNuYj6bhBk/44D0UQ2o/9vtEre9SXk8CO+A512EUcgjqGpAGjDQkjj7vvPNK/jnnnFM6haChnsaujsbsWmM644wzJvzwRDpB0nVS10ZHnQv4dMEDr7pj4Zl019FX+VouffGNHQKvMpxAFtJY8VLGur5rZXQIg4J0gw/56iRfvRqDU045pfDyuDqkfxpOXw4M6aNeXVfgZYvyHvVh61qQcQ2nMbyLYev+6OwaoLoOfkQaWuyWTl6NDVzDPwGJ39URDEMG7OiZdy2wMbuPTPipi9gqnX8FzvhBOix0QrbBok/8eeSRR5b66uUpY8jPNZbsonfaEX3UZ2Ptf+2D79SVTyd1lacbvWqCrUGYPYI1XkO6sB3ueCpb69LHD7baM+xhod3VbZoe0bFuI+QrR0d6x774UMBMO4C9Mn2MtQkDVO0fZTOJkW5gpx85tR39/lHjJKB6kVkf1r77QV0ds2q8hvLCU55lFi9X2ZWAXecrI8DnqPkN4YbPkI8yCAaT4AY71/xRt6HEEPjEj9pZ3Z6iZ854aWchddUJ9e+TPst5EtgFYaNu/+D0mjTglFFHfu7rPNeZcSRfRxEs6nI6qfz6XOuSwECHul59XZeXjsIPbw6oy8Se6JWyyjjM1uS5Jj/l3KNaduSlDl7KpU5dv5aTfPXqujWe1hBTLnVzlj6kR2yDvQ6Y+rUfI0+e9FrfmifcQgbj+t51eNMpNFY/MpWNDeoknR7SyRmilCOzpvCSTqeUk17bxQ+5j8+if+rkLF3ZlMerJrqmbJ3X10UdZfty6NLHr75Xp243Nabk1jwjM2ey6vL4Ji9nPPpU26qco9YpdXMmh461nngsZxrCjY11evzKrtias7zksx/FtymTc98PQ9jgVaerm7aJd/9+IdhOAvtCKs1a1kyiJrs6ANlo6RHIoLpYkjxeLjWZwdQNfanlNf4NgW0VgSUN7JYsPMrk8CjUaD4ImIWYEXj0tVvAOvLYMU2j+K6eSUwrvzl59KV3o4ZAQ2DzEFjSwF4/Eno0aZ1285y1KbXt8/UC006CNWvWlJdgq1ev7i6++OKy3i19GuVRc1qZltcQaAgsLwSWNLAvL1NXpja2e1mr9zLIDzZcS7MX2DqiXQSNGgINgW0Lgf8BTnUCshGTNMAAAAAASUVORK5CYII=\" data-filename=\"image.png\" style=\"width: 374px;\"><br></p>'),
(58, 3, 1, 1, 0, '<p><img src=\"data:image/png;base64,iVBORw0KGgoAAAANSUhEUgAAAigAAAA5CAYAAAAcGNCSAAAeJElEQVR4Ae2dScxVxdPG3bt2rTsXJq6MiSvduXDhxpiYmOjGYMJCNApBo0FBUESDMgkCyiTgxCAgoCCKiAwvozI7IYgMKg7gbP/z68/nfkXT55w7v/flrUrO7Xt6qK5+urpO3e4+fS8LTo6AI+AIOAKOgCPgCPQYApf1mDwujiPgCDgCjoAj4Ag4AsEdFFcCR8ARcAQcAUfAEeg5BNxB6bkucYEcAUfAEXAEHAFHwB0U1wFHwBFwBBwBR6ACgb/++iscOXIkTJ06NYwePTo89dRTlVcFS0+uQMAdlAqAPNkRcAQcAUfAETh//nxYuHBhePvtt8PatWvD6tWrKy9HrTUE3EFpDT8v7Qg4Ao6AI3CJI/Dbb7+Fw4cPRwfl9OnTAWfl3LlzldclDkvHm+cOSsch9gocAUfAEXAEqhD4448/wg8//BB+/PHHcOrUqXDmzJnw+++/VxXrSvrRo0fjzMm+ffsCSz0Q4c8//xwv5EbeX375pSvyDJZK3EEZLD3t7XQEHAFHoIcRwAn44IMPwkcffRTeeuutsGTJkoBD0Au0e/fuMGvWrOgw/fvvv+HPP/8M3377bdi6dWvYsWNHlHvZsmVh48aNgdkW8ji1joA7KK1j6BwcAUfAEXAEWkDg4MGDYf/+/YHlk++++y4cO3YsOimzZ88OmzdvboFz60WPHz8eHY8NGzbUmOE4vf/++3HZB5mZPSEdJ2bFihXRgall9i9NI+AOStPQeUFHwBFwBByBVhH4559/4mzJhx9+GFlxzwwEDgtvzDz33HNxz0er9TRbnlkdnA6WnkTvvvtumDZtWti5c2dAXujAgQNh0qRJ4bHHHouzKMrrYfMIuIPSPHZe0hFwBBwBR6BFBFguef7558OCBQsu2HPC/hPemnnwwQcDsxhyBFqsrqHibITFOcEhscs2e/bsCatWrYpOieIPHToUJk+eHEaMGOEOSkMoF2d2B6UYG09xBBwBR8AR6DACbDZ95ZVXwhtvvHHRJlP2oQwbNiyeP6LNqR0W5wL227dvj0s5nH8iwiHhLZ6zZ89eMLOzZcuWMHHixDBnzpzAhl+n1hFwB6V1DJ2DI+AIOAKOQJMI8MA/efJk3H/y999/17j8+uuvcVZl+PDhMb3dMyjUq9mPWqXmC/XhbPT19RU6HJQnH7LiYLHE88033/TLbI8R/ZL56g7KJdOV3hBHwBFwBC4dBFhG4YHP8k+7Z09wKniVmVmQHLHsxKzJ0qVLw5dffpnLEp0bXiveu3dvePXVV+NyFG/7WCcrW9Aj60bAHZS6ofKMjoAj4Ag4At1AgCWS+fPnhylTpkQHoF114jwwW7N+/fowb968uMk1xxvHZdGiRXGjLq8NFxFpvB69bdu2sHz58niyLPdlMzNFvDz+YgTcQbkYE49xBBwBR8AR6EcE2M+Bg8KZKHY/B47DF198ET777LN4Rgqv+xZd5OH1ZZZf5DAwM8ISzJo1a8LIkSPjrAdxlphdwcmYPn16PDhOZW0efSeN8jgqvNHz0ksvRbmp06l1BNxBaR1D5+AIOAKOgCPQBgRwDjhXhCWTXbt2RefCssW54LwRDnLjYLSyizwrV66M/OALMYOC88Arw88880wYP358fBPH1kH9mzZtirMsRbMnLO389NNPNceH8vB88803a5t6fanHotrcd3dQmsPNSzkCjoAj4Ai0GQEOPOO1XvZ18IovxCyFZjFwGDhWnmWaei6cDWZgVJ5Qzgp/9sc/EvN6syVmQlj+4Rh75bXpxHFiLK8eWyeEfTLr1q0L99xzT3zzx2dRLGrNfXcHpTncvJQj4Ag4Ao5AGxHAmcA5YGkGRwRngrNQ5IhYZ6Ad1cJ3xowZYdSoUbVD2JgVYVmJfywuIvLMnDkznnkiJ4q8LPXgtAwZMiTOwPAqslNrCLiD0hp+XtoRcAQcAUegRQR46DNrwtLKiRMnosPATAmnyX7yyScXvYLcYnWxOA4Ph62xF0UHsfG/Omyg5X92ighHhKUclqGs08QR/eyb4WA5f9W4CL3G4t1BaQwvz+0IOAKOgCPQRgSYKcEp4Fh7NqZyngjX4sWLwwsvvBBnK+wyTRurjg4QdYwZMya+dozDwn/sWMcjVx+bb3Gcvvrqq/gasv7okAPn2PtiN/bmyntcfQi4g1IfTp7LEXAEHAFHoAMI4AywD+TRRx+NjsK4cePC2LFj40UcTov2kLS7eja7MnsydOjQuKEWB4WZnCpi6enrr7+OjhWbdvV/PYT2P3uq+Hh6OQLuoJTj46mOgCPgCDgCHUQA54PlEV4f1owEh6NxEVe23NKqWNRNPThC999/f+APC+vdO8Isyffffx837bIcxQZfNtY6tQ8Bd1Dah6VzcgQcAUfAERhgCOBU8EYPJ9byj8ROvYOAOyi90xcuiSPgCDgCjkCXEeC1YZwUZm+Kzj3pskhe3X8IuIPiquAIOAKOgCPQbwjwWm9/Xx9//HHg4i2idsrSb6BeIhW7g3KJdKQ3wxFwBByBgYgAp7n2wqWTZXOyPP3001HGCRMmhGeffTYQll3kgY9Tawi4g9Iafl7aEXAEHAFHoAUE2Ag7kC5t3q2SmXxOrSHgDkpr+HlpR8ARcAQcgUGAAIfJTZs2LUycODGez8L5KbmLzbbMoBw7dmwQoNLZJrqD0ll8nbsj4Ag4Ao7AJYAArxIPHz48niD7zjvvxOPwORI/dy1dujSefnsJNLtfm+AOSr/C75U7Ao6AI+AI9DoCHMz2+eefB06K5cwWDnjjzZ+ii9kW/jzQqTUE3EFpDT8v7Qg4Ao6AI9AGBPiPGx7sPPQ5AI0TWXvlyHj+W2flypVh37590fFAVv6tmAuZkRUnxqm9CLiD0l48nZsj4Ag4Ao5AEwjgBHBUPK/58n82LJPUe3AaJ8J26jh8mrJnz574n0A4ITgnzKZs3bo1bNu2Laxbty7Kyr8wV/2HTxOwDOoi7qAM6u73xjsCjoAj0P8IHDp0KDojJ0+ejP9mzP/c8I/BLKls2bKlUkAdtNYJJ4Wj9nGa+BNBCHk2b94cD3Y7ffp0OH78eHSokJU/EHRqHwLuoLQPS+fkCDgCjoAj0CACnOS6bNmy6ATgYHDP9emnn8Z/OOatmKoTXpl94U//KNdu4v95VqxYUfsTwLlz54aFCxfGWRTJu3HjxjB69OgwY8aMdlc/qPm5gzKou98b7wg4Ao5A/yLAkgmv6/LQt3tOcEqIe+ihh+IfBpY5H0eOHAmLFy9u+xILMuCcrF27traExJIO9xyNL2JGZdSoUWHSpEmK8rANCLiD0gYQnYUj4Ag4Ao5AcwjwtsvMmTOjg8FSjaUlS5aEYcOGBRyQsrdiSMeZafcekJ07d4b169cHlqBEbIo9e/bsBZtiedWYs08IndqHgDso7cOya5zw1O++++6u1WcrOnXqVLjpppvi5jDFs7udOKdqBMAJvPqLMOTIQNir1Cv6xBhjrLVKAwFz20bJywbQVqkeXiyT8OoutsU6Ibwhs2DBgjiDQnrVDMqiRYsaclCol6uIqI/lnL6+vgucEZufPLzBwwwQMzjsSWkHyc42aisatS/0MWWorxep5qDgwSJo2dWLDRiMMt1+++3hmmuu6XrTMTY33HBDuOyyy+IUJwKgN1dffXWM67pAA6hCGRywmzVrVr9IjjG67rrrYl/t3r27X2SoqrRX9Ak7ePnllwfGWis0EDC37bPysozRKqFn1l40wo89KCyZcHIry0BlhG1qxEHBscCZYCYkR9THUfa8TUSYEuV5FRq82BzLTA9H25c5PCmPontrZ+u1Fc3YF5yfa6+9NvYPe3h6kWoOCp3ALmWU6c4774zfued67bXXYjyDFgPi1L8I8Dobr7h1mzicSLog44XecLoieuNUjACvJ2p81Wt0irn9X0qjY5GTMKmbvuqWg9KojL2iT/TVVVdd1bKD0h+YV+lNWbqVV2O8LH9VGjYDLOHbCOEgMHsyZcqUsGvXrsqi7Ad5/fXXKx0EloBwTHidmSWhonHAMg78sLXnz5+/qH4cEZajWPphEy2ODP+G3I4ZFGtn67UVzdgX3k7iDxKxBz3voKgHEPaRRx7RbQzVeByUK6+8sl+nqC8QzG+6jgCKjI5Y46WHXteFGYAVgl29RqesefxiuvHGG8uyZNP0i7bIMGcLNRnJr8vUltTDqlf0iVnKVmdQaG83Ma8H36o8kteO8aoy7U7fvn17XF7BkeD5Izpx4kTYv39/OHjwYO3iTBLyTZ8+PcYdPny4lsZ3ymgGhhAbxlH1I0eOjMsydlmJenA+yPPiiy9Gx6poVoRZFGRjKWr16tWx/jVr1lQ6SWpLWSg726itaNS+0MeUob5epIt+9iJskVHZsGFDbAxT+k6DEwENHGu8euWBMhB6pFEDUtQmjGszy3x6+HTDQWH6uMiWFLWL+F7RJ3dQWl/iKevnXBrOALMt8+fPDzt27IhHytt8OL3M4rKkomv58uXh5ZdfDk8++WTtgDfSmNUgjTI4ERAzKMxQUMf48ePjDILdAEselm44z+S99967aPZEMyfpa89Hjx6NS1Fjx46N5YucGtuWsu+ys+6gJCiVOSh4i8yikId1MpHWv0hLl4GUhpJwKU9u8w+b0srSqVPphOkGNqaTtXnU8pKcRSF5KStZLW9t2CMuJzMyWJlsHaRxSW4rry3D95SUDmbpNLn4pmVsm4t40gbJQ56Ut8WAdOGpujRwyhwUeEp+2+ZUPuoSSTeIs+WtnimvDdU/xKlOQsubNNtm0m1fKo1Q/MiDTFCKicVMddp2Ko7QxsNLDoptYxk/W7fywfeKK66IeyRydUShCz6sg2L7Q221xcraQVqRLglP2sqMq/KqPqtTqsPilDooFiubz8rKd/Ud/MHN9jHplg/1pjoiHZS8OQdFbZPctg6Vh6/ayneLuWSkfIq5TZMMto2KszJIJ5SP+iQbocVaeXIhuKqcfojaMa62KU9aL/UQp3xKl6yE9RDOAa/1gpmcCh72euCzZ4QZETbN6uJwN2ZccFJI496mUUZv98CHmQ9o1apVYdy4cXGpx8rGktK8efPiEfbKq3QcE97U4WRZSywDMYPDK9HIrvqUR7gU4Uc+MFM6B8PJVogHodIV2jS+58pIF1XG6r2dQbH119tfaf3tvm9oBoXKH3jggQgCSgzRkDvuuKO2ZwXvVstApGlT5a233hq9VdYj2bPALIwFChCHDBlS40O6AIUPedngh/GCB2tnGGkNcgYY9WJUKMdgJx8dpsGSA4+8bIZjulztEG94qr4imfHQqYcLXjIIhMjHFDFKS/nrr78+ikAa95TRng4ro60XWWiXyPJVHCF1T506tSYL6+fEgRsX38Hi5ptvjvJQt3hbZaS/iCedtoONNcL1OCgcmKR9TKzhQrTJ9i+yMAsAwV+btegDMBGet912W8yT+wAzbdClfZThou20Q4SO0AdKp12UI55LG0epS/2N/MgEaYkTmanHbpoDK+Jop3BWPYTogO1beFC32qg+EMaUgZ+WFlQ3bdJsBHmQjzi+C2O1tyzUw5I2a4yordKDsnYorUyXtO8A+aQHrHezb4p7O/OTthfZ6QP4i3L6pDSFyH7vvfdGPGgX/Q8fEfonzIVfqiP0N2lclE03yZbpkdVh9Jr9DbSBvhHmRfqFjPBGL1Q/OHEP3vVgrnZWjV/lsyHYYNdVN7Ya2eWggC3YCD9sFzZJ+oK+gtVdd90VbQey892OLTCoojNnzsT9JmyO5YGPM8G5KMIgfehbfizz8BaNHBmbVvQdZwan4vHHH4/OCPnYV4JzwMFxKeGsUGbMmDFx7NilIZwploRGjBgR+9w6NlX4UQ82AszUB/fdd1/sA6vDVc8N+NBvtkyZ3SW/HJRG7G6KSyfv/98K/FcLDZQhzFVMmlVeDD/KiZJyMUBI50FoN/sAlAy7vEMZVjoQHhgiEYMAPnQYfMjLvXiwBmnlIJ2BAR/KYNghZKLji4i8GNJbbrmltvFUvHl4YFihVGYGH3Vh6NV2/aqlPRhj4olDNhloeFFO78sjp334kI4jgzGAaC/tEomvHmDEYxzhYTeiEQc+bDLTQ457nAThrnbK2cQQkIe2QeDOvVX4KgeFetEJ9ZPkpk2TJ0/WbcRGbbCbtTDsagf4g1URUYfVE+XTw0HtwODSD+onOSQYAeqifbQTB0/9Df7EgYkIeeAjw0w8PHBSIbCmjOoh5N46mNwjs9pISP8yXkTgImwUx0Pdjku+2we98lWFeljSZo0RcER/eFsCKmtHvboEn1Rm4nJyp+1Vf5C/SJ9Is4QO0zcQMtJ/0lv6izQesuob+oS+kI6QRv+K0AMwsf1QpkdWh+fMmRPHjmyXMC/TL5Y0qE8k/WO81Yt5PeNX/BXSfrCx41XjRw6KZlSkL7KFcjpkQxnj8OHCxtixpbyqNw2xNTgmmzZtirMf+gM+bBRHy9O2MgeFPm7kLR7qhx/6hUPJWSc4N8ye8B3cUyKd2RjeLAID6wyx12XChAlx2QjZbVoVfsiOPsoOU6/KSIeJq3pukAedtmXK7C755aA0Yncp1y1q2EHhYW8HNgAwsFFSe+ktEz3Q9ECmYRqwUloUGp62g8hPnB4QKDD8GSQolRwhBrYI42cHOfGp8VNeG2JI+QUhksy2o1OZqRdjZ9us78gKUTd5UiIfgxfFJB3Fs04UTgS/nkijrdZ4iK81nDzccLAsgRNY2I2U4GmdBLVThkiGEPkxXNRPGY5wFqVliAcn8vErgO9ygFSGEH3AiNOf8MUoojsiDRTbVvFVnlyYy4P8yCPdAF/yqX8USk71rR5W1CN5aK+IPgNTHDCIttAG9Td9iPMh/jYUD+RCFkv0iXXEcjqbPuxzD3rLs+i72qqxp3zoj3Sw3naU6RJ8U5mJy8mdtld9WqZPkluhnG10iwtdlrOJXaHfbH/ou8Yh/QIPS8hvx1mVHklnUj7CvEy/kFU2kx9zOEzIJB1FLu7LMK9n/Nr28R3bDV6WJK/sAhiBF0SfyMG39hqssFspiVeqb2k+NrlyTDz8mb3g4r94pk2bFmbPnh370z700/LNOCjwAF8cc/aOMIPD5lnaamdHbF04NexPoT3YBvaeEGKnkR3nxs6eULYKP5xR9JP+E8nOWluBXNJX+ix9blA2tS+dsruSs9NhQw4KBpkHCyDIKKOY9pdHKrCAlrKTniotHcOvSH6hiPhlmnYaCkDH0Gn6hWE7sB7jJ/42TA2pZLa8U5lJA4sySg2v8urhr2UH2mkNIQ9ptU+Oihw1eKR8kd8+7FUPDx3SRKnyqp22bxhoYCynkzLgKsqVAQvy4QwhrzXEKidnTMto1GFlk3GHv0h8dZ8Li/LYtvIdPIso7Vvy5eQhnl/B9DvtYRMeDxMR/cIyQxlZuZQvbUPav+RLdTSn6+JXFubaSn5bZzPtyOlFKjP15OS2dZNHeJTpU9pGPZyxI2CMfmEvIPoSY27HkC2vX6tW90hHfmQTVelRkc7kMM/lZQofuZmRY/xRH2VFqe7kMK8av+KlEGfUtpF4yYuMIvQc2RhH6h+bnutry8u2QzwV8tBnz8fDDz8cl1tYQuFH0RNPPBFnNxhzZc4JfJp1UFjS4c2boUOHxpB9Ken+Esmp8Ny5c2Hv3r1xEy1OA/qDLWBTb3oSrsqU4Udbwc+S+hasRVXPDfKlOtIpuyuZOh025KAwFQYA1iHhIcj0FAPDkgy3gLbKrAFglZaHMkaEQcDFA1e/KOALf+pBIfi1Ib62A+sxflZGfU8HV453KrNmeDAqlpATpYBSw0scafw6Qm79OkoNIdjJ4NJeMGfaXZTy5ZdLzgCDofqBsqnyqp3qGwYADgZGSDMZlKnXQaG/eEDQPmFAvTwY+NWF3qhPaYMdlMhAXcgkkiHUfS7M5aE+eDENC+EA5hwnYZP2LWVy8hDPLxj44VzCU7/SSWMWDudFD0biINXD97QPiMOpQedFaf8Sn+poTtdVvizMtZX8yK1x3Uw7Ul3KyUxcTu60verTIn3KtQ/d5UJvGTPMZGEv0AXiwd3uOYGHyihd+iL+6bis0qMinclhnuZFR7ClyM6PP6VTVpTqToo57agav+KlUH2te0LJiwwQ+owtQTb0P00nT6qfsaDhZduhNIU4H+ztwGbQf/Zibwn/FlxFnIOydOnSi2Yvqsox20Ed6CVYMJODA1JF7DlhxoVNvVycf5I7LwU+VfhpBtU60OpbxgJUz3ODfFZHOml3o1Bd+KjLQaGhGFCMmF0/Rz68fUBhYMi5IJSxE9BSdspIwa3S8qBnAOjSg0wY4GVSjzpR66B0IAMTqsf4iZ8N08ElmaUc5E1l1oPKOlW0W3tvKJMaXuL0a03To7QHHuRFCbnHGNiHHHzt1G7KlzVasGF2QgQm8LUPUKu85FM71TcsiZBHjhPycA+uwjgtAx89UPiOcUFeHBLKQ/CDj5ZciEOXwJ32kk8GGf4iy1dxaag81kHGkUYGzfLxC4z6cZyI18VeASjtW+Jy8qhuzaLgjFlSP/BgVB2EGD4Rctj9JuAKFtIH8qUPDXSBvoSvnB36hDhIuqJf4MJdddpQbdV+E5Xn4Stdqbcddnzk9IL+1bKRZEyNMf1G+7nk7KtPkS2nT7Y9+k5/0b+pfcDRRw/oB7C3/UJ+xrHSrWOt8WPlqtKjIp0R5oSiNC9jnkuE/UReymjscV+GeT3jV/wVqq+FPfE439QFHvQPfShdI12zu7RBsqU2VPxzbVdaO0McBhyZqpmWXJ3MenCOCf+afODAgVyWluKq8GPcgbd1oLUPjOcqY6ee5wZCWh3ppN2lLmwR4ykldMnqk9LJK/uluKqw5qAAggZxamABDgOG8yAjJsYMbhkUwOHCcJMP5dVeEZSdOlB4rWEScq+HtDUe+k46hKFSJ5LGANYvGgYmgCA3A4l0eBLK+PE9JeWR8YcHxl0ySzlyMsMLJwoZ1G5COVZFdWMQSQMPQpwK8EJODAMGlRkRjADpXDywhDv3aZs026K2k4flMvoLok3EIR9tQklyfUMdtId+IT/yEIIreOfKwAue8CYvdSEv9+JD39FG8pGHC0cXeWk/D0vwoAzYU0+Ob9p/3Ev3CMUbB05OFnnAXAafOrjkaOf6Fj1N5bF1yzm1m7pJpx9kvFUPMtF+EX2CMZes6ifKiqTrygNP+gUM1S7qpg7ykA7BlzjrfIinQsYr+e0Yx9mR3pKvrB316hJ86EN0FRl5EELSMfqZeNtvyJDr91Sf5IREhv998LCEF/oEX3RPuJAF3IhXvxDm0qWzsi+UETZlelSkM/XqF5sU7fjFkUNG5OFMD8neyvi1eOm7+trWrbFCSH/p4YgMXBpzjBFOWyWO8uiUfTDl2q562x3imKR7P+qtg3I4KbyanJ5vUi+Psnxl+KG3EHaB/hbG6n/sFPag6rlh9Vs6wljvlN1FZuwsMqeEHeJKibyUaYRq3AEBkIouDdIcc4Cw5WSQATWNR+FtHPcMEjqGBqQXYMsg2XLUgUzEwUPflQee+q4wlT3NA49cW3Iyi1dar+JVp0LFE6JMiqe8sNfDh3uLnfCkrMoptHwVRwhfUdom6rH8ya86bHvIJ1lTmVRG6aqbusire0JwTuOEqW2/yiBbjq/aY0MZS/GDB2VTSttLfsiWoyz3qayUtYQ+MgBpa0qpTuVksRjbfrK8hAUh9Qsn5bF9KvnE1862Kb8NUxlpb0ppHrXD1iusU2zFz2ILP5HkFN7wFn9C2/YifRIvhchAXsvb1km+lHdZOm2Al+Sy9Vj5pEdFOmMxUHtzeVNcbTn0zdaJTEWY2/aTT21Wn6gdNkz7WnVLr4rSkYkzR6xs1C8SH6VzPxipDD9hDC7CiVDYWczUl6SDs/SI+FR/iIOUR7zF15ZXGrLYOoiHbxEpb5oOb6sHSoef5FJcVVhzUKoydjqdX0kCyoZ4kKkh6bQszn/gICAHpZsSs4TEdH8vErNP6V6KXpTTZXIEHAFHoAqBnnBQmBZkmjklfjnwAHJyBIoQ6JaDoiVQZvrYK2B/+RTJ1u14xhHT8mW/erotk9fnCDgCjkCzCPSEg8J0kF0T1zoc68l2iqvZRnq5ENdW+/r64imIvL7Hq3xVV6/jltuv0CmZtSbMEmRu+rJT9TbCF7nKpvIb4eV5HQFHwBHobwR6wkEBBLuso++9+iDo705rpn7Wijn4iFMQudglzjIFF4chcRGndMJeJ62BSl86OXOgtVvqcnIEHAFHwBHoPAI946B0vqmDtwZ2uHP40Ny5c+OmNpwV/aEW5w/weh6X4hUOXsS85Y6AI+AIOAL9jcD/AG/JR5pyBc7ZAAAAAElFTkSuQmCC\" data-filename=\"image.png\" style=\"width: 546px;\"><br></p>'),
(59, 3, 1, 1, 0, '<p><img src=\"data:image/png;base64,iVBORw0KGgoAAAANSUhEUgAAAaIAAAAYCAYAAAC4LfnIAAAOWklEQVR4Ae3bP4xVxRcHcHpqauwoSKiMCRV0FBQ0hMTEBDupTSQhNiaUNBZApYWJiYmFhYZGCymssLKwICE2JhQWNDR2z3zuz+96dph3311+77G77JzkOffOnTl/vufMOTOzeGo1aCAwEBgIDAQGAoeIwKlDlD1EDwQGAgOBgcBAYDUK0QiCgcBA4I0h8Pvvv69+/vnn1cuXL9+YzNcVRE+/QbtHYBSi3WM8JAwETiQCis2LFy/22f7ZZ5+tzpw5s/rtt9/29R/Fl8uXL69OnRop8k34Ziso2+U8efJkn75//PHHK337BnRenj9/Pu1A/v77787X0fW2IiBhLdkli6mxQz0+UaDY/Pjjj68ofOPGjWNRiCi+i0KUeG+L9CtAlQ5jxf5BcmPyaWFzZB+nQhRgGLpuoQeIjKmFR2CdP39+z0iF6YMPPtjXt/dx5uHLL7+cHP/nn3/OjBqf3iYExFX8vmmX/Omnn+4kMbxNeO7SFhsBazuURKcvmwRt6DALEZ2Sq7RJ4Nr015wWndt224WoxnuvSLfyvcP53r17B8qN/HD79u1js16mQvTs2bOVY+i5c+cmxWuRCTC//vrrNObs2bOrd999d/Xhhx/m08pxu303rhanvcEzD48ePZpk/PXXXzOjxqe3CQFxJZ4s+E2F6Isvvpji422y/7jYYrNqc2nTGbJeL1y4MPXZJMghfCR/SPY2GBJoEn/m7fpEpAhdvXp10odOdPz2228n8XJLrtwUAt+8r6NtF6Ia70sLUXCmy9JNOj8kn6+z7Sj177uaY/Dp06dX77zzzr6dT1VYwG1KGMYbd9BCVOWM55ODgHhaUohODiJHz9Jvvvlmyg21ENFSYr1169bqo48+2lPaplRyt8FIoq/JfteFiKwrV67s6UNH8aWYhi5evDgVycePH09dOd0pmk4toW0XInwT70sLkTnGHqQQmZObhthylNt9hYiiiofTDGfWY3aMGIUoSIx2WwhkYS7Z4GxL5uCzHAF54Nq1a6v33ntv34kIh1w1Xb9+/ZW/CfNnL9nuuhBJ2E5ilfTVa8XcviiwClTe5T2FKzQKUZDYbdstRI51/mWLo7idQqVeIeLg6mTjeyeieidr59EWuuxKqrz6nO856rvvxSPvLb/MzVWBcfXakc6Za2y9P27H+h79W7l1p9WT2WKYMbXFg0xttTO7s2oD+ZVavVscqn9ib3CITfrbeWRUjIypZHz4VP0yxvfIi86VX8bVQtSzPeOqvPS1bcWxygqOGT+HWb6ZExsyP+94k5V+fCM7NhtTKbbpq7qRF5nmBtM6NzzT1m+eK/7G4BeiY/qiv3f6biJjrGXJWQGpJyJ8Jfyvv/56+u4mBd9QrxCxW7K3W686Zo4Wj02/uTXlSqpupMl0MsuVP96KKqIzXaofo4txClHPHxmjjV+jc0+36u+c0GqRjo/Cg58q9U5ENWbMa/WsJ6Iqfx3uVd6bfu4WIkr4u49rOn/wqk5qCxHjOb0GqPltIRLQgtaR2HjBotBlMQB+0x/X7Fry9wSFUmA9ePBgChb9CmiPXBUYL6jq37Lu3Lkz9dEHuUfOVQJ+gjRBpaU/HvTwbB6+dlWVYHLp0qXpuzHsSoDF3joevgkavDyH98OHD6cAe//996c+Psl1Ah741d0cfOsGIv5xZ04HfGOb4GSzPnZXf+Bt7ieffDJ9jz76kLnGO0HjG/3gk0XEH/jqy922uGrvrlOIqu1O5TAOVXnpa9uKIwyje3gF+znMfIMJnb/66qtJB5j/8MMP0zoQ17DAm4wkE4vbO2yDpzZrp8Z3xZUc/owP+a/GHRuNT3L1vWLsO2xqvIWnbweJ2xZP73ySddUWIgmVjdo8ew/527P+SvxvjF8KQ/3uOd/nWnitI9/4XHyKTb6qeuBLjyqrfg/fyK85I9/S8q/1nbHkeq/Jnn9u3ry5N8aa5qPEjpiby41k9QrRXL4yRzySU+OtzR+x47DbtYWIYhzAECBlEbeFKEl+UyHiaLwSfFnskhAS7G2C6oEjuFMsLO4kUv1zlKKTwmIs2WQigUO/JHn8vHMmEtxJqq4hErjuxyWOEJy8f/755+nas0uw9vTESwIjzxVIFll4S/LBTcJRVELff//9JC+FLrhmocU/Cgb5KLZZHEkyv/zyyyQ/dllg7GB/eJuvj434W3Te9Uc/hfnjjz+Oet0FlAWSQSlE1XYxB48s6Mib+7tjxRGewZqNeP3000+TyDnMzEmyhw+eMOQTxSh/CzGOjCQTsUiGpIOCZ77X+ObP6AYv/iQDwVGyuH///vTuPzB26qjfrcOQ+Xfv3s3rtDnKelwat3uTywObxHqoLUTpP4qt+IEjn4i3xNG2dRUT5IQSt9l4WUfWR9aZcTClV2JDjHnPGsoaTm40py1Em/KVOVlnNd7a/BG9D7udLUSUy6KMM9tCZEwvQI2rSQPYSYQCPCDpD6Uv7+tacxQQO54UknVj08/J2a2kT3L77rvvplff6SdBCB7JV3DUhJBgSLIxsdXZN/OqXZKIvrnFkGScQlh5J6j1tbhKQinM9M8vic0c/slVhHdEn5rMyNCXxWGBSZLhV9skUfPrIsS3jYVgVm1oMevZ3pvX2v4/S/b/N7zqIjaiFshNmAULSaWSBKEoiA27TDjEz55hJI5sdpJM4BiK3Uk4+uFV14k+79U3+JJjA0A2HWqxT6EUX74bz8ZQsJyL24xNS5biFl/rb32bsdtu2bDpVzeUrfzgDxdYiGv+2AUp9Flr8E0hkuMQuWKvUmI0a41v6YnW5cb4MOtoSb7qxduSNVR1fVPPGwsRg7NbBzpD2kXeC9CewRwlwDgrPOMMBge4JcYrEBzsGKxwLKFc4wlUC01yrklBP/0ETwK4JoQ2GHo646fgOX6HXPFI2FVWvqVNcFZsg0eCz9gWV0lr0yLr+WdTISI7iyM6tm2ri++trCWY9WzvzevJa3Xq8Wr12oRZClGNTTxSbMRdClJNiJKI+IFd3cBFx/gz79FrUyHKxshJjk/EEpxDKVDWp+/0qzx7WPZ0CT+t02O9UmYX3n6el665ynPpc+TMtWztkWJM73ojgY94r77qzX3dPpsSmLgCzK1J1rENQ/UVGYnRGl+bcmPPh5vyVc/HS9bQ6+Lw/8zbWIgwtwCdPCw+p5CAHMFt8tHfGmyR2qUJCjuAnjN6wEVGbTnAbs2JxqJT2CzGTZQiIVAtaoETsrD0SyA5RrfJuhcMPZ3NT6ISoOzOriny2jZ4VGzDe64QKaZ80i6yuvvt+ae1rU2+OcVZZJXICdatj41rZS3BrGd7b15PXtXNc4+Xfj5w1Yk2YdZiMU369+8tbBd34riesOHCD/olyfDgw1D8mXctvGrR0OedrYi8bNzIzXfzkMSLrwSYGGt59rDs6TIx/Pc/Ypgt9Wet+enLSbDOOQrP8ozYbvWjd/XFtnS1zsQTTOTJYJ11nL8NVXmJUWPRktwYvskFS/JVz8dL1lDV9U09LypElLG4LDxODshRsk0++luD7Qwk51C9Q8/uqgdcxqc11mkoO6IUI3Pnrr4yP6ciialeO7hCYZugQBJAknX0a4PBuJ7OknddwEkQ0aHXJjgrtuGd4DOvxVUxpWe7e03SNafnn9gWXZI4szgsZDvvWlAVVXgHt1aXnixXjWQ9ffp0EgVXuurDj896tvew7smL/mnDy0YjpEiwIzGzCbMWi/DhD7+QApGrSTHJpsQge70bn/iJPzNf2xYNfbUQ8QM+Saz4s8U8WEZOvQIUe3gYa0wPy54uVa/ecy+OeuMOs09s8km9kYADTHINv0395BG/kNsJ/hKH/J58Uzd0YtMY8SM2l+TG1odL8lXPx0vWELyszeTC2CaW9NO5Ejv1J87rt6XPe4WIUMySeFolMLRLsrOoydKcJF3PCOh2h+HFsPxjAWP8AhJnANnOoiYoRrfEUOPxjtH0JJ9jBUH627l5z6mo/g9vvklSAphe9BMsbCULX3LIrnJ6OrM1dsfWtK0Do5P+4KH1Tl7wIB8ePVwtvFxz0s3PhiFJl+zqnwSZcWxjA8yygNgY3yugMAlfbYpqT5dWFvvoRx98fYer0zVe9BJLPdtbrHvygl9tU4gU4uAOR7JCc5itw8Jcejoxhy8dg4e1wSY4+q6FHdmSRi9W2ESvxEt8451vfFeAxGHw41d4mgdL372TE71ye2GsK7YWy54uwWauPQ6FiP58ohAHD77gt7mr8Tm75775hwfxH3luasSBWLEJI5PsOkZsGuMUy0ebcmMv95g3l696Pl66hrIRU7QqZW2xrVKKpPZ1aa8QtUdx7z2qO2LfLYj60ycQah9n+NU+QObdYsI371rJoiXjMsYzavVOfzu3vvuXT73dUdWbPtGJjJ6cfI9OdGanxCHQ2p9kIdm0VLHAy3srD++qn3FkId+ig9bcUO3PnNrHhoprO7+VGb5tf+tffELVFvJir+95jk492+nXkxf+tc1ikXzCs+qSseswm8OCbq2d4aet8tgcnc3rxUq+Z17L23dU5+oLnvpR3sMnmNax+ca+yk8/LJaQeZG5ZPxhjulhuwt92jgK9hXX1q8Zwxdo3Xc8jGn9m3nVxvjGHON7Pq7jjSO3R9EHn0qxlf6V6BNda/9BnvcK0UEmHeexThv+CeM6J2zDttwLc0792anuUu42dD/uPFKItIMGAgOB44HAiShErltyTHcqcW+7K3L8bY+0ZDkJtUfaXelwkvmOQnSSvT9sP64InIhClD+Yuyrz95Rdnkocf93vp/CldZxtj7THNWiOqt69v7UdVV2HXgOBgcB/CJyIQpS7TddkS+/D/4Po4E/1Oi7PCtSg3SKQu/dgPgr/bvEe3AcC20LgRBSibYE1+AwEBgIDgYHA9hEYhWj7mA6OA4GBwEBgIHAABP4B3w3YVIKqtuoAAAAASUVORK5CYII=\" data-filename=\"image.png\" style=\"width: 418px;\"><br></p>'),
(60, 3, 1, 1, 0, '<p><img src=\"data:image/png;base64,iVBORw0KGgoAAAANSUhEUgAAAfoAAAAbCAYAAACUek3aAAAPIElEQVR4Ae2dLcgVTRSA7WazNoNgEsGkzWCwiCAI2rQJgoJYBKPFoCYNgiAYDIpFgwaLmgwGQSyCwWCx2O7Hsx/P/c57vtm9u/e9/3cOXGZnd+bM+T9nZvfVPaMKVQJVAlUCVQJVAlUCGyuBPRvLWWWsSqBKoEqgSqBKoEpgVBN9NYIqgSqBKoEqgSqBDZZATfQbrNzKWpVAlUCVQJVAlUBN9NUGqgSqBKoEqgSqBDZYAjXRb7ByK2tVAlUCVQJVAlUCK5voX716NTpx4kTz+/Xr11Zoaht53grFDmTy1q1bjd1fvHhx4Mz1HA6f+Dp8V6gSqBKYvQRWMtGT2B89ejR6+/bt6Pr166MbN27MnvMVw7iNPK+YClaCnE+fPo1evHjR2P6pU6dGFH+bDPDHD18/evToCP4rVAlUCcxWAoMTPVV33GmQoKjGZ+mgf//+Hf38+bPhlJYAILjrtb8p7SrxjD43OcE8fPiwsdlVtJ3fv3+P/vz505BGwr99+/aYTOiOvjd+sMYX+De2Dzx48GD05MmTMTfEmkXt8r99+9bYBG2FfyWwKTLZRL8ZaqPFRO9RmkfntMLZs2dHhw4daroYwrFjx0Z79uwZvX792iEzb9nZACjs4MGDzXozX2TFEC6DZ4s29MmJyqLB9dFzCSgmo01OU4yQOPbv378wGzJYSjc89oXPnz+P7t271wyXbn2vL451GkcMefnyZUMyMWjfvn0j4s28Abs6cuRIYxPIfFmA3S+qsJnE46rIZBKdk55vg99MkgHPi4n+48ePTaAn4N+5c6c5VhPZly9fRjwH2Hk8e/ZsromeYP7u3btmve/fvzdH+dC1LjCN4y6LZ3ZWHKEuI9ET5Cwab968+T/1Eni0RV/pUPQNTfbY7/nz5xeS6Enq165da2QKzSR7eOwLd+/eHZ9sSfcmJ3r0y4kGQIxBXotI9KxJYYvdLyvRUxBSgC6C3z72twoyaaMTv2rbDOQ52+A3medSvzVjYvAY/qSd+o8fP3qNKy0+6R4KxQE92mO8Djlp7qo8H+q4q8DzMhI9RRzJ8MCBA6NSoscOGSNw5EsiINkPBfDD47zh+fPnIwKNwFE866LjSUBh8+bNmx3DoHtTEz0F24cPH3bwi+8M9Z8dCAZ0jHfLSvRnzpxpbH9R/PYRzbJl0kYjOacUI9rGb7LftPGc77dGO5W8rERPMDx37lyzo+GawAdscqJfFZ6Xkeg1TBJZyYnd6TmOlh3gNAkb/NPMi2v3uc5Jg5MpCplYuJbweHrBiRnXFgabGrBI8hb08YRmWxI9u1O+T+B1XU30JY/Yea8m+p3y6NMbnOg5io7H0XlH3/ZOkoDle0rarqMX3/3v3bt3fNxpoG9L9ASIiN/CIAohjun7UdMQuuNaXvd13FXi2USPjpRpl75IRI7raks6UU62bYne57HlQzXWmwSRPmy3lOgjr+DMtHIP+4n23SUTaIoJHXyHDx8ev/Zqo5k1GMcxLmteuXJljKct0edvakq44xjW6APRX+S/z7whY5AhpzL8WCN+fNiW6Bnnr82PfU6bdVmiz40NbZRV19xsM3FNr9vokwbsCb0S39r4dWxbC42sh51HmsANSAttBvwhPncO46JM6LuO48UVfYJnMT84Jre7sa1pE32mM9MU+1ku8hzbPnxGnMu8HpToMdr8gUxO9OxC2LVwDMuPYIeACV68z+cefzJHIItGFYUADufb+ryU6DHuy5cvj+eAn/ViQOOaYCK+S5cujQ2c+SUYSndMKBoE8vLathQ8VoVn5ECiR1bqi50z+oryjPJCx8q1q7VYi3Pz9ZBEf/z48eZP0TKO2EcnvBfHbqCN43N4iTt6+AKXtKMn7AdQp4w/efLk+J27Mmmz4UiD+MDRJkPH80pCOmjj0X8p0YOb3aBz8D3uQbeA32LvjjGpMq6Nfmw0+gvfNdCPeMW/m9ZXNtIWX8/kxKcu1CVz3AxEGuCLGMBzbBhdci/LJc4xqfFRHjpiLjwzt01GmXZ5iK3fM8W14jVH9vKc+Y3j2q6hFRqxLU5A9VnsgO9D4Fl6GBNjHdes6XPmQI+gTGgB/DfGdu6hE2SmTvALYl4pxol3qG3Bo/qjxZ8thON98ecWv8FO4vcyyKKrCMPvlEtbG30zr7lq/UGJvvSBTEz0OmIOZhxZIlh3OO/fv2/6GtAQoeREz5oonQAulN7fEqRxXIH3gdCEYepoPrMdSncp4UVH02D6JDxpoF0kz6yHXAiU0kmL7JDhvKFvoidYUFFTIHUB/wYDtDuOlj48Cuwi/SsH7mETPlen9EmWOvfXr1+bMX4oKq5Sq97BQbLsCoKl+d7LiR4/I/CqJ8Zxj3Xu37/fTCNJEeTi+350yxjoUi6uYcufuYFbIIEwB39fFOTEB0/4U6RZ3zDmIFvoNLagP/RtgjIGZR5MauBzDHGBeXwUOQ8g0T59+nSMOvM7ftBxQazTXsGlLWCrJFx0LCC7Cxcu2G2ur169Ou4zB/8TlAktdsT8XLjgD8jbGKpfdL3yHWpbufjFFtGpfmUr3bnFb9Cjvstz9IxftBVxGce69/+LdokTlZwVlo3RRI+xUVEidB1FlBifBodx+6csfYKkOGx1bPt88BQNzfsav4okkEcjh0bmxb/bda7tLOhGXruFRfIMrciFNSPwZ144Rgks8AgEXb8+Ca5Pomc9jrQJAJOAYEdgiIDjw6NAkDIIUOWTjHnOOgJ9/9SNe9p99g/Hl1p8ADzY5jSQEz2FVyxQwIldE9Q4oQDgjTWjr/EnbJm/TA+yNahTULlrVE5x/Cz1H/HmWENBHxMTY0n68MKJHmCij3R22a7rGe9oI+S4EZ8Ry7rsnWdtu0biEnTFoiXzG9fqusYGkYHJlrHZxrmX8SMj50Ar8o0+rkwodNwNZzqg35hPseVfznTF1SG2ldejj+/BX1/IfsO8kl9EfFt3dJ+DczYWAx6BBSNpe2+h4Ai6Jq4hQVIlODf3o2PzzGCm47LjJ+ib+A0InC50wW7pRl67hUXzTNDIiT7TEHkiueDsk37uNuLcfN0n0VNQZn1nPPRJQPCS7awUBA3YBCt3vNi2kGWi3Wfcjm9rWWdIkIp4csBCVkfDPyblWJKTOzN0w+7n9OnTPm6KJIoBnnUBSQp68R0LZ/0pzpul/iPeHGvQQSzWHQsv+hmJB5pJTAIFEfe6wKSW+cs0RBwki0k2b7EU53FN8qSghC5/xCd+9HPczfNj30Qf7bVk45mXWKDBRz7pUibEduiisCmBBQ8xwpOfHD/yvL62lefRh88hPpT9Rhyl2OB6xJdJuu0Tg8S37Pa/bU2iRCVb8fk4G4sBj/eEKLdkEBgCAQnBEezFPTRIQkNOOL4GyLs2j4esmGkxZE4TcCR2KODyufzFdhZ0G4Ai3qHXi+QZ2nJS4x47JuQ2b5iU6KEhB8+2AEQCgpe8g85BkKDjUSBzlHcMnFkm2v1QG8Yesq32lWkOWBy1UlzHkwdw4Wux4MaHGYfs+PE8yzDTwHwKBnwWHzGZ5ESY582yn2MNtBNfMsDb48ePx7c5vTBhMgc+JgVlY1LmDzzZfsYL7eKiVCSoH+NkX/TqJtprtnFwZXmy+/ZbBp7nOcqEVwLIgB2/r0ikjT73oZmdun6BD7XBbm2LNaC1L2S/YZ55g1cN2wA7Ej1Kw9ioJlEy17nqz8aiYjE2AoIGEYMvVTjOKFj1MWdI5cp8g7C4WBM6qY7drfOMPsWHAG+si0H660ryzJsF3ZMCjPR1tYvkGTpIavF9PDoi4MXj3y56d/OsK9GjZ2ijjb+uxEkgiwGKpEhfPPSxzbhTpKjhObatfdKPwSvafRu/0BiPbrFB/CeebGCzjOPZJMgBy+9MOOEQoBd+4msNaNDmaScleXBRDPAT8GtkQFxQJj6bV5tjDScL0BCLGOTGjj7K1FeI8tzHB01q8X08MQzcUZbz4hW8mV/uaee5mIt0TJPowYcs4185sHPnHoCOlQkt8sWXiKvRVpnPHOkzgeIrbXayW9siJ+UNaJRHvsZv8ImYH9jowU/Ob3nutP02v0Ym6DTLBplyP9I47dqleTsSvYpFCHx9mR0EQgj4VssQ6zsZ5uAY3EPxBFPGwwAJgnv0+Zm4mIOR9gUcHEMTl0KBzrhbd43o/ARv1pMG2xiIMx2zojvjHdJfNM/QRoAk4Sojjn25Ny+nYE0dAIfUdgwetNCC3ku/qOcsW4K0AQocJAGPKOWJJKZNM8akhm1jn66N7aGPkt3ndekzD35o+WH32af0uVhElHBhp8hFfMgEfcCD91hDXYmDcfG5tNDGgO14W3ZxcR7vk5E9J2LwP2+AvhhrWI/CnKIu6gq/joULMSHSHfntolvc2h7zSBAR97x5LiV67Z1vkUpAzCWuMQ57hUdsFD64Bx/6T5QntmMRrIyY5xxORP2WihZb8XUofsAc1iLhujb38B2KI8a0vadftG1BI7x6mgud+Ns8C7g2v7Yoy3nPnMi8ecCORG/gIHiUDJz78UeAjX0EisPEewgz4uUZ9xzTFaQzwwRJ59HGHTlrtz0DD0d7GGT+ERTaAt6s6M58DOkvmmdpQ//Ks2QLjptVm22JtZE/kPUgXbaTaIj2Bi/aivPy2nF8foY+8j3wlSDrDrwZ9JfSszg26iPKhjHKgTbrCtkR2LLd0ycYkwRKIF3ijjKJfleaO4t7rmsrzmwLyDgCtJFoSvySELsg427TaxeO3TyDl8yP/LcVgtqy47DNbHeZL8YCUafci/147bNs9/QB16aFHm0VHCVYhm1lfuZtw/KYZaAMlZ3ykb550bUj0bvoJrZUmtEgvWaH4H+ksWl8byPPm6bDWfDDl+rae2zneXQ5C7qnwUHhws408uk1/K4jsBGZ105vHeVRaR4uga1I9DgKR1kl4G9zc3VVGrdu97aR53XT0SLo5cifI+gMJMS2XWIeu059jq9LfHGkv44FvcfM7MorVAlMK4GtSPQci/BeFqfJv/gPiUwrxFWct408r6Ielk0Tx6jxvbP2z7cK+Vhx2bTOYn1O6HyHLK+0/LndOhb0nEZsop5moeuKo78EtiLRI478LsvjvHm9E+mvgvmN3Eae5yfN9cWsrcc2v8tfX+52Ul56Hw3f+d33zlm1VyWw2RLYmkS/2Wqs3FUJVAlUCVQJVAmUJfAP73FGKUgkSjcAAAAASUVORK5CYII=\" data-filename=\"image.png\" style=\"width: 506px;\"><br></p>'),
(62, 3, 1, 1, 0, '<p><img src=\"data:image/png;base64,iVBORw0KGgoAAAANSUhEUgAAAhQAAAA4CAYAAACli2GBAAAbaklEQVR4Ae2c0XUctxJElY/zcTKOxb/+cQYOwX+OwYHoncunSxXLGOzscilxycY5I6CB7urqAnYHImV/+TptFBgFRoFRYBQYBUaBVyrw5ZXxEz4KjAKjwCgwCowCo8DXuVDMIRgFRoFRYBQYBUaBVyswF4pXSzgAo8AoMAqMAqPAKDAXijkDo8AoMAqMAqPAKPBqBeZC8WoJB2AUGAVGgVFgFBgF5kIxZ2AUGAVGgVFgFBgFXq3AXS8Uv//++9dff/31FCl8f/nll1O+1zh9+fLl619//XVNyEP6ovNvv/12kfs///zzFU3+/fffi76fyQHtzp7V96oL/PkcfaR29lx3zb2ffAdw7j9j6+/h1uYzaTLff1+f3rM/6nvi+RPnB5AP4eq555evue59oQAP7h/9QsEXBHXS7xqXCPdyLhTfleLDhS73PNPf0X/MCO7U8KO+KO5VlZ/R1dk9e66by6Pup/X6Gc3+1n19jRaeqeSR49b9vdvz/ff16TuOPbz1PF27xy8uFJkUEtzuaGzMvb98yXXNheJsfnh/9AsFe4Ieqy/lPgBzQ29F/m+j3dkztUb4+bPwz8/sz2d0zMC/RFzie/Zcd6ZH3U9fennhV6szn+/WARuNbz3bfl80LlySY6+/hb2rAS5n9LGeH839LfS4FZP37KXP3a3YHffiQpGi54WCoHsTAu/shYIP2FnfuVC83OL5QL3UQ+tRX0Dyp3+UC8U1Z3AuFP/fYXQ4+52XZ4LxW1woOsdb25dq4PM7F4pzu/BTLhRNrS8UrDOXL2yIpp1f0q55EeEDgq82PT5+2SROcsGPNR8uFxmTmHLEx3zkoMENX+Zp4mqLyaVK7qsD698eEstYcxmPj3PmxCYHazzg2eTEPONdg3fys15xjZUbOcWXk7VoG0N/xlf+5lbLtsHPmly3Rs+NfnDuZkzWZ23MWUNqC4b+9PJj3pxqwPoqL77mIR5//cBIfHKnf3KxVv218V/V9gS0+ENfep7EST6MbeSEt+tq5bq642cNrsmXnnw2xuClfh2bvvAUK3H0sRcXO2PAdh/E6doTl7WuE8zEAJNHPPnLIfM3n7TNoxba5lL33BPiaeY3d85Zn/ujDT84axOTXBmnFtbzlPDCH3JOt+aNDab1wgX+bcsL/rnG2GZtYKiberkvcMpm/a6TO+tn3hjrUWfWrMfc6iiutnWKkbhHfKzNGsDK2sHQBwxt/dVAfDkd5dYv68PXGlkHM2tinYd2xE08apcD/aX2/BOKdjwqgPkUBLLYEGYtk2Yh4LNmYe2PnbHJh7UUGj85iKM/HJJ7jj0g+ppT8YzF9hAx7uZazruB8LIOcZnjEd9asq7GBAN/sTIXY+bNSayYrBEHNk1c68icrMMrY5+Cvv2x8yXGeshhrcylzZiGv5yw4Y/NI44cv6V/7sBIjlmfeTNWXcB2DIbcAGYe23V6x8+Jvw3MnRjm1Rcf4p23JtZz79NmvKtNbHs1My51IDd5aHJwb+XiOrbjrNs414/0I0ZMxrQ8j08T3/4QUz9tsFctcdAUfWysydtz4xr4rNPwgZ/7po+9+wgXmpzoszY5ggNe2o7pMw+5scXMOPNnn35qSp914w+mObGpVZve2lkjXtt61D9zr8Zqk1wY28jlmpjkYi5txu5DrhlP3azLUx2YoxHvmrmzZ818zJMDDBprxmY9rGk/OW50lSe4Yu04sZZ84AIGjb1zP/HxvNCDz2PdOSbe3ODoK6410IPrvLqrR54dMJzfcTMXPdyJcZx5e/z9pNTKUTDzFi8hbYpKAbIQfFmzaHqFZQ2MtJNO++ZaH5Br+IErX3EUWwG1Mydj4jxA+FhX+1GT+nQdWXOOwcCWW2N2/l5PnbuuHYfGueTbWu/s3Vnoc9M82s76WOt496Xj4IceqxhqPdK7uTeueOZtzS/Zide1ueZ51KZPX2rrRz69L3kmE0NMz2vmYpz6ESc+a4zTNrbPtb5wWDVxyXX02SNOTcUgN7G2PrvO0xsrvtpqy8GYnd15st7OI172nTv5ZT19BlkjN401ctn6LDd//Va9nHOt97W13tmtD7h9Hs2V57Ix9bHf1ZT1W49723rvdG0OiSsPe3HdB3zNqQ99ng/s1qI1gIONMbiXmlzMDyax5Nq15CaG9RBHfNorrMMMR8GXBDj7IUAYCrVlMc7Zt6/z5IIPj+0afuDK99LBE99ef2xw3DzXqUdujPXb1Yy/G8YBSF9x7VcfKDmBAyeac/JrLa/RvX1b651NLXKCF/y1qdV9sL5Vby1ZH34efno4qqEY5CGGx7XOic8Rh8zbPuYGG0ya/mp+yc6Yrs0aWnvmU8OszRh71oi3sRfajbvKv9KP3NYLLuO0zdX4zK/m9AcXDiseKx/nyJ17A+ejz0/vh3vofnVtO7vzZG2dR67Zd27XwEEDMGhHn59VfJ/l5m+OVS/n1ZpzrfXObn3AyPOHba3Uy5jWmE+T8cdRTZ4d1mnW4962Xke6EtscWteg8zTEn8fYXicX/OhtWTNzqY3c9WVNfOe6Z10NrNm8nStj9aGnqZPnjzni0854x9/fxM5864+CmxQEjg4Ba2yCjU3W7oMGhsXob9++ikZxLfo1/MA9e/Dkkr315SbLx7nUp+vomlmHv48HInM6zg+Um28tqbN8xLrEQXz6S76t9c5WK/GTI1rJ3fXsd/XpRzw46s48+sKJOmiM0YPWOfHZcSBGHuYAzzObuVvznS2muenl+0T02x/WknPp29rjlzyJt+WZZA6beB55MG9O+bCufviJj2/Wbx5666O3gZuxztOLq2bmY40YObhuLGvJHc7ujT72xsqpOcpB/53deajNvJ1HvOw7t2tqT08D033AhhO28akT86lF8zfHqpfzak3M1npntz7gUgt5zEW889bbmM2nawKTs0HL+s1xtNdHuoLTHBK3+WCbixqsg3m4wg0OzJPTxnz6spa2sfhlnPH2cBPLM2HN1giuPIwTv7mJQU02YtN2PvurLxSSA0SCFtIbkJuu2PhSPE8KBFbaSTLXFM7CxEUAx/jbwNTunHDhgaexboKCaouXPbjW7jwa8NjMj2/nZ86ayZ9xxh/1qS242DbGzIHfdclZX/JTgzycp7/k27Xv7OQrJ/zh2ecmOTDe1aevmPja1EGbfPhRV+fsHMbQpzbG0uc8eDzMy8Wzs7M7r5zB6QZ/1mmez9SQsTmJF4N5x8TCWxvO8Fs1ubgGjvqxRqzN+rWzx1fezIuTPo4TF8zUOONSU8b4Zg50zVjx6dXOuokFm4e15ID/zkZH4mzkxKZPjq53Lxf3jXXnEjc5iMu65yd95aAeGdv52xa759GIXLTWemcTAzfrQy/3hTgeG/Os81gXcdjdjIXvn3/++WIPjCXOesyvttqpjb7q2nWJ21zSBi/3ovPBybPhWtanBmCSL9cyT48zTlx684FFgx8PLf2w9UUHtaC3UVfazmf//ZPwbZbEBPqY3CCSuobgWUhvgKTwtxDwM4fxYmJ3s3B8aORJf8bEOUevOM5h07Tp4QGv5Ml82+Q/avhn61h5kcfcq5qzRv3o5Z05EgstOtacqRNY1uE6c2iAfdSOfJvjJTt1ybOQHJlftaP6Whu4WiM4rCcva0n9GOd5XHFIjuDZLmGz3hza/vvvv5ccuzZypg7UInf5ZF1wpiVHMNVAbll7+hLbXI21x588qY955WSf3Fa14Zc+4CQ3YjKPHOhzXk2shfVVyxjzoG9zuGSDLRdygoWd5535PJfySQ7yzV4/+sSDk3XqkxzAZZ3W/MWBZ7f0TR6OiU3O+F+y1SP5mVcu4uvDvGvMrZpn0zqNBcuxvfhiarMnOQcWD5y7LuaMM+cRL2Kz4W+snHKONepxTdsajbVfnaXklzg57rqoPXnoa2++1Ig57KP2/dvxyOOKeYRsMa8If0jXe9XLJq02ikMw7ZwC99qLc9k+htfqfPGFxZfZtFHgtQpwvnhBfZbG52b1PX5L/avPJjhH87fkuHfM3S8Un+mLiI291+HhQ9fagd1z9z4AHwUPnUar63aT88XfOLrNxawVGftWBT7bhWL304trNORSz2ezfxqBnj13De5b+/732+TKjHyJ+6ORz/JFZL33vCn65S42/b0O55Vb+lDu/njus5y9e28OuuWZYzwXs3ur/Dnx+H70bH3kn1LkO/CeL/vUTx3v+c55i1P56gvFW5AazFFgFBgFRoFRYBR4LAXmQvFY+zVsR4FRYBQYBUaBd6nAXCje5bYMqVFgFBgFRoFR4LEU2F4o+B3+e/+dzRm5b/29ML/3y/r5ffNn/HcNaPDovwNl7z7av7PgLN5SU++nvwM+81n6aD5okZ/paz7j6Jafi2tib9XRf6x37T8GvzXuVp6ruB+hzyrvZ5h7D/uLzocXCj5kvIjzhfqeNqb/EeMRNz7wt1wo3nv9R/Xee96XTX5x3jvHW+PxRcYZoH+E1mebPeh2a02Pup/Wyz72c+t3FHFg5YWidT6yf5aO1n7theLauD6DRzqcnX+N1mdztF/XkN9hvXatnp3rZ9vX7u9b8T28UJCQD9qZDyubccbvXkVwG8svAcZ5WDoPYq++lNuvbTB/ZF2d/73YaLDT973w3PHghfQoF4qzPDn3Z31Tm0fdT/8WRm/zxX6LDmCgRX6XiHumJ/fuc8H6Ld87u9xqcO0L8Jo4fdVZjY94ob2+Rz7M43er1jvcS2u77/GfwecS31vW3bNrz8UtuXYxd7lQsCk/8sXbH1JE5NJwdKjnQrE7ApfXHvUFlJXxZXbrSydx3nrMGT77WeJzd0tNj7qffmn25xwddi/23Z6hxa0vFb6HdnlZ6++qHZcza2pw7Yvjmjg06XOFRqtaxO09WdUC5q1ar/DOzs2F4qxSr/f7z4WCDecFTM/jl5sHhzUeDxyb5Rw9jZic8/Dni984cYjLHKyfbcYd+cPFD4P1iX/EFSx8rB+b2ORrPrCtlznrVA/m5GB+etqRbR56YrXN5XzyewI80F+Nkqe8mGNdLu1DDrTIutTTnPb6gIUPNu1IZ3nhR46stW1wjjiaP3s1AoexGuLjWuZjHl+4Jt/ElJOa5Zq60cPTxph87t0qVt/khTa7Ji4+yZc4dZVT1o4vddjadj4x3EfxtMGFR9fWtvzM67o2eGBbf/JtPqmLHMGnuT/acANXGx+5OI+PLTV1Lnt5Gyt/fDKWdR99rM1567B2axEbTH3lr0/ySK2yNmLdJ+Ow1SjrzhrB6zXmMg/+8paj6+Izb+34i5vcwUgceMqVeMY0cKgt63taOPGHsSvXrHPFj/zJF1sO1ua6tvzBo4bMIYesGR8wafhi84BLEwcfx/qojznBhQfrq7xPgG/4x4sLBQQszIK1KcSxAlpMbxjFuAYmjwWnEObQFxxFNEdiHemAr9xWPmDgI4f0SXy5up51uZH0qyZf16wN2w0mF/PyaJs1GjwyD2MeMa3HXN3vajKnMegGH7DhacNPTemx4UXDdqy/vRhytaYjTsz7yGNluyY++fCTo/nt1QxbvdWUnv3KNWxqMre45HO8wsSfWHzEz9qZE9P13l85y4fe82RM+jhOHHiqNevEyVssdKAxr46uaYttr3aJTT3Y4KxqY07eyTHzgk9u8pqDODmbP/v0My99csMfzMSBgzY9to14bThjy10fe/lqk0fdVrFgEUOTe8YS4zy+PDT3pO3EMa/x1kcMczTqsjb9XNfW9yng2x/mT13BWemCj5iEE9s51aA1whazcZIfeOTgsc7e4+Tf452vXME1h5zMm7Zj/N0D69ZunOaDDba6mFs/cpiHObTAR030I59+rpGbsTb9j2zPFwoJZHKKppBu+kp2t2HEu2m7Q0MOxMhDrDidv23xe14bHIR3w53vPrmy1nWRxw3sWD+EzlurNhw8QMzt7M5DTvN2HvGP+q4JO3UQt+PhgC+tY+CQGBnbmuWa4+TkWXLfL9li0CfHnGfcZyc1ZK0fdWj+mSPH5s89TQ7gWxNx4uOTXDKmx61Fr4vbtbafOPS03s+2M95Ya2Eta6MWeNh2dufJc+TnRY7iZS+X9DEuOez2kLWsJc8iudQ08zpmLfc7+a9i0Sn9xaHPM2AN1rWz1WBXg3mytlVc7qMx9vBjPZ9VLc3VeHv0Nq7PRvJrHPmqyW5PzXXUd2z65blpfjt7d5blnnuUOXts7c53PLnUQR96+PHQOoa53f4+Bb3BH88Xiv5wkAuxKSYbBXjILPJow/Rz0xTOOEXQToH0vbQpxBifPHMsj53A+siV+K6LNTcw8RmjHxg2+Wuz5geLuZ3deVKXziP+ql/VZG748SQn1uRNrHu/+/B03oxPLfVrTp4B4miXbHwyhxzFz/WcSw3hYL70Ybzac3OgFeu21Mg5fK3RHLv9NO6oh3fvkb7gmkuOrtkTr4+fE3yzjraNpe/9YA48awM/93lnd57U0z2VY3JwLJf2ASc5He3hKh5Oyb/3ytxdN3byx+5YOPXeyYE1tKJ17TvbePUnvmtgDnwea1vFsZ44T2QWf6jvYuk/3PUxhhxq0GcjeXfN8qWnHe2p+XY9GpBr1dwD1prfzgYvP0PUqC33M9rCzb1KfuSWm73r4hPnmnOZ8+z+inuP/vkN6AFI0NwIBPRwSJ6e1puNjS/tmkMjLrE8R4fgCfgbtofVuVUvb2tInyOu+HRd6OEGJgbj1s8PiH5yOGN3HnKat/OIl/2uJvzA6hxqzzyNXv3pwbTBIW3nsxdP3kec9PODsLNdW3HM3GqPvy017L3AJ3laN/OpA7Z1gCEP5t0XY1m3JvzEN1fazB01/MRpH3GtN/3gYZ3qph69n21nHmMTO2uDX+qwsztPniNrkGNycCyX9lF7ehp7RC4b/LCNz1qYT/5qamz26ulc8meuY9sf288NOvHQuvadvaohsTyf4GZtq7jcxyciB3/gl3qm2xFXa4OP+8Jcap38Gke+9LSjPU0uR+Pel/STJ3PNb2fD3b0kNs+C3KnpqIGt/taevs6Bq36sH52hVU7xE/etx88XCsm64RL0MOXBcI2eYolBYIsnxuahYU2RiKMlDnZukPFHPbg82fJw5Dx83BRy6CcffZMrc/hmjt3BFMva8CWvWiQHsHd2HmQ1wp956hBT3tnLw7muiXkx1YE5/YzLPWUt9wYOaRtDn/P4kWPHSS740Hb2jmNykEdyQTM1hBNjctHgyWMceWzqgG0trmWffsyDT03gspZaM047cXJM/M4vcfHLehlbk5rSM9f72XZysBax8FVL+cHDBo8jGwxibXDEpgeLsXuiT/ZZh/POJW7qIi7rcGctfeUg54w1hz21JUexwKB1LPPqTa8fvmDxMC9Ha9/Z1kscTZveuKeF+Ezjqx8+NmpJ23l78dDtqIlLj5916a8GcGBNnVl3PxiLIx984afe4CQPcNI236on96rWnmt+O1tM88EPPPquRZ/sM7c6E2f9+Hq+jCMn+Db48TC/ypk5jHnr/vunOzZVYXLT2DzmXXMMQdcojqa46ZtzzCuiOAiigM7RM9dt5Sdm+yYWwmcsOZOXY+pwTDz1ZZx1dq70URN8msMl28OBHzzIx+MhNr7zayd3x80Zrnl4M6d5s3ecHMDuRh750dvkIQ596oWd2GdsMYlbNTB81FC/zK024hHTe47tnoppD2ZzF8seXzkYZ1450btGD8ej1vyTG1zSTg493/YqX/o45uzAX77wuWSD3VywV98FzSOxzZl9+icevHjgbUsO4LJOoxeT+VVrH7COYuVsbrHp5ZB4zPc5apvPaX9WsW3i7nKkPvhhZ8uciZ0+OTYnOI3tmj35qNlzpA2eejHnOvkzlvnUDJt1nl3LmsDnybozN/iXbHI1L+zem8yR/BJfnK4Bzvhlkzu9cYllXel3xCFx7zX+/o1/L8RX4HA4uiHqmUPdcWPvFeiDuveeVRRYnU/OJmd02igwCowC91SA75UfeRm4B/d3c6Hw5tlFzYuvFXm9zSFdvRxfj/xxEdCMW3+3OZ+tyNijwChwDwX4Scmjtf9+Q/7ECvwRTv64Zn46cb8N8UeFj3hQ76fC7Uj9o0XO6fx04nY9J3IUGAVeKsD3ie+/R3z3vasLxUtpxxoFRoFRYBQYBUaBR1FgLhSPslPDcxQYBUaBUWAUeMcKzIXiHW/OUBsFRoFRYBQYBR5FgVddKPiHff2fujxK4TueR/9AtGP8fVfPt83vwvi92KP9i92uY+xRYBQYBUaBUeBIgZsvFL5MP9qFgssEL/9L/3DRf/WP76XmP7KZC8UlpWZ9FBgFRoFR4FEVuPw23FQ2P6F4+X/+O5JqfkJxpMzMjwKjwCgwCnwUBeZCsdjJ+ZXHQpSZGgVGgVFgFBgFNgq8uFD44376/B/2+Ddsf3Tvfx+bP6HIXwH43+bn/1cifzXCrxPyv+kHL23ymMNfrVCD+clry7yXfk3Buhj02aydecaJlTE5n9zA0tZfHdQPrmqSOMljxqPAKDAKjAKjwCMq8PxW5aXnS86XKwUxn5cBXvza+DlmHtvGy1Q8X6jM5cVBX9e1wcQvLwteAHxp68s8fjR566sPvS9z5/CRL71cWWdNmzW4iJH5mgu85UKM2lgfsYy16aeNAqPAKDAKjAIfQYEXF4p8WVpcvqRZ9+FlyBovTV6+vFx3DT998PclvYphzfV+aXvJIK5fzNorzJ6DA/xpeRHAZt4LRcelRs0tfVnrC4WXDfwSJ+NmPAqMAqPAKDAKPKICzxcKyOflwZft7uWa/kcvYF+6vEAZ044uFF4I8D1zoRBLruYC56h5ISEHcebMmFXNWasXA/N1Li4S4M+FopUZexQYBUaBUeCjKvDiQmGRvijpeZH6YnTdF3Gu+YLWxxe3FwMwwKOtLhT5Aj77EwqwzEM8jznkYe/FwYsPvXUQ5yUBf+b1UwvmaOnrmjmIYZ1crKmbuTNH4hg//SgwCowCo8Ao8KgKPF8oeOn5EqUYXuq8FH0ZejFgTb+8UPhyxd/4jPFCgR/xuZYv34xlXtwn0LhAaPvS1j7q85KADxyYkw8veBuY2Pjo55oXgeamTtbPOjhcIrz0zIVCFacfBUaBUWAU+GgKPL9FeRHy8uSF6cvUYn0huoYvL2NtX5zaXBY6xpe0PvR5qch5fe1da0z4tU/jWoMvfLGM48XfOPBCCxrrxtAb98cff7yYxzf1089ejK4BO5vr6EuDC7FeVBjL7Rpf67Dexk0OMx4FRoFRYBQYBa5V4PlCcW3ge/H3xZt8VnO5PuNRYBQYBUaBUWAUuK8CD32h4G/ZPN1Wc+0z9igwCowCo8AoMArcT4GHvlAgg79KyP5+8gzSKDAKjAKjwCgwCpxR4OEvFGeKHJ9RYBQYBUaBUWAUeFsF/geSc7pf1N6WoAAAAABJRU5ErkJggg==\" data-filename=\"image.png\" style=\"width: 532px;\"><br></p>'),
(63, 3, 1, 1, 0, '<p><img src=\"data:image/png;base64,iVBORw0KGgoAAAANSUhEUgAAAj8AAAAkCAYAAABmIltGAAAP9ElEQVR4Ae2c7XFbxxJElY/zUTKOxX8dhLJQDAqErw6tQ7Xm7d4LgIBKFHqroP2YmZ6e3r2Xa9DFTy9tVaAKVIEqUAWqQBV4IgU+PVGtLbUKVIEqUAWqQBWoAi+9/PQQVIEqUAWqQBWoAk+lwEWXn3/++eflr7/+ehOGMWu/qn379u3l06dPL1+/fl2mnPzmfBnUxT9GAc4F54Nz8hEaz8+XL19uovr333+/fP78+abYXxHks/o77IVcdu+NeW7YE85R23MocHY+nkOF8yrV6dZnmmfq1vfdObvbPX560n0ZQJZPXnhMwYsX23suP8SaI/vdS12f3UtMbvS+wFbc06/jP0MBH0zOyK0P56VKcKZWOVjbnd2JDQZcH/Uy4HLk88J4trTjly2fy0uetYxl/Oi9SHxrPOJ5iY815LvPtfZ/tgLXnI/3KJHP1dF7gmczn1n5rX7W8v5YrcvTn9NgrNqlPx/zmWP8iOY7Ea6r92Lap35ndR7xXSpDsiNhz+xHCdNGsb68fPnM4vB3A/RNjNUY7nBs+9gKsN9H59DqPDuPejjJ46VhlSNfWHI66jmbq4f8KOYSG1qJ6zMz9dtxJS6fGZ7NVa1nPMx7S+wRNvzyfYGv+z5rFEcul743zGF8+4+pAPu+O+dZ0bXnI2MvHXOm8nxyhlfcPHvaPLNwnD8Tz+oDy2cZPDHlzByMS5s6XRNzKTa1iasG1g4GY9ZXLWvDz5pXvqu13+byAzmKWb10FT9FWRXjGoftWiGMbf/7KMCDkS+OHTPOxerc7PxvXedM+aCKAb9Lz6Ux4OweaH1u6Scmz1O+OOE6+ZtncsKX+Gubz+ouz7V4+Is568PG2rwUmcO4S/dHLOPbf0wF8ofiUQXXno8jrJ1tnlmeq/mzCR4+q/nM4cvZni19po05cT73OcYGn8lphZFr6kR/zwbefDbRBs62Xa0rTtR8TW3/r+zLy+vmTAKKCakkCDk2yE0iuXP6IzLYs3hysjZFttDETlEYJz9w8oCJKy9zisuceOyJo531xEOD5ILdOo3ZYbqp2OUjtrGs0+Skn7HmZq4t9yuxsx7jsycePHPpP+fGwNWcl9Sc50OO7gc2a5mYmQcbzTh9qZNmvehH0+4ZsRbXX52+45EndbcmfbLX1zXirMm1XW89cGJsHrnLLfFYUz9iaNRiXbtcroOVvuZwj/WzfvVjHX7m1G/XGw++eySWc3Ov9iy1WeVQg5WNNXWadnnlGUs9XDduN5c7dpq41OLZmpoaQ5/NWO3JBx3QKzXLWMfG0quzGsIp4/FRc3Pfwtvc9p7DzIVtzvV3D+FzSc3uBf5qC2/m1GotzBPT/XAdv8RifbWP8FRD82UtxKmjPMA2Jmuy5lVPbvG1O6df4ZDbRrw8XJs9PvCigScmfB3PmDlPfdWBNTHVl951dSEH6/TinHE2Pxq4P+KBBYdsWaPr5Lu0PmJ+qCrCuNxYuBuEG8JKJovXZqEQcRMC/m1IrL6KtPKfNudwWPFjLXGSI3VYC+t+4CGunMBwI+j1xQ+bflmnPvQrzLfi4yUKns3NI3bWQF2sZw7i5CaGuZmrD2uzgS9WcjV+pYdczanPCgdMOai5HKxzpyN+2OBvI4f5cx/VBBu8Mhe2lY7yB1P7PDfmpYdv+rKWedJ3jsEnH828zsFw7F7hRwz5Mocc1G7mmXNi1cseH9bBdn/UL+NXa2l3DC5Y4svRedrIKyfW/eBrPuPEpyfGPcp1x9hWdrDIoc05OpsPu829cU4cfjTqEkfe9NjF1Re+ntvMwxgcbeYjnhhxtZPPsZzssXluWGNsfnDApIHLhyb+LbxfAb7/4x6DIz/4zLk2/OWqVszPala7mZv5Tkds4GK3wU1tWGdOkws2Pq4bRz1TR2OwaZenvsavevLLBTtz45I3+phDHfHLulb4rqW2rl0aa43yIs5atYmJZtYw+eLjWtZs7KrPPTB/4hiDJtSYbbWW9jn+8eSHBQIKzjLFZSILprCjxgZmMdNXYex3vgqeAmahkx+2HVbGrXDhYp4cw515boj1ZJ1nmMbYT+7MVw393RMfDP3gCzea+eXpXN/ZEweebTc3B/b8EGsOdQMLnzk3D33azM167htja9bHPvdRbmi308+41BGMzDfzG7PqiVVj7MSucsMtc+DLHP/ZrMP1uResw3+Vxxh7sHba4ZO1z7zYV2tiZw9O8vEspDb64+t7RHz9juKImRqKSY9tZReTXLbkwB6gsW3OXafHZo4Vbp53/HJ/mScHccWhp+EHP1ueVdfsJ9fcA33os17zJZdbeIM7z+HRnBzzI9+zmhMX/qmPdVqXOmaMPvarfYQLMUctdbzm7CYm/KybdbjkOTnijX/GMsc/4zPXHMPffWfsfqhZ+mPPXFPf9MVP36kLfsaaO2PnODlOG/PUB9+5Z6u1FY5rP558VxYPIcVlIg6s4u3E14d+18C4RJSVgFno5IdtlVfO1rLCTU6rjZ18Z51nmFML/enRcuIzlzd10fBjzaaPc+qbvuCvGji5h7v5zJFY1pDcwcn53K+MZzx1dM060h9sPu6j3FxPX8fpIyZ9nhN0yLmxswdLDGzMifMlkP74ydN1fFNz1vGZ/Jmv/FZ5xLafOV3PHnya+5dn5FItyJNarLDIYW3ycj/MuYsjlnrl+kp4/INN3DSJSS5b7gc1Ju6cG8N+4efZWOFiN0/m0HfuozURhw8N/NRyaisfe88R8RmnHWw+aiMXeeJ3LW+xwcxzeDTPHMbbn9XsOcGfGtXK+JWOk4u+5IILPU09WOMzsY3Tro5y0l8c58bN3njX5SO+vfz0o6f23Dfm+M1zlTGOifN8yF3MyYl11vRnvqrPNTh7DsROHfRL7vLKPjnmeo7xkS91T53gIZeM241//AQNjykqgCbFDTvi+LLIYvFDENZWBCPNTw9ers/xSsAsdPLzYIgDXzjRsFnLChc/N0o7a3zyQOzqNEYMciamnLIHK+vBJo5c6c2v7mKQixw25/LGf9fwSftuLia8bKwRK1fmNnByrg/+1oHvTkdsnjMxd/uY3MBTM+LM6xq9+enBtMEt567Pnr2ygQ8mHHJd+8zBOjnUnBi1sg5j516wTq5VHmPEz/lunLUyzv2C91kecCcf9aangUsdNDDxp1mrfjPu1en7P/oSPxs6qt+0iZl1UZN1GWvcnMMVbHCwqdcKd3Jg7sd85KEG1sETh54GftZI/pzL0x6bMWKIQw4aPmpuvtQDvzlf8TanPZhZ19Hceo2lN1b+2lY162MMvtQlrnWpwYoLvth3+wg2ebIxJ8584NI8j+ab+V+dxj/E6j9Mb9PJWwNxeQ7IzxzO1HPW5I1f1s/Y+hJj8pj1EaNWcHBfpi5gGptnLHPpkxyn3TkY5hJXGz0Yl+hhzNtPTA8TBgoD3EbCJIfdzWBdm4SMVWhIuyYmPSIeiaKvuBbmXMzJD25uDvi5wdgUSZzkkJzEkIe9cebPOs23wxQje2PUFJs89YMza+TikzUZr++Ot/bswVFX1o/m4CY2uqOBepzVjD/46mac89SRtaOa1YcY6ydGTGvSz5oTE1vWY359V701awOPmvyAmU0+xNHkqs706qaNGMfWISb5xHIte+oh3qY+zu3BMC9r+IFNk3PiGDd74qwFG/WrhTZj3As54WeOs5zwzTxgqtFODzHJR3Nuzskv5ytftCWneVM/uDlHR3NYuz0YKz6sYcvzA07OxcievO4b63LTJzW3Jnnicylv8ezJmbofzd07NaFWNbikZnzn3h/pSD4+1Gls5iYWm1qpBznUW5v1po7axFRX58bYo405WGNs/frQTw21sZ4NnvnZ5SUm94i53BlbU2IzVjM54me+f//996d3plrjK3byUZusP/NhZz+yTc7aVn7uF/mn3bhd/3b5kThFWjRBELFwNoEEzkmcdjDw0a7v3LwUE99pX5FVRLEVOPODk9iKIQ9iHSdP1rN+59OHdbmmTUx7/MRw7HxVG2vEWhPzWa/YmVfMzCFWrjFeHaj0Yc/P5mBPn8lzpSNxNM/H9+lrl/VkjRjdS7lrh4Nje3klH2w538Xhl/UzXzX45LORPtQmz1xnnJpQr/mw5fllPTlakzlTq5lr1mmstWR92MRMruqNHc428+aaNvqMsx740KwJTMf2ckx9WDM2czCeNeC7qiPjpi5iT6w5B8O6r+FOLWpgfcaDmVqlDjnGJ3Mz3zVyTQ0Sy3HiwWdqfsY78ycW+c/mxE4f1uQGn7Oa8cm20xEf95KctMxtTntw1SPXiMu5Y/uMc0zv+XpNPN6X6ac9e3iiZzbWJqb21d5ro9/ZU7sddvqAk7VlHeqRGusLdvpyxrK5T+nDWA3Mq33FNfOKbV64HbWfT9SR5xPaOACzsWGrTZh+187d8GvjVv4r3qu1Vewj1zj880X9yHzFvp8CnPnf4QxRkS+8ez4z91PqvwvOxOPsz5f/9Lllfk8NVvv7KN7X1nrPOq/NXf+PqQDn+ehndS8/m31FOF6ysz3iIeRCcK9LAfxWHFdrs7ZHz1d6Pjpn8d+vAGfn7L+i3p/lOgSeT/6L8HfjxXO84vSI548X+71wfyXv63b6v8vkIy6O1/Ko/8dRgHfD6jKfFfTyk2qMMS8xv3KzP7pJjvDTqfj3eoGZUK7Za/vVPS8tefQF9qvV//PzeQn6nS7WfjPluae/59nnfQHm6pL1nh1/NO9ruanf2Q+xa3HrXwVQoJefnoMqUAWqQBWoAlXgqRTo5eeptrvFVoEqUAWqQBWoAr389AxUgSpQBapAFagCT6XAQy4//C66v6d9qnPUYqtAFagCVaAKfBgF7n758X+a6+Xnw5yBEq0CVaAKVIEq8FQK3P3yg3r95uepzlCLrQJVoApUgSrwoRTo5edDbVfJVoEqUAWqQBWoAu9V4KfLD7+y4m9I+Lcz+DsLtDlnLf9+C375a6785se/SSHWURz57/23K94rUOOrQBWoAlWgClSBP0uBt8tPXlK8yHARyYtNXmq4qPhXib0cKU36EZ9/GPAozvj2VaAKVIEqUAWqQBV4lAJvlx8S+M2Pyc7m+vltjnMuP16mXFv1M27l07UqUAWqQBWoAlWgCtxTgXdffrgg8e2Ov9aCnN8Ysea3Q5P0Km76dF4FqkAVqAJVoApUgXsrcPPlx292+PZmfoPjr724+Mxfex3F3bu44lWBKlAFqkAVqAJVYCpw8+WHSw2XHpqXH/7fHsZefrDxDQ8f21GcPu2rQBWoAlWgClSBKvAoBd4uP/lrKL6dOZv7DQ6XGX/NRe+Ydf5H6PTjYpRzfelp5HT8qIKLWwWqQBWoAlWgCjy3Am+Xn+eWodVXgSpQBapAFagCz6JALz/PstOtswpUgSpQBapAFXhVoJefHoQqUAWqQBWoAlXgqRTo5eeptrvFVoEqUAWqQBWoAr389AxUgSpQBapAFagCT6XA/wCMU5UDp8z6sgAAAABJRU5ErkJggg==\" data-filename=\"image.png\" style=\"width: 546px;\"><br></p>'),
(64, 3, 1, 1, 0, '<p>Tujuh ratus adalah berapa persen dari 150?&nbsp;<br></p>'),
(65, 3, 1, 1, 0, '<p>Perbandingan kelereng Faiz dan Bayu adalah 4 : 11. Jumlah kelereng mereka ada 60. Selish kelereng keduanya adalah...&nbsp;<br></p>'),
(66, 3, 1, 1, 0, '<p>Sebuah mobil dibeli dengan haga Rp. 80.000.000,00. Setiap tahun nilai jualnya menjadi 3/4 dari harga sebelumnya. Berapa nilai jual setelah dipakai 3 tahun ?&nbsp;<br></p>'),
(68, 3, 1, 1, 0, '<p>Diberikan P = {1,2,3,9,12,13}. Himpunan kelipatan 3 yang terdapat di P adalah...&nbsp;<br></p>'),
(69, 3, 1, 1, 0, '<p>Dari kota A ke kota B dilayani oleh 4 bus dan dari B ke C oleh 3 bus. Seseorang berangkat dari kota A ke kota C melalui B kemudian kembali lagi ke A juga melalui B. Jika saat kembali dari C ke A, ia tidak mau menggunakan bus yang sama, maka banyak cara perjalanan orang tersebut adalah …&nbsp;<br></p>'),
(70, 3, 1, 1, 0, '<p>Dalam kantong I terdapat 5 kelereng merah dan 3 kelereng putih, dalam kantong II terdapat 4 kelereng merah dan 6 kelereng hitam. Dari setiap kantong diambil satu kelereng secara acak. Peluang terambilnya kelereng putih dari kantong I dan kelereng hitam dari kantong II adalah …&nbsp;<br></p>'),
(71, 3, 1, 1, 0, '<p>Sebuah bak mandi berbentuk kubus dengan ukuran panjang sisi 80 cm. Jika bak mandi diisi dengan air kran yang memiliki debit 1 500 cm3 / detik, tentukan waktu yang diperlukan untuk mengisi bak mandi dari kondisi kosong hingga penuh!&nbsp;<br></p>'),
(72, 3, 1, 1, 0, '<p>11, 19, 27, 9, 17, 25, 7,&nbsp; …&nbsp; …</p>'),
(73, 3, 1, 1, 0, '<p>z, v, r, …</p>'),
(74, 3, 1, 1, 0, '<p>&nbsp;Tidak ada pemalas yang sukses. Semua yang sukses sejahtera hidupnya. Jadi . . .&nbsp;<br></p>'),
(75, 3, 1, 1, 0, '<p>Toni adalah orang desa. Toni bekerja sebagai buruh di sebuah pabrik. Banyak buruh-buruh yang malas. Malik adalah teman Toni. Jadi . . . .&nbsp;<br></p>'),
(76, 3, 1, 1, 0, '<p>Semua orang tua menyayangi anaknya. Sebagian guru menyayangi anaknya. Jadi . . . .&nbsp;<br></p>'),
(77, 3, 1, 1, 0, '<p>Semua kendaraan berbahan bakar bensin. Tak sebuah motor pun berbahan bakar bensin. Jadi . . .&nbsp;<br></p>'),
(78, 3, 1, 1, 0, '<p>Semua mamalia tidak bertelur dan semua yang bertelur adalah hewan. Jadi . . . .<br></p>'),
(79, 3, 1, 1, 0, '<p>Anak perempuan yang masih kecil selalu diberi boneka oieh ibu mereka. Tini mempunyai banyak boneka di rumahnya. Kakak dart adik Tini tidak mempunyai boneka. Jadi . . . .&nbsp;<br></p>');
INSERT INTO `soal` (`id_soal`, `id_paket`, `id_topik_tes`, `id_event`, `id_skd`, `soal`) VALUES
(80, 3, 1, 1, 0, '<p><img src=\"data:image/png;base64,iVBORw0KGgoAAAANSUhEUgAAAnYAAACgCAYAAACBrCHiAAAgAElEQVR4Ae29P49tSXbdWQPIEgR5RVeCLAntDEBHgIymLA6gAa0BIW8sAmWoPwHl0KMEokyhhAFHxrjla0CHgIzWoCxxzHYooOWXwQ+Qwi+7flWrd8c590+ee/Nm3hXAfXEi9t5rr70ibpx4We+9+uKl7dMo8Kd/+qcvf/VXf/XyN3/zNy88t1WBR1DgL//yL1/4rBp79Y//+I9Xpovnfv3rX7988cUXL/TZ9vKn30d+Rsef/exnryUcpedH1qPcq8AzK/AFxf/61//j5W//9r/388E1+Df/5hcvX3zxv7z8q3/1v3ctP/haPsP3kX3KfuXD3j2i5n/37/79j5hiM3cE9iNj/Nf/+v/9WPd//s//76ev95HXotx6l3jPPfB3f/d3L68Xuz/6o//j5R//43/WTzXoHuge6B7oHuge6B7oHviAe+AP//CPXv76r//Lby52XOq4YfYnd/2dxnv+TqO5u/+6B7oHuge6B7oHLt8D/KSOu9zvXOz4yd3f+3v/8OWLL/5+P9Wge6B7oHuge6B7oHuge+DB98DPf/6Hrxe65cWOyX/+z/+gP4L9gD+CZe36qQbdA90D3QPdA90Dz7MH/uW//N9eL978pI51/52f2DHJT+v4MWhbFagCVaAKVIEqUAWqwOMq4L2tF7vHXaMyqwJVoApUgSpQBarAWQr0YneWTHWqAlWgClSBKlAFqsDjK9CL3eOv0V0Y8o+Zrv4h17skXyTxH5aFV9t1CrCe6neOno+yB/iHtK/5B3WJ+Sj/CDf/QPI1Nc6dcK1WE+feY/7RdPbnOe0S33Pw8Jm6zfG5OJf48Y9Fb/2j3Kdw7sHvFIdTdtaTtWp7fwWe8mLHF4xN6IuPL80zN1/66DH/hf730iXX5704fOS8H1U/Xnxwv/TSw3eYuGf/Ln+EPetvIFivU+0S31NYW/Zr99wW3mqe/Uy9117sVpiPNOc79ZyLHTqsPv4m9Jy6Zvw5ecHNd93EuPTsyL3p/+HlHAx/ozLzO7707Fvp9XQXO4RP8f3CrcS5ZI4Nk7iXxD6Cr5v0US52fgEv+bI/go5v5XDEl1oOHBT30u9I3nyPrsEj5iN/B123Z+h9uZ1T6yW+5+CtfK7dcyusrbm3/MRuC/OR5jlvzr1gccHN7zjP55xXvqcyj++KS777+Ka/eyznTmmbfC/hQK684E+c1OUUhy37013s+HLlpkCYSxZzS8i5Ubb8HnXeL0wvdu+3Qq7BUQzywDgKc4XD98nfsa7sl87xXbrmcCPmiO/ypXzrf7kCvkjPibzE9xy8lc+1e26FtTXXi91PysyL3bkXI860vBSJ6Nk53+3aZ796X7M+55475lvhzrk5hmO+Z+c5vapvYpwaP93FjoWbQioSi43NxUXgHOPH2I9+YuZ8xq1wzElPvBtNDBfeQ01uLrpj/POlajy9GNgZsxn9AumnjxvVsXbyzKavPb7pt5XDWtLuJjcfY5o+xswcWT82eesPhphqxlxydv2YF8+5uWancOceAJMGDvpbD5ys8QeX1078yTnnc515ljMxtoznmXpp1q1OxMI594a5xJr9qkZ1Mi8YWSvz5LLJGb+c104vN33BkDd2eTKfmsDPWPkkbnLF1ybHxFOXnMNf/MRSY+zmpc8c5rIXx/HUzHpP7R9rFkfexJNj1YzBLl/zqa028tMcTz2MpxdDDuqSPs6ZB2zi9DFf8j7lm/HJY/LO9VAD81Bf2p2fPT5yhRdNbeDu90yfrAddHBuDH4157FmL+Ngn39egH35Rn8xtHlzIYT5y0NIXu+uiH3Ni0ItBbPrwbMNHzupkPn3swZx6Zw79speH+yxtPJNrYk4fx/BO7mLLX7+t3nXaqm8rbjVP3eq/sl8z93QXO0RCSD9zk7DYuTlyA/LsZvCL4YIQo40cezi5UPjJxU0FFhvGHNi1EZucGOObG4zn9OcZLGpNP3I7Nhc++KcGydcNDacZS9xWDvEzzi+TOIx9Ns8c46NNXvhQS+YgDw1OPjPmGT+a+bVvrdkpXOzyNAfY5gZfe9b4SiJ+0d8pxnCyWSdrk5jaV7XBTb2w85x1M6ZljeJlv1UjPrMmODNHsybygGE99GqSeXjGBldic8zzlibY1IU8js0BHzlhA1/ePOd+J4djtWMOf3yNBUeuPGO3PvWUC3abOJlDnvioDTnNp13O+mE3JzZiaPg7/zrxwy/MiakvPPCXM3ZthIErV7Hl4zj9ebZusGzWzRgfbcyvuBq358v6JBdwHPMsrusIL+bIrY08PGeN5l71+GYs2NRAA0Mtsl5s8NKP/MTRrI85uePnM7km39fA8b2Vv3jUCgax2ohTC/PL0zVjnP7EWC+99YnjmDw8Oy/HVT9zWKNYqxh9Vjbm4AyHc5pY+PNhfGmDq/FTr0uwwFD7S+L2fJ/yYocgbmZEzUVhgXM8N2CKmQtCTG6OS3BmLIsMNl8QN89WXub1d3PMGHllzeD7IY8Y+OqfOfNZX+Js1rCXY/LaG3s4WBN5ttYiOU9MuRIvprwdWwM4W2u/h2u8PRhwpdF7QDMGJ8fGaGNNbOC4RvbG0pvD2OTOHDHqpw7WPmsVI/PLY9Xv1Zj+akw/OaRfPq+4WcueJtiItWVu9FJDe/VizLpsNWK1T27mUOfEkHPO+Zw4rKOcsgf71P7JmqevuWafMdhyXeY+xz7r0N+aZ4xr4HzWJJY2fHMfT66M93z3tCMXGq7a1CDXY+Wfc3PN4bDKo07Gso/IA6/Z5tpRM/62ydd5evXJOWLVlXz42ODAJ5vcnMsYYl1r5udHLOZ5Tt7izX61bslx+jMGmxxbDY327BkHVvIm9tpGvWpyqoZVDmLVd2W/Zu5pL3aK5QbzS8Bi5yIzn2PijMkFwceNgs85OHKYsR4c9GyU3Kza5kbAJzcVm40x/ta2qkUOHkLgZD7t2esLto16+ezlmLXsjVd1Tmx94Kv2E1Ou8kRr9dDXOvbWTF9xJi7zzsHHHPR50IGTY/HoZ47kmn48g2EOxuqffvCAE01uW7XiM/Mnls/i7NWoL5zw45N5nSPfqs11wIcYcu9psvc98vuwygf2iot6pH2Pm9isizWqvzb7xMEf7qt2av/MmqnT3Go+cWcMfsTQW7Mx2mYdqQm+6ou/+xIs5lfNPOBs+Ri357ulnbzpV21qkOux8p9z+POh2acP+K6D87k21JTt0nXOWPXJOfK7DnOtZu3EzfpT16wPrLkXzGu9ez76Jr5zp3piwN5aU/Q9tZfMQU3WpX5zTfQ9t3d9t/ht4Zyj11bs1vzTXezY1LPlIvOcPrkB3QDM0XJB5pdlD2fmn7EeSviZM2PIKwfnkwtz2Nlo9G4054zRDztfVjB4hk9qkP48p6826gV/L8esZW+sBnmI5DrB1S9xzk9MucrTMfF88LftrdkerlzVjB4daFMPcORtXvuZAxw4ZXPs2mqb3JmnPvWzbrjSVv4zv9j0l9RIzWprnHnF1Ed+ztNPbomxp8m0WTOYUy/z0MuVZ5pxqTXa0CY35oiHo/q59qn/a3D8kjhzj+DGHJjTRo7cP7NmUzBP/lWbMeqLrzVkHDjW5PysTZ7y3sICH30zD/WotfjZ7/maN/3lMDmmz9Qg1yP9tp7dI3DjYwPHvPpocw9aD7rbZh34nLPOxIsnFj31yQs+PmODY2I7l2vgniAObraJZSy9Nvx53mv4wPGSJqfkabxaZ53aVj0YicMznHNNVnHOkS91cR4MbJe0a2JO4T/dxW51iCCsG4LFyk2PjQ+bkE8upgtCrBuFRXXRt3DmooCbvmLhBzZ5ss1NiM/qSyJvY1dfDOPgjD8++qmJ8fb6atc/Y+FoM8esZW8s5ioHcyu9mJ+YcpVLxjlnv7f2e7jEWSNYPDNHzMRkbotDcjWeNSGGhibqCgY+NmOdky/x2LSDQQMnOTNnjJjZg5v+WWPWhB/ckrP76ptvvvmRP9hgwGs2uKVGjK1bjomvDbwVR/DhpRaMyatWqTG2zMfYesiJDX9b6qIm2swnV+fpwZGre906sGtTT2PBSm3wMw7fzJU8jRc7MYgXg/gZh4059w4+8ktcfOb8nNOeedybq70A/p7vnnbwzjrxdc1TN3LgK7esae8Z/6kVY+uwLvLyDJfMn/kuWefJSX1mXv3ghI9NXnJhHh/XV7+57szPOXDFzjzUiu9WI3fWv+U354kjT3J3D1yCB7fJD84rHSYHxmqo5sy5Div/vTlyJs6e77m2p7vYsZguAILycWMqmvP0uQFnXG4Ebbm5tnDMY08MH/3FENN5/empw3n9067PrM0NaayHjmN6vyg8U+NsYiTn3JjaxQRv1nJqTM7kIS+5iC3H7LVNHsS6ZvrQ5xc85137yXXiTp7msAeT58RhvGrmB5PmQSYGc4mbB1ziuz/gOvn+4he/+J29k7Hkmm2rRuLStuJsTfDIPZO6z3zyJ3b6rTQxPvFTG+yJ6XdGbvTUQpt6qTfzYGSOXMepoXGupRzlIodVTmJmnYkPdvKAF/45Zz2Zl2d80o9nWuKjR7aVdmnnGZ+ZM/cGmGg486SPXMQ+x3euV+qddbpWOQfnWZs5md9r+E2fxHL96X1GA9Yp/f7sz/7sx+8jfubHl/HkOznpn35qAIYf/Gx7mqUPmLNlHus3Bz150kcu4qQvz3DJpj3n8nlyx39+17cwcq/pI7+J65ppnxxmneDZXBP1cT77/H4Tm1rv5U6Mreenu9htCfGe8yzo3ga4ltstMOHiF2C14a/leq+4eQCQdzV3Lz7N87EU4DuVB/C17MG51ffzFKePdt6cqudW9lPrw8t7XkpuxWUP10vEns81NmoD+z3aOdqyPvNClFzPwUj/1fNbNTi1h1Y5nXtL7l7sVPEd+1sctFy63rKp9uRgw/GF+mgXO/RYabKa26u/tudVgL1y1MXuvV6aH+28ufdu83yj32tH7IM9/HNt7KP8adG5caf83qs+flp17pls7bP+SzC2dKD+azU4dw/dIjeYvdhtKXuneTYOm5LPuZt5jxoYYLGxb9HcsHL+aJc7eWd/C52K+fkU8LvF3rnmwM+X0BHf9WsU/mjnzTU13jIm1/ARzr7kw758a8vz/dTF9q25joxXh1u9947keg+sXuzuoXJzVIEqUAWqQBWoAlXgDgr0YncHkZuiClSBKlAFqkAVqAL3UKAXu3uo3BxVoApUgSpQBapAFbiDAk9/sePPnPRvRe7vNP7cwrkaXeK7n/UnK392hD9DQePPtTDe+vMfp+w/of7maY8vfw7qmj9LNXMw3suz8nfuSA5iPlLvej3Cn1d6JF1WXC7ZC9fut1XevTnXb+v7yLkBl0dtp/gfyds/v3b0Xmdf8Hlr46w7AuccHnmmn+O/58P+8v2w53cLm2sq9qPs96e+2PkHic+9tLh4ez2bjE3rJw+8tJ36Ahk/+8Tb43GU7RKNLvG9lp963FoH9gS5qOmt7R66vJXje8T7UkXno19271HPLXMeuR+P5Hmv7+ORnIv1vgr4Hnyvy9hR1Xup4zvwaO2pL3YsBi/dIy92YILH5l01bOdeSvDNi4UXhHPjV/mvmaOWczW6xPcaLl4G7qEBl+/U/xq+xhylC4fhIxyIR+nievZi507Z7o/cj9tZLrO4fvf4Pl7GbNv7qL27neE3FjQ599w8hfXZ7FyGHuEce6uurPG1F7tb7sNe7D7Qxc5D9NRP+966WWf8JZeSS3xnnnPGanCPF8mRL9KjdAHnvQ/Etxxmc41dT/q2fQWO3I/7mc63un73+D6ez2rbc/5medvz7RZe3L3YrXV89osdZzhn+a3aU17s+MKxsejzy+chhY1PXqB8MfNF1b61KPhsLRq2cw9BfOGXLXmRA46Tj2N6MGj0zlsXm4s5c6SPc8RaO8+rfK8JfvjllG/Gy4PQqb0aOb81ztw840dNxNHIQS3OYxMLO+Oti5KxyVlcYtUPjFxv8s2YPV2SG1iuGTnEkiv2zJd5mJef3DIucZm3qTEc4aIeuR/A1iYHevg5Bkcs5uRiHvv0MUf6wkNMuagRftqp3aZdTs7Tq8XElAex1kE/W2KTm2YsmDQ5MdaHeepjnP7WhD2xV7lfwX/4hXrTR87Wlb7MmcccW9plnDzhTJwY+GQ+95L++KpBcpyc8SHWdVc/OWQOMLPlOuba48NYHejhNdv0AZ9P+jsWyzrBYg4O1km/1fQRBz/5G5Ma4Ge9crDHNusVgx7N0p5xxNrwwTftPNtcmxwTj5aJr53emFy3tBMHxqyBsXvL2NTTOfxcA/eamPjQEssxc3z0Yf6U3uC7blv1gpP6ick8jbjMKVf5kMMY57JWMBL/N6i/qVGs1En77J/uYoeIbhQFdIxwPvslZCFSeO1u6CkoY3y2xMeWX6ZVvHP4rjYJ3OQ08zD2CzPrY376U7OcrY0xm84xMT4zjyZbbc+XXHIDAyzGPouLn3W7+dVMX8fJQ5sc4Wy8eIkNVzkkjs/4pt0xdngztoHFWB/isu3pAjd1kTOxYmWe5GO95pGD646vPMD3WX978oMlnlzwZ46GjxpOLPPpK45j89BPmzXqSw0+m+e777575W492GdObO4JNbReMLWRjzFNPGPlpu8eb2yuCzzVRgzm5A++OeHmsxzMN3lnfvOZh5iJQzyNeXKSXz7WutIu84CPj3Fg0JiXJ/3UjHHG8Ww9cqaXR3L1mV5fcqavfOhp7htq1fZq+KF+18Y5e+bNYZzc8cFmzfJnXk3Tl+etPMZYm5oRY0ss8vJJTq6vsfIynl4d5IGv9WEX11rIqT21YA6bfOnNBw/xM7cxxJGXhm/ii2Fdjonh2fmJK5612xOXXFwXceGt3RixiCUfDY58zI9Nu3H6JjdtzqkBYzW2frH1TR3xZWyDP/ltmccaxdVnr3+qi90UGmEQC5Fn09fFRdz024oDZy5aYmNzo+X86hlfN5y9Gxj/yQlbbhZ82OQ5lzHwEI95c9i7kbCBw/yptucrbvbgUqdfxonvOqjZHE9/vxCuG7jWgS+5cgwXNZhYMxY7/uQAI+vgmdpp2GY9e7pkXvk7N7FO8TUvNeFrm7jO088cafM5ddvCVnPXyLEY9HOt01eOU1fyaRMz4/KZHI4zr89guU76gW0jd46dp5/7Qa3Th2fwyUOjXvMxXuWHB00+r4PFLzN/urCG5LLlPtnTTn/71V6Q11wX8mlLzVLDyRktkmfyxjc15Vlfa5An49TVefqJM23ktInrGjhPr8251JQ5uG1xwD5rZe3BWDWw5GXe5LRaF3HSRu1zncyJzRzEZk7GyfdUbebOGOayxhUPONCw8Tz1cz/NWPhoQ59s+Pp9y3nzTH/ms/apt3lSf3HhTKzNWMdTY+fpsfGhTX1TN+wTd6/GV8Dxy1Nd7BBvbiQ2ei4U+iC+G8vFnRt4Fae2qzzayCWmc1s9vvlFnH6T09ws+M8Nk9zcZPiBhW3VsKnHlo9xe75grL5kueHFsfdLZtwc62fvF0KNwU4Np6Z7X5gZSw5r2Ft/bKktcXu6yJ04dc65xFrxVRNs+s51Vxdxs894eM4mJ3XcwlZz8Rwn3tQtffc4ahMz48BPXPnpa37XwBrFANtGrTl2nl5/enJMP/PmGs3vJD7mB/Mc3nJY7Ud1ISe5bMlBH/XIOvS310a8PJ0zXl96bakFsY4nZzCTZ9YvT/HxdT8zxxj9aGCQJ5tcmM+49Jl8zDlrgxc4mYNn84PpWtLrS299s1b9kg/PxpKTtuIE762aiNO254fNHOSBZ44nX8Zym/q8Eh2XweTOM7HuA/3txZ0+ruEqn7aJCUauCzncHxNfXsxb+9TbPCsOuQfBMta6psbMi0dO1wl+YNnm3pi4qxqNXfVPd7FDoGwsrl9ENwMiuxgu7tz0GZd4PM9FSrsLm3Nbz/Bx8618JifzypkY5nIDMecmSS4TCz/t2lb4k9eer3kzhhx7dboOfpnnOLF49guhBuCnhjPXipOYM9bc9GCqT/rzvLLt6QIOPOAufzEn1uTLGGwaOHJyrcSZuM7PHjz1ApcxLXXbwlbz1Gniz3rSV47iEMsc+aYt4/SDqx9ibORknhjm1UsMsG345dh5e/mrM/Nycw5886Ob+fDN/Bm74m1Oe/BdG7k7pieXDTw5yI8YmrGOjZk9GODqn7owR76VLTVMzuCjRfKcvBmrRepGLPVoyxzYGOtPTtdi1jT5TG2wi61NDObVVD7w3WqzVvnrjx1MGpqIZd5cH3ilbmLQE2e9sz7sW7bMid/kaw7XxHH2MwbuzNGmXszJRRsc1AD7aj/t7bWZR43VCmw40c7VWw6p/yvAQiPXSvvUn/zqgc364ec8sfIWZ+Kql/ZT/VNd7BADgfwCuYDMKbRfXG30zLEIbhZwwMjxFBpMF1FbLqxzez34cl35TU74ZH2MibcmMcDFzw3P/JzDZn2ZB7xzOU1f6ievXxh48VHr5Kl22uQ6x9Zk7xfCHOAk36kpfDKvOPTE5pePsbyIyVjyaSOfz+LtaZhrkfx5nljgkJs66Ff8mJef+cV1nD051Muc01/dwE0b83NNqJ2a+IhrPnnR04hPX+qZNYFhTvHM6ThjzEU//ciLL3hi0ttyLZzL3hh426g31xt88vDBL7mZ39i0ObfVk8O9DK7P+PPMHPg06vBZzmo1Ncl8q70gPpg2coEr1paGyZlY6iXWJm/GyV+7PXmyXufpp6auh/WnLzmsEfvUJtc/bT6v1jnx89nayAN/ejUUT395JSeeaWpMv2rkkZe4U2Pi5lqYU8xcG2zmxy5vfe2JyXWxZuzkI07e4InJvM9gyJ84MDIfXKhLHXjOlliZHx9s+H/zzTe/g4kvHNRMnuZxnLngIibz1ijf1BhsarNh48N82qwPDHOqgbj0xJzbnu5i56IhlJsSYWkumjb6+YxPim7sSnDj7VnUbCwUttWCGWM/NzPctU0OztOvsNEgN5yc4GcsNdJmnvQ5xWnlm9qlHn65zA/vXCtr0U4/80+MX/ziF79VT65v8hBbHbLPGpIvPomnnomr/ykNM4e+9CssfV3z1CNjc37qkvXxDKaxxHm45JzP1iS+vvJiXl20zXza8TUufcWmZx9M/nNMrPwyVq6po372+k9MxluN2OQ7Y8WeeanFfPjQ9HWeXt6ZX52wg0v+jBEnc2D3habv5Jp1kI88YhGT9pxnDSeHif0nf/InP3KE84xPfcCb3OUsB8fZE0fLOfNoSx3liI/PxpIndRaH3hyTc2LPZ/KDDeasDV/x8fEZX3llLua2Gn7E2Va5si785UZuxuZnjI1P5gdz1YhLv+SB/8pGDj/gpo9rPfms9pp8wJLfrF0c4n3G32d7+ai9Y/mYiz619HnOUxNNnMyJtlnPq+PQyvWZGNZpzFb/dBe7LSGeaZ5NxcZpqwKfRYHVfl7NHVHvfHm9BXPFcTX3lhwfJXarbuY5s1Yvta2YW9TMy3nF4ehcXi5Wl4pVLi4R99QhOXAxeq/c8mBd9i6++j1T34vdM632D7XyYjr30HhCeVryB1OA/by6bK3m3loaL/ajXu735P3Wum8dz3nEC3qeS17qVpcXfO95qXjki917XWwe5WJ36/350fB7sftoK3YlXw/Oex1OV9JsWBW4SgH29fxcBbQR5H+yOfqyODkzftbGJW3q4cUtzy99WJN7NXPSH3WxX3H3p3XmmxddY1IrNdJ2r97vBFzvzSH/8+17XWrvpfM1eXqxu0a1xlSBKlAFqkAVqAJV4AEV6MXuARellKpAFagCVaAKVIEqcI0Cvdhdo1pjqkAVqAJVoApUgSrwgAr0YndiUfizA/f8sxz8+Q3+zMKq+edMjvozBfnnRfbyrrh0rgpUgSpQBapAFXg8BXqx21kTLzv3vNjt0PnxDxYfdbEzV/6BXefaV4EqUAWqQBWoAh9PgV7sTqzZvX9it0fn6J/YZS4vsTl37jO8jv7bgufmrl8VqAJVoApUgSrwkwK92P2kxfKpF7ulLL81ufXvcf2WUwdVoApUgSpQBarAzRV4uosdFzX/3Z38KZM/DcPGhzHNi51x2PI/hea/5TP/k23axANz5koe5lutvHH+dA0uGUtM5sSPpj++xJBDLGvRB39t+tLzEc8cjPPfE8KHWLHEfiXRX6pAFagCVaAKVIGbK/BUFzsuHVxEaF7UeGY+L2VcgBzrR59xXmDEY5yXHzC8dGnTzrx4XoLEw8fcrwnjF3G0OxaLeeZo4tqbWzjGfLx86YcdPLmnPz42cjlGg+mvX/sqUAWqQBWoAlXgfgo83cUuLzPKzEXGi072XJKweZHSPy81ztHnPJcdL1zYGHsRyhgvZ17IVvn019fLGPP4g81ccveZnHwYZ5tY+uSlM/2JT/6z1l7sUq0+V4EqUAWqQBV4HwWe6mKHxFyEvPR48fJytFoCbKcudl6K8vLDXMZhM595uAzJ5aiLndjZyy/nti528EnexmRtzPVipzLtq0AVqAJVoAo8jgJPd7FTei879KvLG3NcflY2Ljn8hMyfkvnTqrzskIexFzd+qmYD04uSF6xrL3bk5iMXccjFHPVZq/npzYsPLX3gbU3GyNdx1kpt01+/9lWgClSBKlAFqsD9FHiqix2XmbxgcRnhQuMlJy8n+nkJc0kYa8M/Y7zsgMm8lyZj7fVjbG564lYXSeP0xW/GMgaXjw0O4nIxyyaWHMHUhzmetREHLtxo+nrZUwf8Mybz9bkKVIEqUAWqQBW4vQJPebHjQsLHCxoye5nRxsXH5uXuVAyXH3zAyhgx6WlpMwbbnDd/9l7IxEye+DlPzwUsL2HM0SbGN99881txaVejxOEiB2/maNqmby95r/L0lypQBapAFagCd1PgqS52d1P1h8vbzMeFycvQtHVcBapAFagCVaAKVIG3KtCL3VsVXMT7079p4iddbVWgClSBKlAFqkAVuJUCvdjdSFkucfmfRf1PozdKV9gqUIUgx9AAACAASURBVAWqQBWoAlWgCrz0YtdNUAWqQBWoAlWgClSBT6JAL3afZCFbRhWoAlWgClSBKlAFerHrHqgCVaAKVIEqUAWqwCdRoBe7T7KQLaMKVIEqUAWqQBWoAr3YdQ9cpQD/5h7/lt29G/9W3tbfLvbf36Pfa/6t5VN+YFziO3OeGytv/K9p/MUcY2dOtPLfF7wGO2NY83Ow/HcNM/bo5yPrOprbe+K5/u/J4SPl7l9q+0irVa7nKtCL3blKPYAfL9X5N20Z88K9Z/PFfenFzris4SjeXo7A3ruwnesHr0t8Zx2XxKqHl7OJtTfei/UfvD7nMraX4xKbFwt43aq9R123quVI3HtofyTf98byH4c/998Wze+0+3vrN5nvXVvzP7cCvdh9sPX38Ja2L7l7X+7Id8nFjgPQw3By37vQEMeBek7z4D3lr4an/Mh5ie/keG6svPd0mNg5Rtet2Pf4yZYX+OR49PN71HV0DbfAc8/dAvszYvLdOfdix3mXvsTe8zdNn1H/1nQbBXqxu4GuvKg5YPl8//33h2ZYHdwcOJdcso4gdMnFzhf96iK1uvDJzwvPKk6f7M/1V8NzcC/xTS48nxsrb/yvab3YXaPa54xxz33O6o6v6tyLnd/ReWZwfrVVgUdToBe7g1fkl7/85cuXX375438y5cI1D4O3pFwd3Pyu0YudP8lgnC98x8x5GInFnPEeYMzR0sc55vNilz75O1rrBHvrd7bGzjjnyclHzmDlTyeTL/P4qrdjMcDMmvTTbg55p6+XU3y38mPLOqzBPOChg/nEsQb8XactveSWGDxbmzz1cz8w1pb+qVHmhAex5iE+sRxrp7dO8+Bjbdit1xqZ49kmvrphty597PVNjubHRw4zx1Zd+BEDno05P6kNdYAzec4xOFk/WImf3LHJX+7Em1/t5JZ95nU90y4GvXqeyqGdmOQM7hG85Ww/8zimd4+kL/PWknzUSR3knj7OUQs41Erzu2m+18n4BV8+bVXg0RXoxe7gFeJQ8ACw//rrrw/L4uEmoAcwh5WHGXl9SeDHgeWB54vGw81x+msjV77QeHYMngegueU0e/iIOW3mX9mtVW7kBmvWoh2MrD2fk3viop81TW6M9dXHsS8DcjBHcy206Ss/MPTVRq8G8nVs3OSVOV1zcMTEbkMTudPLDTuxasmYOMb48ez66sucWHI0D76uoToY5zxjbBODOevIHMndPPbY8LUex+bInHJb1YVm+tJbM3ycV1d6a5s859gawVBjY9FuSz9zgcfHeny2fnv9HVuj44xTY2O2csiNnkYN+KKNNvHV9hSm/vRiiMmc8WgEJjY1zBg5ZS3YGac/c64fvfvE3I7Jw7PzxG01OSbvLd/OV4H3VKAXu4PV50s/P1999dVhWfJwMY8HGEl4zgNO/yTgoejcjBGP3hzZEwcGBzC5PCTFmz2xYk6bB+rKLncPc2LJSW4afcaJlf7mw1ddxCU24/XNXt/ENC4xjSHHzEOs3FJHnsHQRi4bthw7j9biO5e+2Bnb4Io/uk08X6D4+xE7dZ5YjrNXE+bkwBz17TXyuH/kqv9KX23Tl3l1oAbrsScPbda1Wl9zZC82c/AS75yxOK4z/Wwr/fSRo+Psp8bp6zqogT0+2sTKuHzGzjjrNYb+Wt7mSC1YN/BocHVfzDyvDj+spf4zhlhyOG/t9sYx5nmrPnNln/vr1P7OuD5XgXsp0IvdwUrnl95D5Ntvvz0siwfiFiCHFBxs8wBnXgwP1Xzh5IEIlgegePYcaNaX+bRnz6G55SOX1QGpTZ5ggqUvmD5jyzoy/+QprvPpO5/1TQ7qMrUmFj6+JDJ2ixsx2vC3wS3HzpvbMX36zvXG3zp5zgZP/Fctdda+qlfu5BBfDsyphRj26SOHiY+WW/tm+oKrDnNfmJN+qy41kosxcNDmeuQa43dqjA98xcm9tKefHNxHjrOfa5i+1HJKf7EyjrnEVQN96d/K23ypBRrxoaFVrgVrqk0ejHN/wNNx+oJFvlVzTfZ8VnHMkeuauC28zleBoxToxe4oJX/A4S9L8BM6vvD8WTsOmyObB+IW5jzs9M+DzbnE8ODMA3Fi4a89X2bUulcntq0DEDxsqybPPPzzxSxnY33Z6I+v2HDw0E9c5pwXJ/v0dR5/8KzLefqtPHIDz8Yc/ivbnl6Tb/ryMrRm8riG5siXZWopJ9d3y5a5yYOfeYxNDtidx089ncMuJ+YSP7WUn/30tT56MMRPf55XdenjesLRGpijpcbMWTe2vbGY4CVHMcWBr5zN/Zo4NHOc/axHffGZOM5lfWJlnH7U7Ae77Zx1x3diGp82NLFRf+oNfxs2tco5NWNOfYkTh3n4JhZzxmlzncSePdjGpA1OEzvtfa4C76FAL3bvofobcu4dlsBy+OTLkTkOnzwU8cmDDx9xc341JzZ+YnKwcUDmIT1LxHf6eJhuHYwe1PTyAsdn8xovnoc1vQ0b3PG1LnDNIYb+9vrS0xzzbGwe+PCbvvjRyD854SuOcfjil+NXgMg/NdBfTfTP/aA+2hybh17c1Fn/xCIPPjZsfJhPDmDKDV/9jAPDmMTHDhf3m/72+K7yYzc/PQ198afNuuCnDTv5mKNXC+atAUzmM/fe2PrAcJ3p//zP//y3MODARy3IZ1NDx9mTW27Mg8HYePrU0Gc1EitzwE8/7fbEZe3X8jYfeLTUhjG8tTHWf64JcdmsP+fnHLhiZx7qwnfV5GccPnLKXKvYzlWBeyvQi929FX9DPg5bDiI/ecgB6wGGfR7MHFpbcVLCZx5SHGTG0dN8mTAmxgOO8dbBOPmJOfPJxV7e5PCZWGtPLtYvZvr7bJ/5fca2alkfvtnIZTw9vrQZs+IE91X8Ci9z5ppYM/lyHgxtPLMf0q5+04c8qZF+zOOb+yp5GmOvLesjduqiv71cc10zZ+qQ3HnOlvFg0zKHdcEHfPmKk1phMzZzMjfznBqbBz4+J755tE29skafk5PP2lJ/MFf7ZJXD/NmrWc7J117bClNO9NpTe+ZoYtCzDjZjtPud0k6Pz2q/ZB7XWBzzpM/EZkz96mvs9Esufa4C76VAL3bvpfwD5vXAuzU1D8U8tG+ds/hvV4D9ca898na2RbhWAS4rq++mF7trcTPOS9rRFyNwV9wzd5+rwGdXoBe7z77CZ9bHYXjPA9HfHfeicOYCPYAba3XPPfIAJT8lBb6b8xLnT6yOEuRWFzu4t1WBZ1egF7sn3wH+J5T3umB5wZsvkidflocpn4ucP2F9rz3yMGI8CREuca65PefEUc1Lndhv/ald4vHcVgWeXYFe7J59B7T+KlAFqkAVqAJV4NMo0Ivdp1nKFlIFqkAVqAJVoAo8uwK92D37Dmj9VaAKVIEqUAWqwKdRoBe7T7OULaQKVIEqUAWqQBV4dgV6sXv2HdD6q0AVqAJVoApUgU+jQC92n2Yp71sIf4v1yL8pJ3v/hts1f1Puklj+Rt61/3QHsf7tu5mTvzl61D+5gMbnYPk3V9XwFv2t1vsWXK/B9G+CXrPvrsn30WP47vdvsn/0VSz/z6pAL3YfaGX9p0H8ZwLs733AepE452IHN3lmv7qw+HLF79IX7CWx8CbHNRc7a/Bil9vHWle1pd+Rz14s4XWrdsl634rDLXEv2Tu35PFRsD2Hzjl3+I2O35lVfw7GR9GlPKvAoyjQi92jrMSZPHyR6+5l4t4HJPnOudjJk0Pdy5A1rC5A2i692JHnklj4XHOxI0/WYn32R/7ETsxTvRevU35vsV+63m/J9R6xXu6u2Xfvwfe9c577Ezu+D/N7L3f27b3PLXO3rwKfWYFe7G6wurwcOMz4fP/994dm8PKSoByyl1yyMvba50tf9PMy5O/k54vU+ub8OTwvie3F7hxFf/K5dL1/ivwYT+w39sQ1++5jVHgsy3Mvdnlx8/uZTNKe832uAlXgegV6sbteu2XkL3/5y5cvv/zyx//8wAF45MtidTjyky8vdv7EiHFephwzhw9NLOaM9wXH3PRxjvl80SfO1k/BiMXPRjxzUxux/CkUPvPwZ85P2oxNTC+Q+Fs3HBiTw/+sZP3ym33m49la5Km/+jPWlv7WzVz+xJL8yZX4xHIsD3rrNA8+uX5qk2ufdYqvbskTrGxgEZv81QA/OYCROXhe1YUfMdhs+DI/Mcw9ec4xOFk/OIlvHvv0tS41xSf5wJVmTvy0Z47ExJ4tNbJ+7Y7VasbqJ748iMt9xLMY2KyHZz/USks+YohrfnWZebCLk/nkuerFXtk6VwWqwHEK9GJ3nJavSBx4HqD2X3/99WFZ5uHo4czhmoewBzqJObQ9hH0x4E9znP7ayOWBL45j8Dz8zf0KuPELWoBHM6fxGWJ95nHsi5UYn7VZm2NrgZe+5nTs2hBDS37JZ9rUmDjzEWsjp9zpzYedWLmKyxg/MFIP84glf/Pg6zqRQw7EOY8vtonBnPjEaU/u5rHXn57mGF7gZU65repCM33prXmLJ/NwnDznOGuQo7HuB2uhV09tcAHTMbx8Fue77777kYu+7gF9icOfZpy+2PCnZe3M48PH2Hx+DfjhF/3oaeTlmZqtQZtxyUm+auRYX3pwaPjox9g8PIOpjXnrfw3c+GWVa8O101WgCrxBgV7s3iDeKpRDbn6++uqrletVcx6OmcODGECefckx1j+TcSATb5sx4tFnHp+JA4PDnVy+jMRb9cbaE7tq8s0XBTz4kGfGMe/cjDVX9vjTmEveYORYbsylnsaSi4YdLBv4+IOnjzbmkgvPYmPzRam/WI6zx2YtcmA8MTKG56xz4hMrnxnneue8WMTMurCZLznNNUq8fBabuZn71FgcLz25l7SBoX7Mpa8cZ03orE3MjAOHmFx3xvqamx4sNTKOOVvW7xy9+TJHriNrkXXNPGBgz9wZA77rhc/UwP2BDRzs5za1O9e/flWgClynQC921+m2GbV6yX377beb/pcaTh2OeciDzcE+D18xfOH4sqDH35cGWHxWjcPfQ9/DfuXnHL7iOrfqJzd85DFf6Niyvhm7lxMbsbatF6m59aNP3MyPDX/sfKZ2WzmIw+YL1VzET21dq8SXA3PgrFr6WPfEJ//MJ9ZKe+shZnI3bqsuNZKL/iueM/epMVi5Du5zc9BPzupK7z5Kf5+1iZlx+JCXD01f+mxoMteKcWqhthnHs/kSEz1cN3rz4z+1Yk6NxZan/ta2xQE/a5i8xVz1mWdl71wVqALHKNCL3TE6/ojCX5bgJ3QcePxZOw7WI9upw5FD3UOevPrT25xzTO8LIV8KEws/7fnCoNZTdeKTHDJ3PsvNl4vcwPeFlDbmeMnQZuzqpSP/adt6ia00yFrkZA36+wLGbiPH1Ek+W7ZcS/JaK3HGJgfszqcmzmGXE3OJD7ccy5sem7mdVwf3jvP0mW/WrB/zYrh2GSfPmXtvLCaxrkHuF3NPzukrl4xjDsxpyziwHVMXH/jYyMkcPmClnsxbL/65TsbTiw8PGznUbdYFpjn1n7mZJ1/i5Jxx9ObRf4Wf/vmsdjnX5ypQBY5XoBe74zW9KeKpw5GDl8M9G4cwHxs++cJhXtycX82JjZ+Y5xzuvFzAO9XMqa9j48CRA3M8k5+mLy8/GnXmSw0/fZn3GV9qyfErQGCqCz7E8iGfY/1Tf2LwsznO2sQlv8/6JxZ51Bs7Nj7MJwc1MId+YlonMYmPnfyprTHaZi36mp+ehv5g02Zd8NKGHQzncj55witr3xsbJw84e5F6JfTDL5MzmPjqD07mhBs46useozcG6IzJfNOP/PiCp039xMmxWPrC10Z+cGjomToyh9210mdiM8Yv59VEbHrzwt1nsBP/lcjiF+LJ0VYFqsBtFejF7rb6HorO4cnB6MeD1SQc6NrmQctBrG3GGY8PL45sHvjGYiPesS8nx/Olkr74TF6Zy2dfAGI6b+88vS+iGWMdqZncZnxqI5656FMDNSZfzoOpjWfypl3Npw/4mV8/5vFNvZK3MfbafPHLYeqiv71+uU6ZM3XY80kb2Ft1wWe1Jls80xfcmefUWF2yDp8z1nVx3+BjLD1rOTnOMbHJ13j1TJv655x5tDmWL73rm3Fwo+Uc9WSTywpTP2yzqQs28GnJDw3TB01WLbmBRVxbFagCt1GgF7vb6PohUefL4EMW8YlIsx5dk4+1oKsLCxevvDC+pSIvdlsXqLdgd6+9Rb3GVoHHUaAXu8dZi3dlwsvH3/m/K5Em/1EBXrRdkx/lePgHLnX+VCvJHnlhutXFDu63uCymDn2uAlXgPgr0YncfnR82i/9Z5ciXz8MW+wGIcZHjP1Xx6Zp8gAUbFP0+uYb0R/+0TuwjLmJirX7SOErrsApUgQ+iQC92H2ShSrMKVIEqUAWqQBWoAqcU6MXulEK1V4EqUAWqQBWoAlXggyjQi90HWajSrAJVoApUgSpQBarAKQV6sTulUO1VoApUgSpQBapAFfggCvRi90EWqjSrQBWoAlWgClSBKnBKgV7sTilU+1IB/hYdfwPwlo2/9Xfk3yo8kit/Y3X1T1uck+PcWP+G7DmY04fYXJ+ZE12P+qdU0OGcv1WJ363/pi81n8Nl6vVRxnNdPwrv9+B5q38a5j1qac4qcIkCvdhdotY7+/Ji9J8nyP7eLzIvHHlxOEca45L7VpyHMr5H/XMRW7kunUdveF1zsTs31ksteS5t6ry1PsyDi9+9Ghc6ct7yYuf3497fh3tpeGpd78Xjo+Rhv/E59c/C5FljjP0t9+tH0bE8P54Cvdh9sDXzhS9tLwr3fpmRb+viILfsfbHnnNy3Dl5rfbSLHTVQzzUXu0tifZGnZuc+E7u3Pry47nmxgzd63fpFSc33/i6cuyZH+J1a1yNyfBYML2xb58usk72Z+9PvX87NmI6rwCMq0IvdI67KDicvO+nCy2zvJZ6+Rz1fcrHzgFxd0Dg0uWSsmrWu4lb+95yDdy92lynei91leq28e7FbqbKee+vFDlTO1Wu/52tWna0Ct1egF7uDNf7Vr3718vOf//z1ssKF5auvvnr5/vvvD8viZScBOXi82HnhYEx+f7fqmDl/ByoWc8Z7GDJHSx/nmM+LXfrw4pkN7K3D0dhVnLbkJHdygAknP+aVW8aJry89dprakG8LU2x7daYXUzx8yOd85sJmrFj06QsPmhhZx95Po/QHSw3MQV2pHT5qYs3uAWLUJP3kYc3E6Zu8shZ98EsO+OsHrtjOJVe44J8xr4kXv+grf/psciePOcytTc5ywW597kltzpPD3OKYe47xzVrAcs2Tq8976yp3+TAWn/xpd721G5M1YKN+bfQ2/PYw9aOXc+plHjmpi3qnL3nVJPlYg7Fipo9z5hEH7uCaL/nyDCYfGzj4m9P59lXg0RXoxe7gFcoDhkOBz7fffntYFg8/AT1AOZA8iMjpAY8fnOZh5wHm4Zf+2siVhyDPjsHLF5f48soePmLmPM/mX9mtlXiaY5/NzxgfOKgHY+3JFV/m87DmGWw+xiQmz7PBlxziOMYveTLWpsaM1RG79fEMV8fWIifGPuObbdrw09f89Da5q7/z9MTJVQ76EZc41MGc60+vXR3oafhqI4fz2JgXI3OKnzmI1fcVOH7Bhq/8Gas1OcCmWY+5Zl34yi9zgyUGHLDRkqd2bHxynM9yJFaOr2DxC/7UYOPZMfE+Y4czY2LMrR2uPrsuYsqdHpt+2MEh9hSmWPTiE2tdxqcNvjbXQ03UFn8avtMfH5q8eRafXkye+WRdr4HjF/DVjT7zDdcOq8BDK9CL3cHLkweDz/zU7qjmwSX2PIA4jDxMyal/5vfQdG7GeKDRZx6fiQODg5JcHNp7bXJMXw9fc6ZN7h72+jpOX3h40MtNO/zyUPclo32VG1ti6mtPTOrMPHXCeRWHTX4ZKxe1tQdHmznVw3H25MTfxnPWjD3rJA/j9CHWHPKwB0/98ckGhrXlPM/E6y8H5lZraKx59Jn4K32Nnb7WIxfrsUcD88kT31wjsWef2Nhm7lNj8dCOmlaN+a11Jc46sqcebOS35X7IZ+yM9/K7tnuY5rEHE07Z1GNL79yfxOHv3IyBC3POZ/08a+f5nLUkH37mI25Lk6ypz1XgERXoxe7gVeEwmofM119/fViW+TKZwPMQWx2wYnAo0jwc6fH3BZcH3czDwWmdpw5ANNnykQt4s2lb8dRXH7iIQU9OGzXlmHnGzINtnP4rTG32U2fm4UAs2BOT+n1pZOyKmzmwgWmTl+Psze3cxM38+ODvB1zbXg73SfoTt6qX+ic+HJyb+pgfbfRx3Sc+OFvx0zfrAXdyJ+9WXfKgny1r0TZznxoTZw7wVm1yznVFg604bOS3ZRxziYvm6Ytd3fBT61OY5qKfe5c5122lNza/H+Lk94Q5xvrYi+VeMZZemxqvfNI/8eVP31YFPpoCvdgdvGL8Gbsvv/zytw7sW/8ZuyyBwykPew/ofKE5l3EerB6Y2CaWc/R5yOfhn5g+45svEufpyYFt1eTpgexBTe+ztdJf8gKSP/3EX2FOflMb+dATL4ZxyS9jfYHoR88ctU+beqSvz2iYLyGe82VNfvLa9HdtnDeHmjAvF2tknC0vMHJ2LXLd5WCOxJEH8eaRQ+KTN7VMHjxP39TBmjMGTcyXfNIHTD40/K3JOvSduffG2MChUTs1rdrknPUQJy9jmaOeacs4c4LtR63VQj6p9SlMOdCTz/qcB4t5c6Te6DprYY6PTb3B4ENbYTGnDnAgboUvrv3Mx5h48NqqwEdSoBe7G60WhwmXvKObh9sWLoeRh7I+HJh5aOLDwZdN3JxfzYmdh7yH+N4BSP55SILBnId08uHZ/OLSi0GsXPDlmTmwkhs25rJ+84CVGHuYxtijYWIy5kNTD+uSd8Zm3slDmzjGqYfj7MmtNsyDwViOjOWHHZv88EkbY+PwxUYN1gGPbPiiHY08PjMmD/7kSg5gZg6e5WMeeuYSf5XjNfEPv+A7axGX+dSIeT7my7rwdYxdrtZDOuzi8Tx5bo2Nk7f7Tp7O00/Oua7yznqx08CUM2OwHZM/Y14DfvhFLs65nsTvYepvj/9KK+zyhodNTchhU1vH9Na/NwcGeDMPeImfGDyjydQFzVY8ZmzHVeCRFOjF7pFW4wQXDzUOmtUhxaGkzQNeSA+oVVz6cBhm84AWFxuHo2NwPZSZmwdjYiU/42c+/RMT3zn+7rvvfuSA3frsnUv+2LLBB7vNF4HcxEoffemznll35gXPljGu0cxLrTN+1i9e9rk/yGO9c9766MmTdtdj+qw4mps8vjAnbzW0BxduuYeIyXH65jM+ydWc8rDPGLCzZTw8turClr7oT2NebcxD7zM2eF0y1hfsVUse+OBvm/uCeqaWuSbEzpqtB79pk5s9vjxPTPnYa0/uYE98dSVuVYt49uCudEp+1L/Kkz7i0U9famSONjllXJ+rwKMq0Ivdo67MO/BaHZi3oJEvklvgn4t5r3rP5fNR/XzRf1T+z8aby0peqKx/66Ks/ZLei90lMef4grvifk5sfarAsyjQi92zrPSJOjkw+dyr+Tv597pc8Tvy98p9L43vlYeLnT/huFfO5rlegdVFnMvSkd9/sPgN3NGNc6OtClSBfQV6sdvX59Nb/c8T73XJ8YJ35E8L9haNOv3PSXt+te0roI5oeeSFYD9rrUcowCXOn5rbH3lh8lIn9ls5J15/A/FWNRv/DAr0YvcMq9waq0AVqAJVoApUgadQoBe7p1jmFlkFqkAVqAJVoAo8gwK92D3DKrfGKlAFqkAVqAJV4CkU6MXuKZa5RVaBKlAFqkAVqALPoEAvds+wyq2xClSBKlAFqkAVeAoFerF7imVukVWgClSBKlAFqsAzKNCL3TOs8g1q5J8n4Z9KuUcjV/5zDPxTGzk+8p/cWP0bX6sayX/rfyJm1u0/+yAfuB79z8T4T2GY44j+nnvlUr5omvvY+v1nNeZeuxT/kfxvsV9O1Yd++T3J7w0a891F8yPauVjvocMR9RWjCpyrQC925yr1AH4civ7bUNkf/XI/VaoXjHwhbsX4oky++XwKg9rwz4tc5iIeO5zu1XhRkTNfWPfKbR73wpFrn2tlnrf2l+yVt+Y6Ov7U3js63y3xLtkvfqf8nubFK22n9v+p78kK/5YagH2JDrfmUvwqcCsFerG7lbI3wvXlK7wvnyNf8GLv9eQ7dSkjHr75AiAmL2HnYJBr62JHjntf7MgJn6xrT6tb2dDu6HWf++sI7ufulSNyHY3BGu/tvaPz3RLvkv2yt2bY8rK3xxn9tr4nR//Ebo9H2i7RIeP6XAU+igK92B28Ur/61a9efv7zn79eNrhwfPXVVy/ff//9YVlWL14OKj73bHsHf/KAb74E4JkXO3BONXz2Xq692J1S8Hz7an+dH732PHevrKPfd7YXu9/Vn/XM7/Tvevw004vdT1r0qQrcS4Fe7A5WmguI/4nB/ttvvz0sy+rFS04vdr6IGJPfA9gxc/4OWizmjPd30czR0sc55vNlnT55aVsVTZ5TPuKTj8+82FGvNeCLj5jqbz3YnROLOTmDw7x4iSU2c3zAsSUH+OmDfqkh82ITCy/8M0bM2ROXOYnJusQizjrIR7M+eRG71dJXXvomLljURkNvc53KIe/M43qBRR1iZH3Wn3E8T33lKgb2LUx97eXmOOtiTg48ayMPPGjmpM+1ejX+8It8s470hWvqTJgx4quX68M8MTR5iZk+zuFHHmy0me91Mn6ZuoTpFcP6c95nsa1LntiTgzWKhW3qaP30+smN2pin/onl2PgtDnLFj5ZrxJx6YTOXMfBtqwKPqEAvdgevigdJ9vzU7qjmwSOehzqHDYeQeTnYbByAHlAeeB50jtNfG7nyxcCzYw9XcpjbfHs9h6EvqS0/sM2DDzU5JhdjOWrPwz1xifOFoHZqBo66EOOLRX7Y5rDjCgAACR9JREFUzGOsWOBqI855cJgX11zoS4zro51Yn5M3c1m3OPjbMhbfXENyZR3YV826tMmRsXtDG/mozRhrwS4/fbOftTAmj3E+mw8sY1IDcutLLLbUnRgwiNcvMZOTucFQ06xL38wJpppiJx92mrHJRwx1oqfJSR2SQ8aIpbbmppez/vIAk48NbMd7+0V/e2JmjrTJzTl7eMjFOh2jX/LRDhafmU+9wIYPY7XgOTkwzjlyWrcx5KPt6ZBrbE5jzOE6MPb5Fbi/VIEHUaAXu4MXgkPDA8D+66+/PiwLh5m49h6cJOHZlxpj/ZNAHlirGPHozZE9MWBQax6EmWPrmZhThyE+eWiTK2viWY7kgRtj4rL54kjuPIOnLh72xmHf4odNXnJgbmKIRS8HfeBIfhs4OXaenpqybvyyRp5do4ybz9Y6582R+U/5qjsaUbttL27yJjbrEIOeefVf1b+nh9wSb2JO24pb1iUHeLn2E8Nx7g/n6N0DGS8udrBzDXjOOvFhnHMZA66aMQ+P/BiHjbxZX/LM56nLtGUtaQPbvc48+fjYkre6pBb6ub+yDp7Ju+Im1oqXNnmdqwNYqRXP6gxPcHIs9/ZV4L0V6MXu4BXgz9h9+eWXPx6sHKq3/jN2WcI8JD0g08cDy4MuDz78PRznoZwYHK4eur440r71fOowTC5izBcd+fJlIQ96uRO7whJzauD8PLyZz1rFh4N5sa8aHPVR63yxEQPOXnxqix/xNp7F33rBJE/jsp/roS7po47kUve5r1ZxYkzexGYd+IlHDmsh16w/x8ThT24+xpl3hanNfsUNTFuuobVrsweDGLk4b69+cLQRYy1owdg262Z+xVMNk9dcTzHpsclzapV+PGMXf9rg4n5O22oPwG3ys1Z1kVNinso/uYmVGsON3BP/HB1W3xtwUjdwcpxa9LkKvKcCvdjdSH0OGC55R7fV4Zk5OMh8YTCvfx54zmUcMfMQnlj4M0fLFw0Hnod1Yq6eTx2GqwMa7KxJruJ74OLHs22FxRx+asA4m1jMcWhnbTyroxzEcZ44eRAvB/NQP3YbODl2nn7qjx/xNrHkaQ5j5StH47IXw7npC4Y5c3+YcyvOefrJm1gxzee+Yh47bVV/7oP0MZ65PcxX4PhlxY2abXJwHeWGXQ1cP/U21t5YeNmIkfNcA2zJgRjmZu34wEEc/CYWc9q1yTv3i7zs9XGcvXg5x7O6Jy6+6S8H/FMXfLDZVvmZIwdapO/EYqyGxJhHXnIwh/PEwcN1tB45qbdjcMBoqwKPpkAvdo+2Iif4zMNmunMwzRcAB1AehPhw8GUTN+dXc2Ln4bo6IBM7n885DMmRLzZiGJubnhpseeDim7aJBW/qsrY81MFLLGJTD2zEUW9yIF/qmzXmS4U4bIk5c1gTPbjYbak5c4mFX/rKFb+sledsYKYvORnzka/+2PgwzwcfmzkcZz95J66Y+qsdPtiyJnByTIz64mvbw9THfsUt60oOamUsXJizEef+cI5ejitf7LmO6Z814XNq7YiVo7705s08cJ9aEp+NepIDtqlt+vNMDj42MBInOaiLXPGTK/GMk6PP+GQOfCcWdvZQ2vBx75ln6kBO+dAzJs5nMcHNHK+J+ksVeBAFerF7kIU4hwaHEAeNHw8nYzl0tXkIauMQ0jbj0odDLBsHmXH0NOKdA9dDj7n5IhBr4hC315IvmNaTGmS95CZH2q0lseCefInTDz7i8LzijD3x4JB6EJPj9M1nfJIr49my7ok5sVIL6suxvvSrlr4+60e9fhLHOfqpp7H0k3dqCt6MXeVAp8RhnI0xOLYtzPTRF1x1SW7UpRY8kyPtxOUYH7nnfiIPYzHo+RBLM4Y5MG3G6L/ijo/cjaOfvJmbedJnhS2e+e2JO9X0pcffmOTwF3/xFz/uK/zgkHZyrDTIfZC162st009OmQOfqUOO9bUXg7XLOdfylC61V4F7KdCL3b2U/gB5PIA/ANWbUfQlc7MEFwCzHl2T04K9RSNe7vOieDrjZR7z0nFZ9LY3uPBv++kSiCZtVeDZFejF7tl3wA/187vO/s7zNz+xe5QtwYWla7K/GvyE5i2XG2LfEr/P7jfWW13s2B+9yPykMT9Fa6sCVeDlpRe7J98F/ieFt/zU46NLyE9s/M8s/qec96qJi5xcnnlNTunvml3z0zbWWI2viT/FLe1e6sz31v2VeL30//Z/Yu4lN3den59ZgV7snnn1W3sVqAJVoApUgSrwqRToxe5TLWeLqQJVoApUgSpQBZ5ZgV7snnn1W3sVqAJVoApUgSrwqRToxe5TLWeLqQJVoApUgSpQBZ5ZgV7snnn1W3sVqAJVoApUgSrwqRToxe5TLWeLqQJVoApUgSpQBZ5ZgV7snnn1W3sVqAJVoApUgSrwqRToxe5TLWeLqQJVoApUgSpQBZ5ZgV7snnn1W3sVqAJVoApUgSrwqRToxe5TLWeLqQJVoApUgSpQBZ5ZgV7snnn1W3sVqAJVoApUgSrwqRToxe5TLWeLqQJVoApUgSpQBZ5ZgV7snnn1W3sVqAJVoApUgSrwqRToxe5TLWeLqQJVoApUgSpQBZ5ZgV7snnn1W3sVqAJVoApUgSrwqRToxe5TLWeLqQJVoApUgSpQBZ5ZgV7snnn1W3sVqAJVoApUgSrwqRToxe5TLWeLqQJVoApUgSpQBZ5ZgV7snnn1W3sVqAJVoApUgSrwqRToxe5TLWeLqQJVoApUgSpQBZ5ZgbMudv/gH/zey3/4D//Xy3/6T/9PP9Wge6B7oHuge6B7oHuge+BB98A//af/68sXX/z9l7/+6//ywiWP/gtuugz+9m//+8vPfvb7L3/wB3/46oRjP9Wge6B7oHuge6B7oHuge+Ax98A/+Sc/e/m93/tH2xe7f/tv/+z1Ysflrp9q0D3QPdA90D3QPdA90D3w2HvgX//r//Plv/23//+3f2L3+7//L17+43/8v/uj1gf9UWv/s3j/WED3QPdA90D3QPdA98DeHuA/y/74n2L7k7rHvo33d0tdn+6B7oHuge6B7oHugb094E/uXv+M3TP/jZLWXgWqQBWoAlWgClSBz6JAL3afZSVbRxWoAlWgClSBKvD0CvxPbxaKBZ+iKy8AAAAASUVORK5CYII=\" data-filename=\"image.png\" style=\"width: 546px;\"></p><p>Jika pekerja tidak mengerjakan proyek R, maka . . . . . .<br></p>');
INSERT INTO `soal` (`id_soal`, `id_paket`, `id_topik_tes`, `id_event`, `id_skd`, `soal`) VALUES
(81, 3, 1, 1, 0, '<p><img src=\"data:image/png;base64,iVBORw0KGgoAAAANSUhEUgAAAnwAAACgCAYAAACWjrErAAAgAElEQVR4Ae28va5sSZKdmQIlghgtWx2CEgepDNAKgRGqKfVILQ0K1EZqIJV6gqLSWguNFIkkiCKFUfMJSmmAQgkpsUYspQnU6Cn0A5zBd+p+mSutfO/4OTvixLmxHIjr293Mli1b7uHb77k/X7yM9jd/83+9/Ot//b/1Uw26B7oHuge6B7oHuge6Bz7gHvjrv/6bl3/8x//+sxveFz8bvby8Luw//dP/fPnjH/+/F/p+qkH3QPdA90D3QPdA90D3wMfYA//8z//8epc7+8LHT/r+xb/4X16++OJf9lMNuge6B7oHuge6B7oHugcefA/84hd//fqTPf6k9uwLH87/7t/9VX+U+wF/lNs/ku9fSege6B7oHuge6B54rj3w7//9//l6Ieeix9pfdOHjp3v8CLetClSBKlAFqkAVqAJV4HEV4JLHva0XvsddozKrAlWgClSBKlAFqsCbFOiF703yNbgKVIEqUAWqQBWoAo+vQC98j79G78rw97///csXX3zx8sc//vFdeZgcHvCBV9t1CqR+5+j5KHvg17/+9csvf/nLi4smhtiP0H7zm99cVeOs7VqtJs69x7/97W9fv9/n5L3E9xw8fKZuc3wuziV+X3311Qvrfk27B79reGUM5w1r1fb+CvTCF2vAF4/N6QuRL9MzNy8D6PEoF75cn2dem2tr/6j68UKE+6UXPr7DxD37d/na/XLPOH9jwXqdapf4nsLasl+757bwVvPsZ+q99sK3wnykOd+p51z40GH1ueQ39zP+nLzole+6iXHp2ZF7k/pp52D4G5iZ3/GlZ99qH/TC90kVFiQXxS/iSrRL5thIiXtJ7CP4unkf5cLnF/OSQ+ARdHwrhyO+7HLgALmXfkfy5nt0DR4xH/k76Lo9Q+9L75xaL/E9B2/lc+2eW2Ftzb3lJ3xbmI80z3lz7sWLi29+x3k+57zyPZV5fFdc8t3HN/3dYzl3StvkewkHcuXFf+KkLqc4bNl74fukDF+63CxMX7LIWwLPDbTl96jzfpF64Xu/FXINjmKQB8lRmCscvk/+Dndlv3SO79I1hx4xR3yXL+Vb/8sV8AV7TuQlvufgrXyu3XMrrK25Xvh+UmZe+M69MHGm5WVJRM/O+W7XPvvV+5r1OffcMd8Kd87NMRzzPTvP6VV9E+PUuBe+TwqxoFNgxWMTYHPRET7H+DH2o5+YOZ9xKxxz0hPvBhTDDeFhJzc3g2P882VrPL0Y2BmzSf1i6aePG9ixdvLMpq89vum3lcNa0u7mNx9jmj7GzBxZPzZ56w+GmGrGXHJ2/ZgXz7m5Zqdw5x4AkwYO+lsPnKzxk8trJ/7knPO5zjzLmRhbxvNMvTTrVidi4Zx7w1xizX5VozqZF4yslXly2eSMX85rp5ebvmDIG7s8mU9N4GesfBI3ueJrk2PiqUvO4S9+YqkxdvPSZw5z2YvjeGpmvaf2jzWLI2/iybFqxmCXr/nUVhv5aY6nHsbTiyEHdUkf58wDNnH6mC95n/LN+OQxeed6qIF5qC/tzs8eH7nCi6Y2cPd7pk/Wgy6OjcGPxjz2rEV87JPva9CnX9Qnc5sHF3KYjxy09MXuuujHnBj0YhCbPjzb8JGzOplPH3swp96ZQ7/s5eE+SxvP5JqY08cxvJO72PLXb6t3nbbq24pbzVO3+q/s18z1wheqIbCfuXnYBLlpcmPy7CbxC+NCEaONVHs4QeXVTy5uNrDYSObAro3Y5MQY39x4PKc/z2BRa/rB0bG58ME/NUi+bnQ4zVjitnKIn3F+ycRh7LN55hgfbfLCh1oyB3locPKZMc/40cyvfWvNTuFil6c5wDY3+NqzxlcS8Yv+TjGGk806WZvE1L6qDW7qhZ3nrJsxLWsUL/utGvGZNcGZOZo1kQcM66FXk8zDMza4Eptjnrc0waYu5HFsDvjICRv48uY59zs5HKsdc/jjayw4cuUZu/Wpp1yw28TJHPLER23IaT7tctYPuzmxEUPD3/nXiU+/MCemvvDAX87YtREGrlzFlo/j9OfZusGyWTdjfLQxv+Jq3J4v65NcwHHMs7iuI7yYI7c28vCcNZp71eObsWBTAw0Mtch6scFLP/ITR7M+5uSOn8/kmnxfA8f3Vv7iUSsYxGojTi3ML0/XjHH6E2O99NYnjmPy8Oy8HFf9zGGNYq1i9FnZmIMzHM5pYuHPh/GlDa7GT70uwQJD7S+J2/PthW+o4yZH7FwsFj7Hc2MmTC4UMblpLsGZsSw+2Hxx3FRbeZnX300zY+SVNYPvhzxi4Kt/5sxnfYmzWcNejslrb+yhYU3k2VqL5Dwx5Uq8mPJ2bA3gbK39Hq7x9mDAlUbvwc0YnBwbo401sYHjGtkbS28OY5M7c8SonzpY+6xVjMwvj1W/V2P6qzH95JB++bziZi17mmAj1pa50UsN7dWLMeuy1YjVPrmZQ50TQ84553PisI5yyh7sU/sna56+5pp9xmDLdZn7HPusQ39rnjGugfNZk1ja8M19PLky3vPd045caLhqU4Ncj5V/zs01h8MqjzoZyz4iD7xmm2tHzfjbJl/n6dUn54hVV/LhY4MDn2xycy5jiHWtmZ8fsZjnOXmLN/vVuiXH6c8YbHJsNTTas2ccWMmb2Gsb9arJqRpWOYhV35X9mrle+DZUc+P55WAT5OIzn2NgjMmFwscNhM85OFKasR4o9Gyg3MTa5gbBJzcbm5Ax/ta2qkUOHk7gZD7t2esLto16+ezlmLXsjVd1Tmx94Kv2E1Ou8kRr9dDXOvbWTF9xJi7zzsHHHPR5AIKTY/HoZ47kmn48g2EOxuqffvCAE01uW7XiM/Mnls/i7NWoL5zw45N5nSPfqs11wIcYcu9psvc98vuwygf2iot6pH2Pm9isizWqvzb7xMEf7qt2av/MmqnT3Go+cWcMfsTQW7Mx2mYdqQm+6ou/+xIs5lfNPOBs+Ri357ulnbzpV21qkOux8p9z+POh2acP+K6D87k21JTt0nXOWPXJOfK7DnOtZu3EzfpT16wPrLkXzGu9ez76Jr5zp3piwN5aU/Q9tZfMQU3WpX5zTfQ9t3d9t/ht4Zyj11bs1nwvfJ+UYbPPlovPc/rkxnRjMEfLhZpfoj2cmX/GeljhZ86MIa8cnE8uzGFnA9K7AZ0zRj/sfInB4Bk+qUH685y+2qgX/L0cs5a9sRrk4ZLrBFe/3Dk/MeUqT8fE88Hftrdme7hyVTN6dKBNPcCRt3ntZw5w4JTNsWurbXJnnvrUz7rhSlv5z/xi019SIzWrrXHmFVMf+TlPP7klxp4m02bNYE69zEMvV55pxqXWaEOb3JgjHo7q59qn/q/B8UvizD2CG3NgThs5cv/Mmk3BPPlXbcaoL77WkHHgWJPzszZ5ynsLC3z0zTzUo9biZ7/na970l8PkmD5Tg1yP9Nt6do/AjY8NHPPqo809aD3obpt14HPOOhMvnlj01Ccv+PiMDY6J7VyugXuCOLjZJpax9Nrw53mv4QPHS5qckqfxap11alv1YCQOz3DONVnFOUe+1MV5MLBd0q6JOYXfC98nhVaHC4K7UVjE/DJg48Pm5JOL7EIR6wZisd0MWzhzscBNX7HwA5s82ebmxGf15ZG3sasvjHFwxh8f/dTEeHt9teufsXC0mWPWsjcWc5WDuZVezE9Mucol45yz31v7PVzirBEsnpkjZmIyt8UhuRrPmhBDQxN1BQMfm7HOyZd4bNrBoIGTnJkzRszswU3/rDFrwg9uydl99e233/7IH2ww4DUb3FIjxtYtx8TXBt6KI/jwUgvG5FWr1Bhb5mNsPeTEhr8tdVETbeaTq/P04MjVvW4d2LWpp7FgpTb4GYdv5kqexoudGMSLQfyMw8acewcf+SUuPnN+zmnPPO7N1V4Af893Tzt4Z534uuapGznwlVvWtPeM/9SKsXVYF3l5hkvmz3yXrPPkpD4zr35wwscmL7kwj4/rq99cd+bnHLhiZx5qxXerkTvr3/Kb88SRJ7m7By7Bg9vkB+eVDpMDYzVUc+Zch5X/3hw5E2fP91xbL3yflGKRXRiE5uOGVUzn6XNjzrjcINpy023hmMeeGD76iyGm8/rTU4fz+qddn1mbG9VYDyPH9H6BeKbG2cRIzrlhtYsJ3qzl1JicyUNechFbjtlrmzyIdc30oc8vfs679pPrxJ08zWEPJs+Jw3jVzA8mzQNODOYSNw++xHd/wHXy/dWvfvVneydjyTXbVo3EpW3F2ZrgkXsmdZ/55E/s9FtpYnzipzbYE9PvjNzoqYU29VJv5sHIHLmOU0PjXEs5ykUOq5zEzDoTH+zkAS/8c856Mi/P+KQfz7TER49sK+3SzjM+M2fuDTDRcOZJH7mIfY7vXK/UO+t0rXIOzrM2czK/1/CbPonl+tP7jAasU/r93d/93Y/fR/zMjy/jyXdy0j/91AAMP/jZ9jRLHzBnyzzWbw568qSPXMRJX57hkk17zuXz5I7//K5vYeRe00d+E9c10z45zDrBs7km6uN89vn9Jja13sudGFvPvfBtKfMA8yz03sa4luItMOHiF2P1RbiW673i5sFA3tXcvfg0z8dSgO9UHszXsgfnVt/PU5w+2nlzqp5b2U+tDy/1eVm5FZc9XC8Xez7X2KgN7Pdo52jL+syLUnI9ByP9V89v1eDUHlrldO4tuXvhU8UH7G9xAHMZe8tm25OJjcgX7aNd+NBjpclqbq/+2p5XAfbKURe+93qZfrTz5t67zfONfq8dsQ/28M+1sY/yp0vnxp3ye6/6+OnWuWeytc/6L8HY0oH6r9Xg3D10i9xg9sK3pew7z7Oh2Kx8zt3ke5TBAIsNf4vmRpbzR7v0yTv7W+hUzM9PAb9b7J1rXgT5cjriu36Nwh/tvLmmxlvG5Bo+wtmXfNiXb215vp+68L4115Hx6nCr996RXO+B1QvfPVRujipQBapAFagCVaAKvKMCvfC9o/hNXQWqQBWoAlWgClSBeyjQC989VG6OKlAFqkAVqAJVoAq8owK98G2Iz99p6b/S3BDn0zR/L+JcjS7x3c/6k5W/m8Lf0aDx92YYb/39klP2n1D/9LTHl79ndc3f1Zo5GO/lWfk7dyQHMR+pd70e4e9DPZIuKy6X7IVr99sq796c67f1feTcgMujtlP8j+Tt3487eq+zL/i8tXHWHYFzDo8808/x3/Nhf/l+2PO7hc01FftR9nsvfK5I9P4F5nMvMxG6+cjmYzP7yYMwbae+WMbPPvE2SRxouESjS3yvpaget9aBPUEuanpru4cub+X4HvG+bNH56Jfge9Rzy5xH7scjed7r+3gk52K9rwK+B9/rknZU9V72+A48WuuFb2NFeBkfeeEjDXhs6lXDdu5lBd+8cHhxODd+lf+aOWo5V6NLfK/h4iXhHhpwKU/9r+FrzFG6cEg+wkF5lC6uZy987pTt/sj9uJ3lMovrd4/v42XMtr2P2rvbGf5kQZNzz81TWJ+bnUvSI5xjb9WVNb72wnfLfdgL38bKIvrRX0rwbnHh83A99dPBjVKvnr7ksnKJ7zWE1OAeL5gjX7BH6QLOex+Ubznk5pq7nvRt+wocuR/3M51vdf3u8X08n9W2J2fzLV+0mfkW75bE/8jPz37h4wznLL9V64UvlOWLyIajzy+lhxc2Pnmx8oXNgaE9IH/2eKsLH0mSF5zgOPk4pocLLXlbF5sOHzSYPs4xb+08r/K9Bn/65ZRvxsuD0Km9LxDnt8aZm2cvI8TRyEEtzlOvWNgZb12gjE3O4hKrfmBQt418M2ZPl+QGlmsGnlg8Y/NjvsyDTX5yy7jElSu9GoMJF/XIPQO2NjnQw88xOGIxJ5fMlfnwMUf6wkNMuagRftqp3aadODhlU4uJKVdirWPGgpPY6m4smDQ5MdaHeepjnP7WNLFXuV/BP/1CvekjZ+tKX+bMI/8t7TJOnnAmTgx8Mp97SX981SA5Ts74EOu6q58cMgeY2XIdc+3xYawO9PCabfqAzyf9HYtlnWAxBwfrpN9q+oiDn/yNSQ3ws1452GOb9YpBj2Zpzzhibfjgm3aeba5NjolHy8TXTm9MrlvaiQNj1sDYvWVs6ukcfq6Be01MfGiJ5Zg5Pvowf0pv8F23rXrBSf3EZJ5GXOaUq3zIYYxzWSsYif8n1D/VKFbqpH32vfB9UgRx3UAK6xhBffbLyQLlgmh3o0+hGeOztSjY8ku2incO39XmgZucZh7GfpFmfcxPf2qWs7UxZjM6JsZn5tFkq+35kktuYIDF2Gdx8bNuvxRqpq/j5KFNjnA2XrzEhqscEsdnfNPuGDu8GdvAYqwPcdn2dIGbusiZWLEyT/KxXvPIwXXHVx7g+6y/PfnBEk8u+DNHw0cNJ5b59BXHsXnop80a9aUGn83z/fffv3K3HuwzJzb3hBpaL5jayMeYJp6xctN3jzc21wWeaiMGc/IH35xw81kO5pu8M7/5zEPMxCGexjw5yS8fa11pl3nAx8c4MGjMy5N+asY443i2HjnTyyO5+kyvLznTVz70NPcNtWp7NXyq37Vxzp55cxgnd3ywWbP8mVfT9OV5K48x1qZmxNgSi7x8kpPra6y8jKdXB3nga33YxbUWcmpPLZjDJl9688FD/MxtDHHkpeGb+GJYl2NieHZ+4opn7fbEJRfXRVx4azdGLGLJR4MjH/Nj026cvslNm3NqwFiNrV9sfVNHfBnb4E9+W+axRnH12et74YuXTQqFiIg/m4vloiN6+m3FgTMXM7GxuQFzfvWMrxvR3o2N/+SELTcRPmz+nMsYeIjHvDns3WDYwGH+VNvzFTd7cKnTL+nEdx3UbI6nv18U1w1c68CXXDmGixpMrBmLHX9ygJF18EztNGyznj1dMq/8nZtYp/ial5rwtU1c5+lnjrT5nLptYau5a+RYDPq51ukrx6kr+bSJmXH5TA7HmddnsFwn/cC2kTvHztPP/aDW6cMz+OShUa/5GK/yw4Mmn9fB4peZP11YQ3LZcp/saae//WovyGuuC/m0pWap4eSMFskzeeObmvKsrzXIk3Hq6jz9xJk2ctrEdQ2cp9fmXGrKHNy2OGCftbL2YKwaWPIyb3JarYs4aaP2uU7mxGYOYjMn4+R7qjZzZwxzWeOKBxxo2Hie+rmfZix8tKFPNnz9vuW8eaY/81n71Ns8qb+4cCbWZqzjqbHz9Nj40Ka+qRv2ibtX4yvg+KUXvnHYqg9fgFxA5lkUN5yLPjf2Kk5MFm9uZG3kEtO5rR7f/IJOv8lpbiL850ZKbm4+/MDCtmrY1GPLx7g9XzBWX778Iohj75fPuDnWz94vihqDnRpOTfe+SDOWHNawt/7YUlvi9nSRO3HqnHOJteKrJtj0neuuLuJmn/HwnE1O6riFrebiOU68qVv67nHUJmbGgZ+48tPX/K6BNYoBto1ac+w8vf705Jh+5s01mt9JfMwP5jm85bDaj+pCTnLZkoM+6pF16G+vjXh5Ome8vvTaUgtiHU/OYCbPrF+e4uPrfmaOMfrRwCBPNrkwn3HpM/mYc9YGL3AyB8/mB9O1pNeX3vpmrfolH56NJSdtxQneWzURp23PD5s5yAPPHE++jOU29XklOi6JyZ1nYt0H+tuLO31cw1U+bRMTjFwXcrg/Jr68mLf2qbd5VhxyD4JlrHVNjZkXj5yuE/zAss29MXFXNRq76nvhW1x+EIpF9wvqJkF8F8lFn1+GjJuCz8VLuwuec1vP8HFTrnwmJ/PKmRjmcmMx5+ZJLhMLP+3aVviT156veTOGHHt1ug5+yec4sXj2i6IG4KeGM9eKk5gz1tz0YKpP+vO8su3pAg484C5/MSfW5MsYbBo4cnKtxJm4zs8ePPUClzEtddvCVvPUaeLPetJXjuIQyxz5pi3j9IOrH2Js5GSeGObVSwywbfjl2Hl7+asz83JzDnzzo5v58M38GbvibU578F0buTumJ5cNPDnIjxiasY6NmT0Y4OqfujBHvpUtNUzO4KNF8py8GatF6kYs9WjLHNgY609O12LWNPlMbbCLrU0M5tVUPvDdarNW+euPHUwamohl3lwfeKVuYtATZ72zPuxbtsyJ3+RrDtfEcfYzBu7M0aZezMlFGxzUAPtqP+3ttZlHjdUKbDjRztVbDqn/K8BCI9dK+9Sf/OqBzfrh5zyx8hZn4qqX9lN9L3yfFEI4v1guLHMugF9obfTMsThuIqDAyPFcADBdXG254M7t9eDLdeU3OeGT9TEm3prEABc/vwjMzzls1pd5wDuX0/SlfvL6RYIXH7VOnmqnTa5zbE32flHMAU7ynZrCJ/OKQ09sfikZy4uYjCWfNvL5LN6ehrkWyZ/niQUOuamDfsWPefmZX1zH2ZNDvcw5/dUN3LQxP9eE2qmJj7jmkxc9jfj0pZ5ZExjmFM+cjjPGXPTTj7z4gicmvS3XwrnsjYG3jXpzvcEnDx/8kpv5jU2bc1s9OdzL4PqMP8/MgU+jDp/lrFZTk8y32gvig2kjF7hibWmYnImlXmJt8mac/LXbkyfrdZ5+aup6WH/6ksMasU9tcv3T5vNqnRM/n62NPPCnV0Px9JdXcuKZpsb0q0YeeYk7NSZuroU5xcy1wWZ+7PLW156YXBdrxk4+4uQNnpjM+wyG/IkDI/PBhbrUgedsiZX58cGG/7fffvtnmPjCQc3kaR7HmQsuYjJvjfJNjcGmNhs2PsynzfrAMKcaiEtPzLmtF75PSrmYCOhmRXCai6mNfj7jk4th7GohjLdnsbOxgNhWC2mM/dzkcNc2OThPv8JGg9yIcoKfsdRIm3nS5xSnlW9ql3r4pTM/vHOtrEU7/cw/MX71q1/9rJ5c3+QhtjpknzUkX3wSTz0TV/9TGmYOfelXWPq65qlHxub81CXr4xlMY4nz0Mk5n61JfH3lxby6aJv5tONrXPqKTc8+mPznmFj5ZaxcU0f97PWfmIy3GrHJd8aKPfNSi/nwoenrPL28M786YQeX/BkjTubA7otO38k16yAfecQiJu05zxpODhP7b//2b3/kCOcZn/qAN7nLWQ6OsyeOlnPm0ZY6yhEfn40lT+osDr05JufEns/kBxvMWRu+4uPjM77yylzMbTX8iLOtcmVd+MuN3IzNzxgbn8wP5qoRl37JA/+VjRx+wE0f13ryWe01+YAlv1m7OMT7jL/P9vJRe8fyMRd9aunznKcmmjiZE22znlfHoZXrMzGs05itvhe+LWWecJ7NxoZqqwKfiwKr/byaO6Le+VJ7C+aK42ruLTk+SuxW3cxzZq1edlsxt6iZl/aKw9G5vHSsLhurXFwu7qlDcuDC9F655cG67F2I9Xumvhe+Z1rtE7Xywjr3MDkBVXMVeHcF2M+rS9hq7q1keeEf9dK/J++31n3reM4jXtzzXPKyt7rU4HvPy8YjX/je68LzKBe+W+/Pj4bfC99HW7GD+Xqg3uvQOph+4arArgLs6/nZDbjQ6B/9HH2JnJwZP2vj8jb18EKX55c+rMm9mjnpj7rwr7j70z3zzQuwMamVGmm7V+93Aq735pB/DPxel9176XxNnl74rlGtMVWgClSBKlAFqkAV+EAK9ML3gRarVKtAFagCVaAKVIEqcI0CvfBdo1pjqkAVqAJVoApUgSrwgRTohe/KxeLvJtzz74rw90P4OxGr5t9jOervLOTfR9nLu+LSuSpQBapAFagCVeDxFOiF74o18RJ0zwvfHk3/Iu9RFz5z5V8Udq59FagCVaAKVIEq8PEU6IXvyjW790/49mge/RO+zOXlNufOfYbX0f968dzc9asCVaAKVIEqUAV+UqAXvp+0uOipF77Tcm39f2KnI+tRBapAFagCVaAKHKlAL3yf1OQC5/8blD+V8qdn/rEpY5oXPuOw5x+p5v9FNP/oN23igTlzJQ/zfaL7s844fxoHl4zFOXPiR9MfX2sXy1r0wV+bvvR8xDMH4/z/kPAhViyxX0n0lypQBapAFagCVeDmCvTC9+kiwwWF5gWOZy4peVnjYuRYP/qM82IjnpckL0VgeBnT5qWJefG8HImHj7lfE8Yv4mh3LBbzzNHEtTe3cIz5eCnTDzt4ck9/fGzkcowG01+/9lWgClSBKlAFqsD9FOiFL35y5SVH+bngeAHKnssTNi9Y+udlxzn6nOcS5EUMG2MvSBnjpc2L2iqf/vomf/zBZi65+0xOPoyzTSx98jKa/sQn/1lrL3ypVp+rQBWoAlWgCryPAr3wfdKdC5KXIS9kXppWS4Pt1IXPy1JeipjLOGzmMw+XJLkcdeETO3v55dzWhQ8+yduYrI25XvhUpn0VqAJVoApUgcdRoBe+sRZeguhXlzrmuBStbFx++ImaP1Xzp1t5CSIdYy90/BTOBqYXKC9e1174yM1HLuKQiznqs1bz05sXH1r6wNuajJGv46yV2qa/fu2rQBWoAlWgClSB+ynQC9/4O3xIzyWFi46Xn7y0eEHzcuZSMdaGf8Z4CQKTeS9Txtrrx9jc9MStLpjG6YvfjGUMLh8bHMTlwpZNLDmCqQ9zPGsjDly40fT1EqgO+GdM5utzFagCVaAKVIEqcHsFeuGLCx8XFT5e3JDfS442LkQ2L32nYrgU4QNWxohJT0ubMdjmvPmz96ImZvLEz3l6LmZ5OWOONjG+/fbbn8WlXY0ShwsevJmjaZu+vfy9ytNfqkAVqAJVoArcTYFe+O4m9Z8ScXmbjYuUl6Rp67gKVIEqUAWqQBWoAm9VoBe+typ4Qbw/LZwh/GSsrQpUgSpQBapAFagCt1KgF75bKbuBy+Uu/3jVP2LdcO90FagCVaAKVIEqUAXerEAvfG+WsABVoApUgSpQBapAFXhsBXrhe+z1KbsqUAWqQBWoAlWgCrxZgV743ixhAapAFagCVaAKVIEq8NgK9ML32OtTdlWgClSBKlAFqkAVeLMCvfC9WcICpAL8tzP8X3z3bvxff1v/2tn/P5B+r/mvqE/5gXGJ78x5bhtuDXUAACAASURBVKy88b+m8Q+CjJ050cr/H/Ea7Ixhzc/B8v9lzNijn4+s62hu74nn+r8nh4+Uu/+Y7iOtVrmeq0AvfOcq9cB+vGznv/xlvPo//25Zhi/0Sy98xmUNR/H00gT23kXuXD94XeI767gkVj28tE2svfFeLPsC+zmXtL0cl9i8cJD3Vu096rpVLUfi3kP7I/m+N5b/6f25/zdqfqfd31u/+Xzv2pr/uRXohe8zWX8Pdcvx5XfvSx/5LrnwcTB6SE7uexcd4jhoz2keyKf81fCUHzkv8Z0cz42V954OEzvH6LoV+x4/CfNinxyPfn6Puo6u4RZ47rlbYH+OmHx3zr3wcd6lL7H3/M3U56h/a7qNAr3w3UbXJSovcA5ePj/88MPS59rJ1YHOQXTJ5eva3Bl3yYXPC8DqgrW6CJrHi9AqTp/sz/VXw3NwL/FNLjyfGytv/K9pvfBdo9rnGeOe+zyrO76qcy98fkfnmcH51VYFHk2BXvjutCK/+93vXr788ssf/+iVi9g8JN5CZXWg87tML3z+5INxXgQcM+chJRZzxnuwMUdLH+eYzwtf+uTvgK0T7K3fCRs745wnJx85g5U/zUy+zOOr3o7FADNr0k+7OeSdvl5a8d3Kjy3rsAbzgIcO5hPHGvB3nbb0klti8Gxt8tTP/cBYW/qnRpkTHsSah/jEcqyd3jrNg4+1Ybdea2SOZ5v46obduvSx1zc5mh8fOcwcW3XhRwx4Nub8pDbUAc7kOcfgZP1gJX5yxyZ/uRNvfrWTW/aZ1/VMuxj06nkqh3ZikjO4R/CWs/3M45jePZK+zFtL8lEndZB7+jhHLeBQK83vpvleJ+MXfPm0VYFHV6AXvjutEIeFB4P9N998c1h2Dz0BPZg5xDzkyOvLAz8OMg9CX0Aeeo7TXxu58kXHs2PwPBjNLafZw0fMaTP/ym6tciM3WLMW7WBk7fmc3BMX/axpcmOsrz6OfUmQgzmaa6FNX/mBoa82ejWQr2PjJq/M6ZqDIyZ2G5rInV5u2IlVS8bEMcaPZ9dXX+bEkqN58HUN1cE45xljmxjMWUfmSO7msceGr/U4NkfmlNuqLjTTl96a4eO8utJb2+Q5x9YIhhobi3Zb+pkLPD7W47P12+vv2BodZ5waG7OVQ270NGrAF220ia+2pzD1pxdDTOaMRyMwsalhxsgpa8HOOP2Zc/3o3Sfmdkwenp0nbqvJMXlv+Xa+CrynAr3w3Ul9DoP5+frrrw/LnoeOeTzYSMJzHnz6JwEPS+dmjHj05sieODA4mMnl4Sne7IkVc9o8aFd2uXvIE0tOctPoM06s9DcfvuoiLrEZr2/2+iamcYlpDDlmHmLlljryDIY2ctmw5dh5tBbfufTFztgGV/zRbeL5YsXfj9ip88RynL2aMCcH5qhvr5HH/SNX/Vf6apu+zKsDNViPPXlos67V+poje7GZg5d454zFcZ3pZ1vpp48cHWc/NU5f10EN7PHRJlbG5TN2xlmvMfTX8jZHasG6gUeDq/ti5nl1+LSW+s8YYsnhvLXbG8eY5636zJV97q9T+zvj+lwF7qVAL3x3UjoPAw+X77777rDsHpRbgBxecLDNg515MTxs80WUByVYHozi2XPQWV/m0549h+mWj1xWB6c2eYIJlr5g+owt68j8k6e4zqfvfNY3OajL1JpY+PjyyNgtbsRow98Gtxw7b27H9Ok71xt/6+Q5GzzxX7XUWfuqXrmTQ3w5MKcWYtinjxwmPlpu7ZvpC646zH1hTvqtutRILsbAQZvrkWuM36kxPvAVJ/fSnn5ycB85zn6uYfpSyyn9xco45hJXDfSlfytv86UWaMSHhla5FqypNnkwzv0BT8fpCxb5Vs012fNZxTFHrmvitvA6XwWOUqAXvqOUPIHDP9LgJ3ocBPxdPg6hI5sH5RbmPAT1zwPPucTwQM2DcmLhrz1fctS6Vye2rYMRPGyrJs98KeQLW87G+hLSH1+x4eDLIHGZc16c7NPXefzBsy7n6bfyyA08G3P4r2x7ek2+6ctL0prJ4xqaI1+iqaWcXN8tW+YmD37mMTY5YHceP/V0DrucmEv81FJ+9tPX+ujBED/9eV7VpY/rCUdrYI6WGjNn3dj2xmKClxzFFAe+cjb3a+LQzHH2sx71xWfiOJf1iZVx+lGzH+y2c9Yd34lpfNrQxEb9qTf8bdjUKufUjDn1JU4c5uGbWMwZp811Env2YBuTNjhN7LT3uQq8hwK98L2H6jfIuXeIko5DKV+azHEo5WGJTx6I+Iib86s5sfETkwOPgzMP71k6vtPHQ3brwPQAp5cXOD6b13jxPMTpbdjgjq91gWsOMfS315ee5phnY/NFAL/pix+N/JMTvuIYhy9+OX4FiPxTA/3VRP/cD+qjzbF56MVNnfVPLPLgY8PGh/nkAKbc8NXPODCMSXzscHG/6W+P7yo/dvPT09AXf9qsC37asJOPOXq1YN4awGQ+c++NrQ8M15n+7//+73+GAQc+akE+mxo6zp7ccmMeDMbG06eGPquRWJkDfvpptycua7+Wt/nAo6U2jOGtjbH+c02Iy2b9OT/nwBU781AXvqsmP+PwkVPmWsV2rgrcW4Fe+O6t+A3ycQhzQPnJw490HmzY54HNYbYVJ1V85uHFAWccPc2XDGNiPPgYbx2Yk5+YM59c7OVNDp+JtfbkYv1ipr/P9pnfZ2yrlvXhm41cxtPjS5sxK05wX8Wv8DJnrok1ky/nwdDGM/sh7eo3fciTGunHPL65r5KnMfbasj5ipy7628s11zVzpg7JnedsGQ82LXNYF3zAl684qRU2YzMnczPPqbF54ONz4ptH29Qra/Q5OfmsLfUHc7VPVjnMn72a5Zx87bWtMOVErz21Z44mBj3rYDNGu98p7fT4rPZL5nGNxTFP+kxsxtSvvsZOv+TS5yrwXgr0wvdeyn+gvB6Et6bsYZmH+a1zFv/tCrA/7rVH3s62CNcqwCVm9d30wnctbsZ5eTv6wgTuinvm7nMV+NwV6IXvc1/hN9bHIXnPg9LfTfcC8caFu2M4a3XPPXLH0poqFOC7OS93/oQr3N70eKsLH9zbqsCzK9AL37PvgI36/aOY97p4efGbL5gNup2+swJc8PyJ7HvtkTuX/PTpuNy55vacE0c1L3tiv/WnfInHc1sVeHYFeuF79h3Q+qtAFagCVaAKVIHPXoFe+D77JW6BVaAKVIEqUAWqwLMr0Avfs++A1l8FqkAVqAJVoAp89gr0wvfZL3ELrAJVoApUgSpQBZ5dgV74nn0HtP4qUAWqQBWoAlXgs1egF77PfonvWyD/qvbIf7kne//F3TX/cu+SWP6F4LX/xQix/mvAmZN/yXrUfw2Bxudg+S9p1fAW/a3W+xZcr8H0X6Zes++uyffRY/ju91/Wf/RVLP/PVYFe+D6DlfW/MPG/M7C/98HrBeOcCx/c5Jn96iLjSxe/S1+8l8TCmxzXXPiswQtfbitrXdWWfkc+e+GE163aJet9Kw63xL1k79ySx0fB9hw659zhN0B+Z1b9ORgfRZfyrAKPokAvfI+yEm/k4QteGC8Z9z44yXfOhU+eHPZekqxhdTHSdumFjzyXxMLnmgsfebIW67M/8id8Yp7qvZCd8nuL/dL1fkuu94j10nfNvnsPvu+d89yf8PF9mN97ubNv731umbt9FficFeiF746ry0uDQ47PDz/8cGhmLzUJyuF7yeUrY699vvQCMC9J/s5/vmCtb86fw/OS2F74zlH0J59L1/unyI/xxH5jT1yz7z5GhceyPPfClxc6v5/JJO053+cqUAWuV6AXvuu1uyjyd7/73cuXX3754x9jcDAe+RJZHZr8pMwLnz9hYpyXLMfM4UMTiznjffExN32cYz4vAImz9VMzYvGzEc/c1EYsf2qFz3wpMOcnbcYmphdL/K0bDozJ4R9PWb/8Zp/5eLYWeeqv/oy1pb91M5c/4SR/ciU+sRzLg946zYNPrp/a5NpnneKrW/IEKxtYxCZ/NcBPDmBkDp5XdeFHDDYbvsxPDHNPnnMMTtYPTuKbxz59rUtN8Uk+cKWZEz/tmSMxsWdLjaxfu2O1mrH6iS8P4nIf8SwGNuvh2Q+10pKPGOKaX11mHuziZD55rnqxV7bOVYEqcJwCvfAdp+UuEgehB6v9N998sxtziXEemh7aHLp5OHvQg81h7uHsCwN/muP010YuXwTiOAbPl4K5XwE3fkEL8GjmND5DrM88jn3hEuOzNmtzbC3w0tecjl0bYmjJL/lMmxoTZz5ibeSUO735sBMrV3EZ4wdG6mEeseRvHnxdJ3LIgTjn8cU2MZgTnzjtyd089vrT0xzDC7zMKbdVXWimL701b/FkHo6T5xxnDXI01v1gLfTqqQ0uYDqGl8/ifP/99z9y0dc9oC9x+NOM0xcb/rSsnXl8+Bibz68Bn37Rj55GXp6p2Rq0GZec5KtGjvWlB4eGj36MzcMzmNqYt/7XwI1fVrk2XDtdBarAGxTohe8N4l0SyuE3P19//fUlELu+HpqZwwOaQJ59+THWP0E5qIm3zRjx6DOPz8SBwaFPLl9S4q16Y+2JXTX55gsEHnzIM+OYd27Gmit7/GnMJW8wciw35lJPY8lFww6WDXz8wdNHG3PJhWexsfkC1V8sx9ljsxY5MJ4YGcNz1jnxiZXPjHO9c14sYmZd2MyXnOYaJV4+i83czH1qLI6XodxL2sBQP+bSV46zJnTWJmbGgUNMrjtjfc1ND5YaGcecLet3jt58mSPXkbXIumYeMLBn7owB3/XCZ2rg/sAGDvZzm9qd61+/KlAFrlOgF77rdLs4avXy++677y7G2Qo4dWjm4Q8GB/48lMXwReRLhB5/XyZg8Vk1Xgq+DHwJrPycw1dc51b95IaPPOaLHlvWN2P3cmIj1rb1gjW3fvSJm/mx4Y+dz9RuKwdx2HzRmov4qa1rlfhyYA6cVUsf65745J/5xFppbz3ETO7GbdWlRnLRf8Vz5j41BivXwX1uDvrJWV3p3Ufp77M2MTMOH/LyoelLnw1N5loxTi3UNuN4Nl9ioofrRm9+/KdWzKmx2PLU39q2OOBnDZO3mKs+86zsnasCVeAYBXrhO0bHkyj8Iw1+osdByN/l48A9sp06NDnsPfzJqz+9zTnH9L4o8mUxsfDTni8Saj1VJz7JIXPns9x86cgNfF9UaWOOlw9txq5eRvKftq2X20qDrEVO1qC/L2bsNnJMneSzZcu1JK+1EmdscsDufGriHHY5MZf4cMuxvOmxmdt5dXDvOE+f+WbN+jEvhmuXcfKcuffGYhLrGuR+MffknL5yyTjmwJy2jAPbMXXxgY+NnMzhA1bqybz14p/rZDy9+PCwkUPdZl1gmlP/mZt58iVOzhlHbx79V/jpn89ql3N9rgJV4HgFeuE7XtN3QTx1aHIgc+hn43DmY8MnX0TMi5vzqzmx8RPznEOflw54p5o59XVsHDhyYI5n8tP05aVIo8582eGnL/M+40stOX4FCEx1wYdYPuRzrH/qTwx+NsdZm7jk91n/xCKPemPHxof55KAG5tBPTOskJvGxkz+1NUbbrEVf89PT0B9s2qwLXtqwg+FczidPeGXte2Pj5AFnL1ivhD79MjmDia/+4GROuIGjvu4xemOAzpjMN/3Ijy942tRPnByLpS98beQHh4aeqSNz2F0rfSY2Y/xyXk3Epjcv3H0GO/FfiSx+IZ4cbVWgCtxWgV74bqvvXdA5VDkw/XjgmpyDXts8gDmgtc044/HhhZLNF4Gx2Ih37EvL8XzZpC8+k1fm8tkXg5jO2ztP7wtqxlhHaia3GZ/aiGcu+tRAjcmX82Bq45m8aVfz6QN+5tePeXxTr+RtjL02LwRymLrob69frlPmTB32fNIG9lZd8FmtyRbP9AV35jk1Vpesw+eMdV3cN/gYS89aTo5zTGzyNV4906b+OWcebY7lS+/6ZhzcaDlHPdnkssLUD9ts6oINfFryQ8P0QZNVS25gEddWBarAbRTohe82un5WqPMl8VkV9wGLYT26Jh9r4VYXGS5keZF8S0Ve+LYuVm/B7l57i3qNrQKPo0AvfI+zFg/JhJeSPyl4SIJPSIoXcNfk4yw8lz1/Cpasj7xI3erCB/dbXCJThz5XgSpwHwV64buPzh8ui388c+RL6cOJ8ECEueDxR158uiYPtDBnUvH75BrSH/3TPbGPuKCJtfrJ5Jkl160KVIEHU6AXvgdbkNKpAlWgClSBKlAFqsDRCvTCd7SixasCVaAKVIEqUAWqwIMp0Avfgy1I6VSBKlAFqkAVqAJV4GgFeuE7WtHiVYEqUAWqQBWoAlXgwRTohe/BFqR0qkAVqAJVoApUgSpwtAK98B2t6JPj8a/6+BeJt2z8K8Qj/5XjkVz5F7Sr/4LjnBznxvovds/BnD7E5vrMnOh61H/5gg7n/CtP/G79L4+p+RwuU6+PMp7r+lF4vwfPW/0XNu9RS3NWgUsU6IXvErUe1JcXpv+NQvb3fsF5EckLxTmSGZfct+I8rPE96r+12Mp16Tx6w+uaC9+5sV52yXNpU+et9WEeXPzu1bjokfOWFz6/H/f+PtxLw1Prei8eHyUP+43Pqf++Js8aY+xvuV8/io7l+fEU6IXv463ZkrEXAY1eIO79kiPf1oVCbtn7ws85uW8dyNb6aBc+aqCeay58l8T6gk/Nzn0mdm99eKHd88IHb/S69QuUmu/9XTh3TY7wO7WuR+T4XDC8yG2dL7NO9mbuT79/OTdjOq4Cj6hAL3yPuCpXcPISlKG85PZe7ul71PMlFz4PztXFjcOUy8eqWesqbuV/zzl498J3meK98F2m18q7F76VKuu5t174QOVcvfZ7vmbV2SpwewV64bu9xq8Z/vCHP7z84he/eL3EcJH5+uuvX3744YfDsnsJSkAOJC98XkQYk9/f3Tpmzt+xisWc8R6SzNHSxznm88KXPryQZgN769A0dhWnLTnJnRxgwsmPeeWWceLrS4+dpjbk28IU216d6cUUDx/yOZ+5sBkrFn36woMmRtax99Mr/cFSA3NQV2qHj5pYs3uAGDVJP3lYM3H6Jq+sRR/8kgP++oErtnPJFS74Z8xr4sUv+sqfPpvcyWMOc2uTs1ywW597Upvz5DC3OOaeY3yzFrBc8+Tq8966yl0+jMUnf9pdb+3GZA3YqF8bvQ2/PUz96OWceplHTuqi3ulLXjVJPtZgrJjp45x5xIE7uOZLvjyDyccGDv7mdL59FXh0BXrhu9MK5cHDYcHnu+++Oyy7h6KAHqwcVB5Q5PTgxw9O8xD0YPNQTH9t5MrDkWfH4OULTXx5ZQ8fMXOeZ/Ov7NZKPM2xz+ZnjA8c1IOx9uSKL/N5iPMMNh9jEpPn2eBLDnEc45c8GWtTY8bqiN36eIarY2uRE2Of8c02bfjpa356m9zV33l64uQqB/2ISxzqYM71p9euDvQ0fLWRw3lszIuROcXPHMTq+wocv2DDV/6M1ZocYNOsx1yzLnzll7nBEgMO2GjJUzs2PjnOZzkSK8dXsPgFf2qw8eyYeJ+xw5kxMebWDlefXRcx5U6PTT/s4BB7ClMsevGJtS7j0wZfm+uhJmqLPw3f6Y8PTd48i08vJs98sq7XwPEL+OpGn/mGa4dV4KEV6IXvTsuTB4bP/JTvqOaBJvY8mDikPGTJqX/m9zB1bsZ40NFnHp+JA4MDlFwc5nttckxfD2Vzpk3uvgT0dZy+8PAFIDft8MvD3peP9lVubImprz0xqTPz1AnnVRw2+WWsXNTWHhxt5lQPx9mTE38bz1kz9qyTPIzTh1hzyMMePPXHJxsY1pbzPBOvvxyYW62hsebRZ+Kv9DV2+lqPXKzHHg3MJ098c43Enn1iY5u5T43FQztqWjXmt9aVOOvInnqwkd+W+yGfsTPey+/a7mGaxx5MOGVTjy29c38Sh79zMwYuzDmf9fOsnedz1pJ8+JmPuC1NsqY+V4FHVKAXvjutCofUPHy++eabw7LPl8wEnofb6uAVg8OS5qFJj78vvjwAZx4OVOs8dTCiyZaPXMCbTduKp776wEUMenLaqCnHzDNmHmzj9F9harOfOjMPB2LBnpjU78skY1fczIENTJu8HGdvbucmbubHB38/4Nr2crhP0p+4Vb3UP/Hh4NzUx/xoo4/rPvHB2YqfvlkPuJM7ebfqkgf9bFmLtpn71Jg4c4C3apNzrisabMVhI78t45hLXDRPX+zqhp9an8I0F/3cu8y5biu9sfn9ECe/J8wx1sdeLPeKsfTa1Hjlk/6JL3/6tirw0RTohe9OK8bf4fvyyy9/dpDf+u/wZWkcWvkS8ODOF51zGeeB60GKbWI5R5+Hf74UEtNnfPMF4zw9ObCtmjw9qD3A6X22VvpLXkzyp5/4K8zJb2ojH3rixTAu+WWsLxb96Jmj9mlTj/T1GQ3z5cRzvsTJT16b/q6N8+ZQE+blYo2Ms+XFRs6uRa67HMyROPIg3jxySHzyppbJg+fpmzpYc8agifmST/qAyYeGvzVZh74z994YGzg0aqemVZucsx7i5GUsc9QzbRlnTrD9qLVayCe1PoUpB3ryWZ/zYDFvjtQbXWctzPGxqTcYfGgrLObUAQ7ErfDFtZ/5GBMPXlsV+EgK9MJ359XikOHyd3Tz0NvC5ZDysNaHgzQPU3w4ELOJm/OrObHz8Pdw3zsYyT8PTzCY8/BOPjybX1x6MYiVC748MwdWcsPGXNZvHrASYw/TGHs0TEzGfGjqYV3yztjMO3loE8c49XCcPbnVhnkwGMuRsfywY5MfPmljbBy+2KjBOuCRDV+0o5HHZ8bkwZ9cyQHMzMGzfMxDz1zir3K8Jv70C76zFnGZT42Y52O+rAtfx9jlaj2kwy4ez5Pn1tg4ebvv5Ok8/eSc6yrvrBc7DUw5MwbbMfkz5jXg0y9ycc71JH4PU397/FdaYZc3PGxqQg6b2jqmt/69OTDAm3nAS/zE4BlNpi5otuIxYzuuAo+kQC98j7QaV3LxsOMAWh1eHFbaPPhN5cG1iksfDslsHtziYuPQdAyuhzVz88BMrORn/Mynf2LiO8fff//9jxywW5+9c8kfWzb4YLf5gpCbWOmjL33WM+vOvODZMsY1mnmpdcbP+sXLPvcHeax3zlsfPXnS7npMnxVHc5PHF+nkrYb24MIt9xAxOU7ffMYnuZpTHvYZA3a2jIfHVl3Y0hf9acyrjXnofcYGr0vG+oK9askDH/xtc19Qz9Qy14TYWbP14DdtcrPHl+eJKR977ckd7ImvrsStahHPHtyVTsmP+ld50kc8+ulLjczRJqeM63MVeFQFeuF71JV5IF6rg/QW9PIFcwv8czHvVe+5fD6qnxeAj8r/2XhzicmLlvVvXaC1X9J74bsk5hxfcFfcz4mtTxV4FgV64XuWlb6yTg5SPvdq/s7/vS5d/A7+vXLfS+N75eHC509E7pWzea5XYHVB5xJ15PcfLH5jd3Tj3GirAlVgX4Fe+Pb1eVqrf8zxXpcfL35H/nRhbzGp0z+W2vOrbV8BdUTLIy8K+1lrPUIBLnf+lN3+yIuUlz2x38o58fobi7eq2fhnUKAXvmdY5dZYBapAFagCVaAKPLUCvfA99fK3+CpQBapAFagCVeAZFOiF7xlWuTVWgSpQBapAFagCT61AL3xPvfwtvgpUgSpQBapAFXgGBXrhe4ZVbo1VoApUgSpQBarAUyvQC99TL3+LrwJVoApUgSpQBZ5BgV74nmGV71gj/40K/6XLPRq58r+N4L8EyfGR/zXI6v8oW9VI/lv/Vzazbv97CvnA9ej/zsb/ssMcR/T33CuX8kXT3MfW73//MffapfiP5H+L/XKqPvTL70l+b9CY7y6aH9HOxXoPHY6orxhV4FwFeuE7V6kH9uOw9P+2yv7ol/4pCbx45ItyK8YXaPLN51MY1IZ/XvAyF/HY4XSvxguMnPkiu1du87gXjlz7XCvzvLW/ZK+8NdfR8af23tH5bol3yX7xO+X3NC9kaTu1/099T1b4t9QA7Et0uDWX4leBWynQC9+tlL0zri9l0/pSOvLFL/ZeT75TlzXi4ZsvBmLycnYOBrm2LnzkuPeFj5zwybr2tLqVDe2OXve5v47gfu5eOSLX0Ris8d7eOzrfLfEu2S97a4YtL4F7nNFv63ty9E/49nik7RIdMq7PVeCjKNAL351W6g9/+MPLL37xi9dLCBeRr7/++uWHH344LPvqhcwBxueebe+FkDzgmy8HeOaFD5xTDZ+9l24vfKcUPN++2l/nR689z90r6+j3ne2F78/1Zz3zO/3nHj/N9ML3kxZ9qgL3UqAXvjspzcXEP6qw/+677w7Lvnohk9MLny8oxuT3YHbMnL/jFos54/1dN3O09HGO+XyJp09e5lZFk+eUj/jk4zMvfNRrDfjiI6b6Ww9258RiTs7gMC9eYonNHB9wbMkBfvqgX2rIvNjEwgv/jBFz9sRlTmKyLrGIsw7y0axPXsRutfSVl76JCxa10dDbXKdyyDvzuF5gUYcYWZ/1ZxzPU1+5ioF9C1Nfe7k5zrqYkwPP2sgDD5o56XOtXo2ffpFv1pG+cE2dCTNGfPVyfZgnhiYvMdPHOfzIg402871Oxi9TlzC9Ylh/zvsstnXJE3tysEaxsE0drZ9eP7lRG/PUP7EcG7/FQa740XKNmFMvbOYyBr5tVeARFeiF706r4gGTPT/lO6p5IInnYc8hxOFkXg48GwejB5cHoQeg4/TXRq58YfDs2EOXHOY2317PIenLa8sPbPPgQ02OycVYjtrz0E9c4nxRqJ2agaMuxPjCkR828xgrFrjaiHMeHObFNRf6EuP6aCfW5+TNXNYtDv62jMU315BcWQf2VbMubXJk7N7QRj5qM8ZasMtP3+xnLYzJY5zP5gPLmNSA3PoSiy11JwYM4vVLzORkbjDUNOvSN3OCqabYyYedkl0gZgAACXxJREFUZmzyEUOd6GlyUofkkDFiqa256eWsvzzA5GMD2/HeftHfnpiZI21yc84eHnKxTsfol3y0g8Vn5lMvsOHDWC14Tg6Mc46c1m0M+Wh7OuQam9MYc7gOjH1+Be4vVeBBFOiF704LwWHiwWD/zTffHJadQ05cew9UkvDsy46x/kkgD7JVjHj05sieGDCoNQ/IzLH1TMypQxKfPMzJlTXxLEfywI0xcdl8oSR3nsFTF18CxmHf4odNXnJgbmKIRS8HfeBIfhs4OXaenpqybvyyRp5do4ybz9Y6582R+U/5qjsaUbttL27yJjbrEIOeefVf1b+nh9wSb2JO24pb1iUHeLn2E8Nx7g/n6N0DGS8udrBzDXjOOvFhnHMZA66aMQ+P/BiHjbxZX/LM56nLtGUtaQPbvc48+fjYkre6pBb6ub+yDp7Ju+Im1oqXNnmdqwNYqRXP6gxPcHIs9/ZV4L0V6IXvTivA3+H78ssvfzxwOWxv/Xf4srR5eHpwpo8HmQdgHoj4e2jOwzoxOHQ9jH2hpH3r+dQhmVzEmC9A8uVLRB70cid2hSXm1MD5eagzn7WKDwfzYl81OOqj1vnCIwacvfjUFj/ibTyLv/XiSZ7GZT/XQ13SRx3Jpe5zX63ixJi8ic068BOPHNZCrll/jonDn9x8jDPvClOb/YobmLZcQ2vXZg8GMXJx3l794GgjxlrQgrFt1s38iqcaJq+5nmLSY5Pn1Cr9eMYu/rTBxf2cttUegNvkZ63qIqfEPJV/chMrNYYbuSf+OTqsvjfgpG7g5Di16HMVeE8FeuG7s/ocPFz+jm6rQzVzcMD5ImFe/zwIncs4YubhPLHwZ46WLyAOQg/xxFw9nzokVwc32FmTXMX3IMaPZ9sKizn81IBxNrGY4zDP2nhWRzmI4zxx8iBeDuahfuw2cHLsPP3UHz/ibWLJ0xzGyleOxmUvhnPTFwxz5v4w51ac8/STN7Fims99xTx22qr+3AfpYzxze5ivwPHLihs12+TgOsoNuxq4fuptrL2x8LIRI+e5BtiSAzHMzdrxgYM4+E0s5rRrk3fuF3nZ6+M4e/Fyjmd1T1x8018O+Kcu+GCzrfIzRw60SN+JxVgNiTGPvORgDueJg4fraD1yUm/H4IDRVgUeTYFe+B5tRa7kMw+hCcOBNV8MHEx5QOLDgZhN3JxfzYmdh+7q4EzsfD7nkCRHvvCIYWxuemqw5UGMb9omFrypy9rysAcvsYhNPbARR73JgXypb9aYLxvisCXmzGFN9OBit6XmzCUWfukrV/yyVp6zgZm+5GTMR776Y+PDPB98bOZwnP3knbhi6q92+GDLmsDJMTHqi69tD1Mf+xW3rCs5qJWxcGHORpz7wzl6Oa58sec6pn/WhM+ptSNWjvrSmzfzwH1qSXw26kkO2Ka26c8zOfjYwEic5KAucsVPrsQzTo4+45M58J1Y2NlDacPHvWeeqQM55UPPmDifxQQ3c7wm6i9V4EEU6IXvQRbiLTQ4nDiA/HhoiclhrM3DURuHk7YZlz4cbtk44IyjpxHvHLgehszNF4RYE4e4vZZ8wbSe1CDrJTc50m4tiQX35EucfvARh+cVZ+yJB4fUg5gcp28+45NcGc+WdU/MiZVaUF+O9aVftfT1WT/q9ZM4ztFPPY2ln7xTU/Bm7CoHOiUO42yMwbFtYaaPvuCqS3KjLrXgmRxpJy7H+Mg99xN5GItBz4dYmjHMgWkzRv8Vd3zkbhz95M3czJM+K2zxzG9P3KmmLz3+xiSHf/iHf/hxX+EHh7STY6VB7oOsXV9rmX5yyhz4TB1yrK+9GKxdzrmWp3SpvQrcS4Fe+O6l9AfO48H8gUt4M3VfPm8GOgCA9eianBbyLRrx0p8XyNMZL/OYl5HLore9wYV/20+XQzRpqwLPrkAvfM++A07Uz+9S+zvVP/2E74RUdzNzkema7MvNT3Tecukh9i3x++z+ZL3VhY/90QvOTxrzU7e2KlAFXl564esuWCrgH0285ackS+APNMlPePzjGv9I6L3oc8GTyzOvySn9XbNrfjrHGqvxNfGnuKXdy5753rq/Eq+/Gfj5H1X38ps7r8/PrEAvfM+8+q29ClSBKlAFqkAVeAoFeuF7imVukVWgClSBKlAFqsAzK9AL3zOvfmuvAlWgClSBKlAFnkKBXvieYplbZBWoAlWgClSBKvDMCvTC98yr39qrQBWoAlWgClSBp1CgF76nWOYWWQWqQBWoAlWgCjyzAr3wPfPqt/YqUAWqQBWoAlXgKRTohe8plrlFVoEqUAWqQBWoAs+sQC98z7z6rb0KVIEqUAWqQBV4CgV64XuKZW6RVaAKVIEqUAWqwDMr0AvfM69+a68CVaAKVIEqUAWeQoFe+J5imVtkFagCVaAKVIEq8MwK9ML3zKvf2qtAFagCVaAKVIGnUKAXvqdY5hZZBapAFagCVaAKPLMCvfA98+q39ipQBapAFagCVeApFOiF7ymWuUVWgSpQBapAFagCz6xAL3zPvPqtvQpUgSpQBapAFXgKBXrhe4plbpFVoApUgSpQBarAMyvQC98zr35rrwJVoApUgSpQBZ5CgV74nmKZW2QVqAJVoApUgSrwzAq86cL3r/7VX7z8p//0X17+23/7f/qpBt0D3QPdA90D3QPdA90DD7oH/u2//d9fvvjiX7784z/+9xcuf/TZvsgBzzj90z/9z5evvvrLl7/6q79+DQagn2rQPdA90D3QPdA90D3QPfCYe+Df/JuvXv7iL/7Xyy98//E//t3rhY9LXz/VoHuge6B7oHuge6B7oHvgsffAf/gP//fL//gf/+95P+H7y7/8P17+83/+r/2R7YP+yLZ/vN6/XtA90D3QPdA90D3QPbC3B/jj3ZN/pNuf7D327b2/u+r6dA90D3QPdA90D3QP7O0Bf9KXf23vz/4OXxr7XAWqQBWoAlWgClSBKvDxFeiF7+OvYSuoAlWgClSBKlAFqsCuAr3w7crz58bf/OY3L1999dWPBp6Ze4/261//+uWXv/zlIamp4QisP/7xjy9ffPHFy+9///slr3PzwIX6Psf229/+9md7aKtGNERLNP2c26k986i1f1Tej6pneVWBKnBbBR7uwscFautFzyVgdSkhhhfj3kXjUhl92Yqblzyx4IL9PS585CT3Sg/5PVp/LmfWn9q29sGj1XULPl4m0OFzv/BRI5+t3ySkvvrO/j2+B3I4h3fW0OcqUAWqwHso8P8DeZQVeJB4AW8AAAAASUVORK5CYII=\" data-filename=\"image.png\" style=\"width: 548px;\"></p><p>&nbsp;Jika pekerja sudah mengerjakan proyek T, maka . . . . . .&nbsp;<br></p>');
INSERT INTO `soal` (`id_soal`, `id_paket`, `id_topik_tes`, `id_event`, `id_skd`, `soal`) VALUES
(82, 3, 1, 1, 0, '<p><img src=\"data:image/png;base64,iVBORw0KGgoAAAANSUhEUgAAAngAAAESCAYAAABuEKibAAAgAElEQVR4Ae29Pa9d2Zaex0CRBDirWAKUSKAhQIklJ+oWBMuGIScOCGVO6z8wuvlFxTdhWknVLyAEXEFBQbhwwrSSFkADclZhh8d4TtfDfjm81tprn7PO4f54J7A5v8bnM+dea3AXb/ebh7YSKIG7IPDx48eHN2/efPncRdJNsgRKoATulMAb8v6v//UvD3/+83/ppwx6B3oHegd6B3oHegd6B670Dvz2229fytnHAu/f//v/4+Gf/tP/8eGf/JN/3k8Z9A70DvQO9A70DvQO9A5c2R34D//h/3wszK3wHgs8Cru/+Zv/1l/yrrRi76+v/fW5d6B3oHegd6B34D7vwH/6T39++O///f99LMi5A7avCjx+yftH/+i7hzdv/mE/ZdA70DvQO9A70DvQO9A7cOF34F/+y//58Zc7fqxbLfDY/Bf/4n96+Df/5n95+Ou//l/7KYPegd6B3oHegd6B3oHegQu9A//u3/3vjwU4hd3JAo9f7/jPtW0lUAIlUAIlUAIlUAKXS4CijrqtBd7lnlEjK4ESKIESKIESKIGzCLTAOwtXhUugBEqgBEqgBErg8gm0wNtxRm/fvn348OHDDsnLEvH/eO1Tovr06dPj/9Hbp+i+lg5nwtlcauP/cDBnQDt1Fu/evXt4//79YiqndBeVrmjx8+fPj3eNO/fc9lp34pxnAjFxvrats1am/fUROPJ7etQd4Z76DHptojzP8t6/tv/6e3j8d3d3/59ot14wXFBe1C9Z4PElzP8vAjlee+m/5OW1uCOOo1razPwcX3Kh9lwGmfu5tp6je66vbyXvHSDX5zRfsJd0l3hukF9fdM852cvXPfJ7yjOfO/PcZ7/vlW9V4L3UqT2lcJSpz5rsn/Ju93utHRjzOfUMm3rq2x/NrL/gPTw8fpEAvPaF4ovylEtwzmFxOeaLibWXOvhTsfnAOiW3dx97yZdcyc82c3c9e+RTJ/cufexZPiXO5+g+xd9r62z9BevcWPie7rlL59p9ToFGTM/RPzfWI+WJ/dRL60h/p2zxDOG+XGI78nvKfcnn5VPznc/Zp9o5Qg8+fJ7TfFbwXjz3Hqibep7ZOaxhiv9s6LO2Nz9k5/eKtXNspP+1cQu8h4fHhy8PMuAuNQ6U/ZdsXIylF5OF1mu/IPR7VM7Yyws9Hzx7+E6do2J7DTs+SJ7i6zm6T/H32jo+ePN+PDUG7tHS9+ip9tBb+27utUlMr/393RvbKbmlF9EpnZfa957kC/qlfD3F7pHf01ss8I54fvNd8t20552R57h2f2C995mBT74TS3eQuPbGtPa9Io41+5nL3vHdF3h8KTkYD5/5bEDPg/OCcRB8aFbwzLGR86XLMH2gs3bJtPXjjz8++sMH8aBjDMbHZTUG1tZsTv/MMy90sWPz4rGWNokNn6nL+FTDRrKWP/bVZ+zcMb3+9b3ky3jSroy05Rz9lGPfM5Nh7mfc8tamsShvLp7V9GUM5ORYG/bq2uPLGPTrHDu5rw6ssG9e2mZNG8jQ1CE3mvv0rrEuf1mzb77sp+213JCTlX6xYyzs0zIGfSiPLPv44AODjAk5W66jY1vLJXNAXls51kb2qcc4uW2dNTbMBx/JQZ/uY8eW/pCTEfvqeVeNZc61Re+ZoMtHnbnuffIscp+1Oce2Z2CP/czT/PSNjZSd8tg0F/Y8I+3AZuqzZvM8kqF79NpJ27nvWAb2U37GoB72iZ840EGOueus8cmWsXo27msHfcbymP6Tgbqz15ZxsS9r7GauyOhLOWKgmQM9NrVrDNp0/qi08If2zG1BZHXJu0hvc+2UX+WJf/J275weO5zHbJ7R3nim/pzffYHnhQEMB5dzYXEZBe6Xzz10PHBkODgfSOjtbXwx1uS1i28vgHa9oKzTmOcXb82m+vbTLjmRCw175qg/1owrLz38lNX2Uk9c2MimbXNhL78IjNXR95Iv7SDPh4be0pw95JOTD4/UcR+/jonTsbGy7xh/5qIt9pDJeyZrdR8NxB/qquNc2/hhzUZMzo1PHXKdjT3l3NNXxoo/c2Jdnp4BOo6V1Z45uu86vedlDM7lgR+bfrU/c3dfP8wdo+MYe4z5qIMt9zMX9o0NPcbTr/HRp0/maRf7zJFZavj17OTg+aCXfufYszUv7BsrsuSvzTlnbzZl3WOeHIiVOfvY4+O+THPOWJspqz55um8s6OCHphwySw05ZdlHTs4wkauxIeN5EI+y+HQse/2xh2z6cQ/Z3HNO3HzwZfOMjAW9zMu40KMxxzcNHeNjPmM3T/07x4Zj/T4aPPEHeumPmLRDTMYIE2NknCyMUz3myKbd6WeGlX4ZT2ZTfs69W+jlx/in/JyrnzFPmb1z/C/51cfS/dprO+XuusADcB4Wlw/ws+VF9OLmBUkd973o09baHN9rOsSYFwI5vyhedC8Esj4oGK/ZnHGgnyy0O+WYp3/0+GLasJFz12efNtzzcufFz7wZmzc607d26I1fFltzYsb2/KA7GW6dUz6gZi7oYX9yNmZ4JH/X6dXNtfQ1uSTbuZc2cpz+YZWcUw57ns/kn2c/OTFfuxeTFf60Ze74zY8xspZt67yIN204Rn8rl2kTeXTXGMFSRsiai3Ema9fsjSl7YqNNn3nO6tNPf1Pv1Fxb81ywm3E5Rs5zUndrDht00bNxN8zTNXrWXF/SS9mleNOHstpxPs8jv1uTJXPjUd9+5sy6ttCRV/bIsDe/G5OHudETb9pgjDx5sZdt7Y5MBqkzx8rKciv/9D9zIM78ziALTxvyOXfdnv1sUz/3lsbJ0H1zm7bdz179rRhTfmsMC3zPpo81xlP+1PyuC7y1L11eQgDmRULnFHzk+ZzT8LmmY5zayxi4bPlgycvHeM2mtuyRy7y9+O7T6ye/qMSSXw585jz1czz9seflzoufX4T0i/z0nfaNH5u0rflWzJPh0jlpm/iQp81ckt3SmbCm7qOB+EPdWHpkrPzkkmzVRQZeay3zWpLDFzb4eD6TPzJ59lN2KW/imaxY01bGNWM3t1xHL/2kPvEu5Yb+Vi7TJvLkhu3ZzMV7x765KLt11slMefvpM885ZZCb55CxTjtzri1z8bxnHsrRz7PYmvt9SUbzbPRNbJ7Zkl7GwDjtqJcycMEmH9s8D2TIlWYcxspestUG/cyZNW1lXKnDmL1pk3nGn3EsnTt2ls5nSRbbk8GMac7Nw3jnPn6wSW+bObCf9xBZOaOTPrRhb/7GbZ/+lF3rteFZKue5ec9dX+rxm+eyJLNnDTtL/rzjyWmPvTWZuy/wJhguGZ9seRGXvox54OhySOhMO2lzjjnQpcvqgacP17DhF8QL49y9JZvTN/PMkXn6cGwMyHoBJ4+lh8yaP2247xcQfzbzYs44daZvdeiN2S/z1pyYJyfW0J17eU7G6znTI09zz1zQI34avmT5uLDA33X61HU9z2ByyT3lzd/4XM9eOxmbvtVDxpwmf2RkgV3myPvxLNIn48mKNWzz0X/qsEYMS3v4zLNExvmMVz/2M3bn0ybyssq4GC/lMrkQD2tLbckucdPmXp4zY/Zp09/UOzV/NLKQyxIH1sh5nsXW3LuY94EcZUJ8eWbmv6RnrPbK4J+PDRvYZV8Z9+Z55PcYGXXR57PWZs7IeUbY8D6pb15Le8i6j3zGPONlH9ml89G/MmsMjGmtNzd6YrERJza9A/izzRyQyzOZeSDvHdCGvffMOb1MMp7cn2O/m3nvkMncps6cw9l85x5288zmfs49h1xjDBP2jmp3W+BxEPOggeqlWbuI7udF5GLSsJmXjYPae+D4yy8H9rx4c509bZuDX7T0v/SFfwx04Q9k89IRN3P9ZB7EQ2x8WDd/zGIn5wuuHpe0Mffxh12aMRmXOqzTpu/Hxd//8JzkszVHxjy1YQ74Sv7E5nzmig5ryGjT82ANHzRjcY81bJqXMdiray4Zw9RVVo7Gihz213y4L2t9m5Nz9/Ez+WNbbuSWd0b9pV5W2KQ5N198apd9x+aaNokhc0bGudyTgba2ckkb6so3fTvGJvs2/GcOzLWjjD1xIGvu+OZDmz6xw555aQPbxLCmN+3MuXb0iX1sei55rvLDF3ZsW3PjNT7t0rPmeWELX3xYT7k1fuhM/qwRG35p+sce43ke6Gsfv44flTf+QBY/2KVlLvpMW7IjP8eaZ55rjNWln/mwJh/PR5/IGhtrNPdkoN+tHk55Nvqb+WKbNWI2Fuyimzxz33iI1TyNBVtpx3V6bGRMuTfHM172XcPv3oYsH3RtjPfGgQ76noU2tDvX3X9Kf5cFHgexBDMPm30vj7JePL8srgPeL52HzIV034vMHN3ZMh517PU5dbCPXZsxOTce7GDf3IxPuewzZsfs55dPe9kzJpb0mbGlD+NERxu5nzYce+GNiXXH+k4bM97pc85hM3VY079xpl4yzVwY5//amfmf/vSnL3eBuWfBGE55/vhcatN3yuQeXLDHGg37+OGzdfbIEteUSdvaMG7tLp195qgcvXFl/PpOOfRt0xZnNeNC9tR5IbOkN+9S2iG39I+NjHMtnzxT7GOHlutrZ51nhu6Sz7RDDDl3nHnJfsY+54/O4g9jMc+l78lkemquDW0TA2u2jMlcZOU85dWzx7/cXEsW2qB3jE98ZEzMjTVjmvHqgz5zx3a23MMGLePCd7YZS+6t6WW86BMDfmmpY9705Gn+6WOOkeOTLWPUJmu5jl+a/rUxY0XHPX0kM/azac+z+cMf/rCax5RVx167xjR9uW8/7ZG7bcsG+elz9mkDW+aOr6e2uyzwngrrCL3nHNYR/rlg+fI8wmZt3AYB7sV8wD41Mx5yfGY7yv602/n1EPAF+FLPIV6MS3fvKYSwtRTnLd7jU++ma3l3nMpjzz24FBvE+pxYWuDtOe0DZPhyULF/y4b/W3wwfUumt+SbB8nSy+wpOfK3UV6O2XjpzrXc7/g+CLx0gXfq15dzKPPMnMXikQXkObG8lCz5kOep7/6RXF8il715bPmGASye85w6wgYx+j2Z928r/rnXAm8S6bwE7oiAD6PnPtQmMh9O2PVz6S+ImUPnxxOY9+JUUbE3Al/u3LWjbOI77XqPn/OLyt58LkXOHybIve36CLTAu74za8QlUAIlUAIlUAIlsEmgBd4mnm6WQAmUQAmUQAmUwPURaIF3fWfWiEugBEqgBEqgBEpgk0ALvE08+zf5twr39m+M+Lco15oz5zX/Z+n7T7uSRxHI/zGG/x7wOf+o+Ki4rt3OkSz9d2jPZXLEM9K8jvx3dkt58Vxb+7d2/jvCJb1cO4pb2pxjefidOee59hrx8f0mpuc2mb/kuU+W58TMv1GEp23r/ijzGv1dFnjA9x/MLvXngucCY+fIYoeHy1JsrG0VJn5pT8XjF+aU3LksKl8Cewlwj7l/+WDcq1u5bQJw5eOLf1t6fTefE+tSp3eOeEb6Aiavl3zRb2Wzl8deuS1f5+757N96P2jzW8Sn73P71zr3p35nLvk5dpcFHhfMCz4vG4XVUx4ePMCOLPCIy4s941n7m2XmcuqyWkDCoe32CRx9N48ixsNxb4HHXT3i14CjYieWS/3++Ow4Ij4Lh+dyO+IZaV7zmfjc2M75fsCU5+updhS3U35yH8Z7Cjx0vkV8T32/yvzoc0923q2nfGe4D3ufY+nzpcct8A4ifMTDa4bihXvKpeaLxENr6cGFvRZ4k/btznnw7H3ovzaFcwo87jLfs0tpPNSf8jJ4jfh9dhwR31GFwBHPSPN6yjNxjbvFw9r+XN8rfxS36X9rfskF3nPOTuZHnvvkaHxP+c60wJs0v/HcC5NhUPSc0/gycbB85sOLF5d7+XK18NI/MmsXygvnpUYOP3safnzATPvY0HbuGS99FobmSZ+MkMk5evhkjXHmTcxp/1QO+EKf+NRjPOfaUYZ+T+zEmHL4wqe5Yicb+/rwPHI/x+aPfDIwdvfpadqlz5jk6zmyn761wzoySy3z0T49H5oxOfdepG3l2XOfNWNhvHXuMy5Z4oOxsRuLdlNPHWNxzzk9+jRjZK6erOcceeN3j96W7JXTvr7zzNBLHffMTdvq0iuDrvc+fcjHfXWRXWvqZywyUEc79LJT3vPHh2v2yDO2mZv2XKfP+8fYXI1PnRlb2khZ7bE27WcexoSc57rkI3NCH/s0dBwz154y9DZZscbH2LSN3MxBXfuU1U76h5vr9Dbj0ic63jH3kM/zUlef9splrNig6ds5flijX+KqD21mLKx5Jozxlz7NRRv06ruHHp/07Rq9caae+3Kdc2NIHml/7Zzlk4zn/clcXnN897/gecj2e+FzSXxYecDOOWjHeWn8UuDLfS6N4+lbXWOj93JO2Tn3YnLRHCujP+z5RcCucn4p6IlBeePHDrLoq5NfWC86+46xYezaT//GRo8Oe3z0rb+cOz43dvNQn15/xphfUHybZ56JuWXs6GuXdezwST19sM9Y23KhN1/ich+7jvGNXRvjlHVdHykrX2X0y1wO+mHNfXKgmQu9ftGTR44fFeIP5JUzDnptoqufUHscopvskLWx7pzeD7aMn7WcM8749Yuc+bOPPo015jRkkXPvcTH+0GcsfbG5dubywK5+kHU8bXpv877pz/jUdS4/fNhkp332PCNkjEsmzpHnk/4ZO8euY+xg1zm2jEV78jcueuN2Dz3sOM+xvtVhz31zUy996N817KBnfOrO/YzPPXhPTuxhy3Vl7bVvvKxnTOx7juwZW+ZpXvhRNhnrK3t9GJdz/GmbsQ2/7nmO+GN9qREHe9ilocvcWOdcn+6nzZTFnv6VyRiMSXvsuW+Oc44d5eXnHHuO9YeM3FjDnnnO+6POt+jvvsBL6Hlgub405oC5dDYuwbx07iHr4eMj5bb0vFT0NHrk9zRz8UJrg7lxcykdT5vuGcOSHHnoB/285Mwz7xy7t2TTOMgTHdupuXL0e2Kf54CvZEtuznOMfeaeZ/pN366To/E49iyUyV5Z1iZfYpY3sbFvY+6ea/bsJUvvhPvGxXzpvN03bmWcb527Puixk3GwxlyW00/qKuuZmAO+84MN42NMOzWf8U9exoFP4582lck+zw95Y08Zxvg31uk7feYYPeZ5B9LuUnzYRh69ZOaYGNxLW0tr2MEed0797NGHlXkx13/aZmys9LPpw/VTsvLAL/Foc0tvKT9ixzeNHB0z17YxZY+s30PtTv2Ud6ys8y0fskdWOfMkTmL3nLW31E+fyGhbXti3wZP50p4ys0cHP7QZ65xr11zSlrLJ133zyPtnrOppc2uuf2Rs8PROuUY/48g82c/7k3qvPW6B9wTiXgQvDSaWLkJePC85FyMvzJKeIS35ce9Ujx8bl825PXt+CZSjJx6/KF70XGNsI49pzzyRwa/zzNO83NMfPTo05B3vmSujrVOxE3eeA75mbs6JM2PBh3uPwf7+h3np2z3kscE647w3ymBvxj75ErO89aUtZDMf7dJjO+MnFnzZjIu5djMH9/WljHPz0x6+PFvX6Iljxpiy00/qMkZW7vNMUtb4zOHUfMa/ZBvfyNHTps3079h8mBO3vNxnDZt8jJU1fSA3Y0lZ7kLKapd+KT5sw3/aTD328JFtaQ072Ms7mTr6z5z1n3LoyyBlldGP8yW77GnD+yV7ba7pobuUH1yJl8YYGZu2ndNrnzj8jmqXtbVz0oayzpd8uIY9Y3PNPFmfLLQ5++mTfXmbD/Zt2HWefoxFuezRkd2Mdc71aS5pR1lzyz3sr/FVT5tbc/0jYyM37xRryhCH58x65sk874+2vkXfAm+Beh7owvaXQ167CF4iL0A+IFhL+/MCpT8vk5cz906N9Y2cX2R6v2yscynNQRm/rLmnL2W0QR7pZ+mSK6s/ZPiknvazJ4780m7Njeuc2Oc5zC8kuWmPuNg39jy/jJkxMqnnGpy9F3meW7FPvsSc3BgbE/1am+z0qbxxMffOeS9Yc9+4lXGO7zznvO/6oJ9xsJay00/qKivbmQP7rGHD+Mzh1HzGjx3PmJ59bLBOvLRp83Fx4Q/kiTnPzdjNBfvGOhmlT8yzj7wf4lhqS/F5f/SfeqwRw9oe/rJ5btiUlfusLfkndmXNA3/KLuWCfLKbssRhbGmfXFjX5tQzVvqlnD039nPMXNvawA8yNBkzTrvsZx7q2qcsa+nD2GVHT64pZ56sGwtxKaef7KdP9tBlXZ/EYcNezlnXBv1SQ8c9czLWOden+2kvZclfFhlDyuMTndRjf2uuf2RseZ5r54xs5skcjlvstf/SfQu8QZgD3XMwXDAO1caBMmc9LwX7fmm4dOzl5cRXzrVH74VbuvAptzTGT7a8nK6z5mUmhszbvR9//PGr+LDrF9Zc0557rJk3Y2TPyYNY0LdtzZ8S+zwHfGX+aRNZORnPWo8s7MwVHtiizYcLa+mHudzVw56NsXP2M15llnpkZYnOjIMY8GvcxqAt76EMzDHl8WHLc3eNXjvmYBzYQd+57FKXsayQ1ZZs3U8/xqvs2hz/xoS+8atnPHLEjnuMt84BHfPDNs08fp9+debY8qzY1ydjfGWc6i/1xoc+zbm5ENMSO+NNm66pO2PCVjLQLj17NvLSr4xnbMarjr5dxw82+LinLHv4ZB1WyBjzzF8demUZmwfxOdYncrS8//jK82KPD+sZnz608Wgo/khZlpVnbF6KkyNr6ChnnqwbjzbdU99+7jNXFxkZM5aBa54xe+ar3eyVZy3PAHvOZZJcZ8yZp3rEa8NPxuQ49ZDdmk+7zuknmzxn7GaezPP+GOO36O+ywOPwOZC1D5fAw80LPw+IPW1w4PNSuaecPevI5pdGXX3kZUeeeTYvKjay+aXVN3I05JRNv8Yy9Yz1L3/5y2Os2jNOetdmrH4Z3Gc+ZdjDx1LL+JA5NT839oyFPMyVmPCVuTFP/+ZEv9amfeQ8L/W5X7S12DMm7KVNxtOedj3vjM27nDHPHNlLOeZpK/3LY8ovnXvGwTjjlj16uW4sU1e/xEKb/rEx1ybfOdfv5KHvXPdMWKO5h82tltyRmzFoNxmzlnLMZ27Y5bPmf8ozt809OKS/rZiJJduWnrlhj/xk51mynjJp13HKyshcUtexPbb5eMbO1dU+fe6lPr5p+kXOsfrq0qtr717yloH6k99SvNpJH8bh3h//+McveeA/7SC71NI3OtmSu2Nskot3H98zH20YFz1+aHLBDi1z0Mc8n8wDW8nSmHMNGXSmXuZqTPR+sDHtMLcpR28exuwePtxjjX3jYPza7S4LvHMgcyh5yOfoVvbvCSxdbr+Efy91maOl2LkTPrS+RdT4XrqXS7F+i/iuyScP4pc8y7WX67mM1r4vPfNzSVa+BO6DQAu8jXO2At8Q6dYOAv6tZooe9eKbdo+c+7evafNbx87dJLZscJ5rud/xMoGXLPAovo46E34ZmIUotufacpZdLYESuDcCLfDu7cS/Ub75kz4v1KUC5RuFdtJt/mcEY//WL1X8G4v9ty46T4K8QAHZ0R95pto98tc1ijnt2q/957ELRN2QSqAEXplAC7xXBl53JVACJVACJVACJfDSBFrgvTTh2i+BEiiBEiiBEiiBVybQAu+VgdddCZRACZRACZRACbw0gRZ4ZxLm39T471+O/Pc1Z4axKO6/y1rc/P1/kr733+yQ45H/JmktpmtY53+tCo8j/rE8d8b/af85uR8Zwzl+j8r7HJ9Hyp7Lm3/HuPc74r+JW/pfMx+Rw7n2uVfPfSZ5z/bktNffOUzP5Xbu+Z5rf8pvPWNld8RzAr/5DN7yO2PsvAQkcJcFnl8WvkB89r5w0fMfsvNgQfdamvHufXldS16vEaf35LkPbu/d3vv2Grlt+Tgq7y0fL7l3bbxfksUe2xYonPupAo/nCHKnCsqXfO5c2vm+1PfFQh/7bSVwDoG7LPAExIuWh8TeRnF36oG219a3kHvJv0l/i3xey6cvvucWeMTL/TmqwHuNYp2XyhF5v9ZZTT+nePOdOFXMTJtb89c4ky3/z93zru9hwj3e8zx8yefOqfN9Lo9z9GX3Et8Xi9lz4lGWuDiDtvsj0ALvjAKPh/eeB9qlXqOXfNBeas5HxHXkg/uoFxJ2XqOYuOUCz3OlP6K91pkcEeuajXOYtMD7mqLsLq3A47nfAu/rs7qXWQu8KPB8YPGg9ud2LoJfXNfypcdL1vV84fo3Lr5Y7GPTtbTH2px7+YhH24xt2sE2dtGnMU455e2RzxgzdvzYjMcHlf7YNx580VJWe/owd/NHHj3m7GFfeynzaPj3P/TNvnbVM9e0oQzq5qs8cubEftpGdq2Z45Z8xqAP5eVA7nlGGReytLUzV5ZYtKdP9tx3zfPBJmvYV09ua/mmDcbYtmV8xqxvYnM/ecoPW9O3uulTX6ztjdu7px1trPGWhfLGix3H7tGTA838iJvY2KNNe+xv5aYdz/PRyPgj7euD+NIuYxuxeCau2acOcnk/8nxYz3yds8Yn/ZFD2jEn5BjbYEPc5jPtKEevP3rPgfWMEX3PAznjYH3aXosJm7mnvSVfGYf+kJvNGDPP1EXeGDNO5ZFlHR/akrcy2HBPWW0iQzMv5vN7kXk+CvePmybQAu/3L0V+EfiC0XxweAOQcY81vpD5BeaLhkw+TP3S5Rp2adhCJ+eO/XIi5xdaWymDPvvspa1HB+MPYiU+GvFohzm65saYDzIZN2s0famX8saKHg2b+nxc+J0bY9bNSRbKZG8MuSZ39BwrR689YtN/5m+c9DT2kE0m+lPWPef4oMmFsX6NhT1zdF87+NQGe8gZqz5Yc4wtxrTMhfkaS3yhl3Hk+NFY/MEesdMyF+bY0j9xIcv/r2J6P+ybu7LoyUA95Nk/Im78yZQ4sS1Xevcm7xmnd4DelrGzZn7q4su290yISR7YT3/amvY9C/x5R9IfdtjTrnbs1ziTD3qeFTZznmNs6Bu7+KxWd8kAACAASURBVJQzft3TprFo0zzpHRsfPXraMF/X8WVD17lyxuEcW6diMgbjlR/r2sOGDBzr23jsteO+c21hx2acec7yQgZZPuzT9M0YXWN/3PxdPvWJwTlMp7x67W+bQAu8hV/wPHK+GH45Wcu5X156m19C1hy7Rz/XTs1TN7+wfPHRnY1YfbjMPeZ8yX2Azv2l3JYeLuj5UGIsB2VZyweTc+OlT1n2aWnz96WvOuLzIYXPPJcUTN8zX3TMf/pjvsZuKUdteYb4zQ/23Mv4PCPikEnu5zjP3HiJhTZzSz1lXSOu9JV2laFHRj6uy1ObmaN23TM2eTnXRtp0zzV67bimfedrcbtvTw7ejy3e+stY0PWeYQ/9nCdHxsRo23smxqTeWn/KPnbyvCavNbvmzf7Mb55d2pj+OA/Wllqe1eQy7aivb+LLhjy5zQ/y7OErW/peW887ggzzPFv1jImetuRvymb85upZzhyQdU879PrVljKwxOZs8+yTwbzTU7fz2yXQAi8KJb4U+eVZegi4zxePL5VffK5Ifin9QubVmWun5ugqk1/gXMuXD7HNh136nw9a9swD++aWeWQM2lKH+ZRlDVs+mJhjF5a0jPdx4feHKzp81lr6xF5yR4c1beh75ptxoJMPQfWX/C/lqC3OYo2555Q29UOsMsl9xuohw5hm/uY9c9MGNuXgWtphLfNWhh6b83zQxbf+U96xe8YmL+dpV1n6bM+JWzvaJmY407Z4K2+cyBNHMpi5eB7Iek6PjjaK7qXcOAPPKf1ra49976A685xdz37GwlxWyM181TVW5G3kkLqsyyRjgWfqzbi1R8+evrR9Sn5+/+b9XoqJtdTDp/6Mh7iNxTNCJvWUpZdd3m1jn/5Sz/hybdpShniW/LOOjC0ZwD7vtDLtb59AC7zxpcgv+Xz45dwvYH6pXKP3C5lXaK5tzX35+MXML6w2lTHmrYcPOvmgNVYfvEu5+aCaceoXm9pRljUeNjlXBjvGajzKpk32lhoM0JcJMsamXe2xl/kyR8Z8Uxed1GMvm/FnTtjmo/+UZw3ZpT1i8AGNT+NGXwbml2fuHrHQZm7MzUFZY2KdWGxp1zX6aZO1aVP/7Jmj/tyT15xji0/mfETc+vNs8y7v4W2c5IQuMWXTHgxTdp7v5LeVm/axDZOldso+uaFvw06es+v0a7HMfGVpntwV45v+2PMsvQOyyzs2uUw7Gadjc6dHHnvZWCPGpT3iJZ6tmLBlbsgnR2zKcvJY8mdcyuLXRu58zMd1etaQXdqbtlKGuOWsPeN1nvznGSvT/vYJtMAbLz6+wDa+GKfmfLFsyPrFyy+k+3Nta+6DQV2/sOgwtuHTGOlzTxl7bPogQ9Yx++aK/a2HC7I+OBlPWdZgkg851vDNOvK2lNMm+1NXeXnR24zbuTaRyXzZz5zxk/mrv9Sbo36d09PwmbYcG2/azDNyXztbZ558sGcu6GpHbinr2NjR9S5lXIyVxTZNuzJFL+8X8eJfPfOgR8d56kyf2k7/aXNP3LLQtncC3S3eGac5o0te2bBDDsq4Jx/nxoFd92BDS0Z/+MMfHvfVg8FS04Z7W/cZGeygs9TWOGMz9ciBuWv0NvPTRzLBTnJjDzk+p+LWPtz87rCGHvqeU9pXzni1YYzqp86MybNR11455vr2TLHP/lJTVj7O6WmwNG7mjpFPzuypa4wp411yD3liIjaasp4hDPggnzqPwv3jpgncZYGXXwC+BHw5+DDm40PC+R//+Mcve675peVL6poPk2l/fumQnzJz7pdY28bHevpknUbMKTtvLbG5j74PENe0/+OPP36RY+9Pf/rTV/MZl/r0c4+5zbid02dM+jeflMsxfrJNbtpJRoyTD3Naxu7Yh2T6YDx5ef5Le+Q640IuYyDO5OUD2DjozeWnn376KlZ8qyuvNZZpj5i0yTrz2TJubeLLNu0Zh+tzTqx5Fsp5Bvpg3djslT0V9zwb9e21nbHhl6YMexmn+5l38kpO2KdpH5u0tdy4B+kr7T4qjpc09tMWunmX0hayS/ZS35yNM20p5/1WVobGkuvomzv7KZtyS3GbL/28K8jbpn3jYz/j39IxFmyljjHTT3vqsJc6rC+1eRczzrlHHEv3aMrNZ3Dum2/a4QyJz3vgnrL05rqUQ9duh8BdFni3c3zXk4kPs+dGzMPriMZD0gdg2uMh3nYsgSWmsOcM2krgWxBYupNrz4RvEV99lsARBFrgHUGxNk4S8G+PJwU3BHgoUyge0YhnPuR5wM+1I3zdsw14Lp39UYX6PbNt7k8jwDNk6Res3smn8azW5RJogXe5Z3P1kfkg5WH6nMIMfT5HFl8Uc9q1X/vPLld/EN84gfzPXLLur3ff+FDu3D3FnHfRfukX/TvH1PSvnEALvCs/wIZfAiVQAiVQAiVQApNAC7xJpPMSKIESKIESKIESuHICLfCu/AAbfgmUQAmUQAmUQAlMAi3wJpHOS6AESqAESqAESuDKCbTAu/IDbPglUAIlUAIlUAIlMAm0wJtEOi+BEiiBEiiBEiiBKyfQAu/KD7Dhl0AJlEAJlEAJlMAk0AJvEum8BEqgBEqgBEqgBK6cQAu8Kz/Ahl8CJVACJVACJVACk0ALvEmk8xIogRIogRIogRK4cgIt8K78ABt+CZRACZRACZRACUwCLfAmkc5LoARKoARKoARK4MoJtMC78gNs+CVQAiVQAiVQAiUwCbTAm0Q6L4ESKIESKIESKIErJ9AC78oPsOGXQAmUQAmUQAmUwCTQAm8S6bwESqAESqAESqAErpxAC7wrP8CGXwIlUAIlUAIlUAKTQAu8SaTzEiiBEiiBEiiBErhyAi3wrvwAG34JlEAJlEAJlEAJTAIt8CaRzkugBEqgBEqgBErgygm0wLvyA2z4JVACJVACJVACJTAJtMCbRDovgRIogRIogRIogSsn0ALvyg+w4ZdACZRACZRACZTAJNACbxJ55fmbN28ePn369OiVnvnnz59fOYrrdPfx48dHXtcZ/emouQd5H24939NEKlECJVACJbCXwF0XeG/fvn18gVpkvX//fi+3Q+Twq+9DDN6REYth+N1is7gjv6cU/NztDx8+3CKa5lQCJVACJbCDwN0WeBRzWdC9e/du969BvDj91W0H402R1yjwjox3M5lX3jzqFy0KqLwLr5zGqjuLvHMLPLlQ5LWVQAmUQAncJ4GLLfB+++23hx9++OGBwovPzz//fOgJ8fLjRZht70v+yKLsSFuZS45fw0f6e62xhcxz/c1i/7n2jtJ/aoHH98VfOI/6i8hROdVOCZRACZTA6xC42AKPly6FSX5++eWXw6j4i93aC9DiQf/MfeG6pg3mFov+Z1/nSwGrzy9rjI1Bn0s6rKU/9GzYwW/Gtxbvlh2Y48MciMsYjdlY9W1vDOyn7Jwrb67I4s+G/zx7f73SJr0xaAPdzJ1YaGu89LUkY+7EQDMW5/p03bjMwX3nxkXMxkO/1pTHruxlIOM1XdaRNX9iMO4tne6VQAmUQAncHoGLLfB8cWb//fffH3oCaduXqA54OVpI8JJcemErix1e7DZkc+46PbLa9QXOnI/xpLxj9o1BO+hbUKDrfhYCFgz6XLNjLNhJFjmnMFkqTjIG9y2Acu4Y+Sw8iJu5OvjMlnPjZF+/jFlPm2t5pl3HxJW6c25s2CQWPvi2JW/W2PMslKdHf56HNujdk788mJurdlMvx8Si/owr5TougRIogRK4bQIXW+B99913X16mviTzJXzUsfAS1L4FyLSdL2xfwrysbejnC5+XcM6VY2368MWPDPvM9zTsEDttvsixYyGwFG/aTzvwnfGlLH7W9mcMW3NsyNzeeNnLc5aJcvbwdw95/G017K7JTJ9zjn1j0mf6mrme4k8OeX+0hR39sObZnVOwEbtN/SVfyrQvgRIogRK4TQIXW+D5IvWFTgHw66+/vtgp8HLF1ywC8Mu6BcjSS5N94rUhm3PXs1BwDV1fwObs3lKPLDp8jJXe+NDBjvOleJFZskN8WSCkf32u7c8YtubYMPb0wZi9LHIylykrL2Iz3ymzlOeUmT7nPM9Nn2lj5poxL/EnXs887Uwu6tLTpp/UZWxsnpV98pw6nZdACZRACdwmgYst8MBNQcdLjf+BhS+5o46Bl+ls+SJnnxckfve8sJGxbRV402++7H1Bayd7X/bq01skzRf/Vrxbdshf+/omF2Kk4WfuKzdj2JpjYxYdzufeEhPWKJByjzi1QUxbeRqz/fQ559jVdvpUf+aKjAWncWRBl2euDfrpV1162vSTuoyNMdfR8fxyveMSKIESKIHbJnDRBd5Lop8FAb54EfJyni9WX9i8pN1jzMuThi3HFgDayhzQYX1Jlj11U8cxOhQANsasoUNvQcG+8SqLT+PdskOBkD6MVzvqYn+2GcPW3Dy1A1OLk1nk4If4My7H2kHGWOlpxvo4+b14Yk2frtPjmw+6fJKD500MrKdPbcw1zgJ5evWNCx3PQ3177Rgj8SLLBzuTqXr06KiX64zRJ/a2EiiBEiiB+yFwtwVevqx9ieYLkiLCdV/YFhbuKU+vLHaRd29epSmLHi//XGdtNgsF/RiTPev6TRnsZLxrdtShN090p332Z7GQhQjyp+bYnTIZ5/QxY17ilTLEn3PsmcfSucjevFMXPfJdui/EbNM+vizE0g7rxE3vJ4s+7SQXfCKLnVzHVzblkEUuW8bFflsJlEAJlMB9ELjbAu8+jrdZlkAJlEAJlEAJ3COBFnj3eOrNuQRKoARKoARK4KYJtMC76eNtciVQAiVQAiVQAvdIoAXePZ56cy6BEiiBEiiBErhpAi3wbvp4m1wJlEAJlEAJlMA9EmiBd4+n3pxLoARKoARKoARumkALvJs+3iZXAiVQAiVQAiVwjwRa4N3jqTfnEiiBEiiBEiiBmybQAu+mj7fJlUAJlEAJlEAJ3COBFnj3eOrNuQRKoARKoARK4KYJtMC76eNtciVQAiVQAiVQAvdIoAXePZ56cy6BEiiBEiiBErhpAi3wbvp4m1wJlEAJlEAJlMA9EmiBd4+n3pxLoARKoARKoARumkALvJs+3iZXAiVQAiVQAiVwjwRa4N3jqTfnEiiBEiiBEiiBmybQAu+mj7fJlUAJlEAJlEAJ3COBFnj3eOrNuQRKoARKoARK4KYJtMC76eNtciVQAiVQAiVQAvdIoAXePZ56cy6BEiiBEiiBErhpAi3wbvp4m1wJlEAJlEAJlMA9EmiBd4+n3pxLoARKoARKoARumkALvJs+3iZXAiVQAiVQAiVwjwRa4N3jqTfnEiiBEiiBEiiBmybQAu+mj7fJlUAJlEAJlEAJ3COBFnj3eOrNuQRKoARKoARK4KYJtMC76eNtciVQAiVQAiVQAvdIoAXeC536x48fH968ebNq/cOHDw9v3779sj/nXzYOGnz+/PkxHvq2Ywhwvp8+fXo0Jl/nx3h4GSvEzf08unGfucdLDS5b3wd1Tn1vlDu3J7aXyPncOG5F/t27d1+d9dbZ30rOzaMEro1AC7yHh4ejX86+zPa80LgwvtSy4DvyIpkf8bTAO4YsLPmcW9C9f//+US/1KYpe61y4Y/h+zWJn7/dhr9y5J/gtcj43xmuSp7jjDq0V85nLvO/ee/vXuvcZU8clcC8EWuA9PDz4EKI/qlm07bXXX/DWSfFCucTGS+qcAg/5WcT7sjzHznNZEMcRBd4552Lxdir2c783p+y5D/cjctbea/U8ky6xCOLs9xR4cCJ+7tzMA/3XvPevdWb1UwKXQuBiC7xff/314a/+6q++/Nrx/fffP/z2228vws2HFQ+ho9q5L6oWeMvk4TiLomXJ11/lvux9QfmXiKUoyfE1i48jCry9BZv57pU/93uj/VP9NRZ4a4XRqVxfY99n5h5fl5zHnvgrUwLXSuBiCzweILyI8vPzzz8fzpkXCi8fH0LzReuLyZ548pc+X9zG6d9SfVHZs5+20SNH2yzwmGuTHv9LLe1PH+bEuvaMby3u9MFL0Rj077ngd8u3sehnFmnaQU7b6ZuxMRuD8WhL/87NV5/q0bPnvnN8oIuf9DXjyLk2lTd2+rSbOvolruc0mGFD3/ijzTlrxpPx6ps12NE8BxnKVD3l1KWfMvinpV3mGYMxPgrGr+b6gRFN24zlhow+1KdP+0sy5MQ6zBibiz707Xrazjukb3NgL2PTh/qeU/oxP2TS9pLvpdzMBV/YSv/aRiZtz/y0oU9kiTU5Ml5r3hV6PnJBHl/anfrGapzso5vzqdN5CZTA8wlcbIHnwyl7fsU7uvGQs/HQyrkPJmLg4UjzYcjDzH31fcAyZx897TlH3xcF/mys6YM1dH0A+kBVNnt0fCjjSxvGpg32tOmedjJu1+zngxxfPsjXfLOOLz7K5phcM3dlWZ9tcplz7JuzdmSOLc9LDuZOTwzq6BtbjmcsyMoaGefaZK6f1DUGWeTe3rHnhw/jk3POHZOb/oxVX9hgz7hdp8emOeZ9ShnG6GPHZiz6NGf3Zc18+kXXM0u7xO26drLfyhGbxqJN53tzxD8+shkPvay1T16sw4WPsthwjCz+bYxT1nV6GXqn5lyO9PJN29jAtnkzZ5+5d4J9cyRGxxkHY9bN1zicm0P6SX3jxFd+zCtlOy6BEjiOwMUWeD408oHwww8/HJf57w9QH1IY5gGFv2w+zPJhxMPOB3bKsub6kq18SM6HKXHMh7O22Vt78CpDj09toGMs7PmQzTzUzbhds5/5p01l6NM3cziyZiMu59Mf8zwHdegnlzlPv+ZIzLYZvzJyIK70nWekDXr8zDMgR31NP6nrnvnn3jlj/Cf/U3Nt6985cWPHu+L67JPt0t78ruSZzzOdMaQ9ZM0Ln8aX55LyS+O0z3jmlvcv9bdyRC5zQhbbs807Nc8l8yOnvEfMzX3aNSfv6pxPv/Muz/iZJwf8zlhybjz6cU6PXJ5Pcko5xuqbB2vo5nzqdF4CJfB8Ahdb4PFv8L777rvHBywPDx4oR/8bPB5w2J4fHuS2+VBlPR/YzH2AYceHtS8q7dDnQ3Hp4TpfSugY29KDN22ji6w20hdyxpgPVdcy7rTpOG2Zn3v00zdr2EyOyDiXqTbYW7LLPi8Cc1qaY9N988G+TV/mrYxzdPNFlblqg574ZozkqK/pJ3X1mX5yf++Y2DKGU3PsIkOcfGzOM3737OHCvmxdt1+638h7xug5Rkc+6tPLBT3z0u6W77TBeOYIZ9ayzXjYO5UjMmnLGNMua8TKxzs1zwUZdc05ZWes2peZsnM+bZHPvGPEleeQHIgpfWeuxkCPPnrZ0Etf00/Kzjhzr+MSKIGXI3CxBZ4p81Cj2HuJ5kM3bfPgyofefKgii54PNx5sPvxY16YvqrR96uGqHXQYY5u29uBlj1iR4yGaD2LWjQW5+ZBdi/vR4fjDXOjhYVvzzT72kbdl7qypm3Eomz25J5c5z5zNMWOc56cMPQ3bniVz4sq5scCSvWzErq/pJ+UYm+9cZ47uks8pi4080605csZnbNrzbPDJOJtxwifZpgxj9qaudtmfXJdi8FyJ1bzSLvuuT//M13IkL22rxxzbtL05Iut9QTfPSHasK+OdmueS+WHTuOE1GT4G+PsfMtPunE+/5JgxYibPhHlyIA5itaGbc9fzTFxDLn1NP8rRzzhzb8lf7ndcAiXwdAIXX+A9PbVtTR5uPjhT0oeoL4M5z4cVMvki8UHOug9FfSzJ5sONh6W29GlcPnixkS1jYV0f6P/4449fPdyx4QuFPX2hl3Gn/Rwjnzpbvt3LeNF1TiyO08fS2JzYUy9fithlTq9f8rfNNXKVA3voYdc2X1yueybKEpd22HMfm0vNODJ25NDLe7Ck6xpyxG/bmuMH27SMzbH8yV+bxmgOskfHNX1rh7lM8Kld1jKG5K5dbbHHh3U+MtIH/VJL+8oSpzbMyz3k/V6Yj7Eg49r0Zey5Dzd0aaxjm561eS7mhyz78pp+5jztouNcHsal73mXsZdr+EaWD2P08+7hI+cZDzruGQdr5qLN1HGsPH02dImhrQRK4GUI3GWBx0OPBxIfH5bg9UHkHg80Xw6MXU8d1+i160MvH6js2fLBjF3ktaOcttLu0sMw41KHNVra1acPWf2lfeM2zuzZm/trvtM2DIyLdebJJWWNLf3mmbie9oiJecphM8/I3FlHnh75aSfzmbniO+PWJn68I+aylIexpw/kPSv2tYmf2VIPuVNzbeHDPO2NEz9ph7hzrjxrS007k73xZwyOtaPuVnxpdykGbU4b+MgzQZdcjOucHLU1/XuP0jfjtE18GSPjjAt5P6wvNc/A/bRnDHBSDnt5d8lZH+jKIe0Qs7aQnbkSV54FNtRhT/v0MjaX9JNyjpXHJp+2EiiB4wjcZYF3Dj4fyDzg7rnxAjiKQb6Akunaesrcw5iXYtvlEOAZYCHy3Kiws/Q96t1/Ltnql0AJTAIt8CaRMW+B93dAlv5WP1DtmvpLwHzJHVlA7grkAoVgwC8bbZdF4Ki7T1acr7/GmSVF31xzr30JlEAJPJVAC7wNchZ3/ueEWZRsqN7ElgXH0UVH2pUta20lcCkE8rt/ZPFFMeedt+8vtpdy6o2jBG6LQAu82zrPZlMCJVACJVACJVACDy3weglKoARKoARKoARK4MYItMC7sQNtOiVQAiVQAiVQAiXQAq93oARKoARKoARKoARujEALvBs70KZTAiVQAiVQAiVQAi3wegdKoARKoARKoARK4MYItMC7sQNtOiVQAiVQAiVQAiXQAq93oARKoARKoARKoARujEALvBs70KZTAiVQAiVQAiVQAi3wegdKoARKoARKoARK4MYItMC7sQNtOiVQAiVQAiVQAiXQAq93oARKoARKoARKoARujEALvBs70KZTAiVQAiVQAiVQAi3wegdKoARKoARKoARK4MYItMC7sQNtOiVQAiVQAiVQAiXQAq93oARKoARKoARKoARujEALvBs70KZTAiVQAiVQAiVQAi3wegdKoARKoARKoARK4MYItMC7sQNtOiVQAiVQAiVQAiXQAq93oARKoARKoARKoARujEALvBs70KZTAiVQAiVQAiVQAi3wegdKoARKoARKoARK4MYItMC7sQNtOiVQAiVQAiVQAiXQAu+gO/Dx48eHN2/e7Lb24cOHh7dv367KY+vTp0+r+2ywj9znz5835S59Exbv3r37Eibj9+/ff5l3UAIlUAIlUAIlcB6BuyzwLMYojpY+WWych/MYaWPaKvAo6pS75gKP4o489jBX1rxnfwz9WimBEiiBEiiB6ydwtwUexYKNQsFiimJpT7FBkchnb8OfPvboZExr8uf+gnduDGt+j14nrj3M9bvEpr/4Sad9CZRACZRACTw8XHSBR7FFEcPnt99+O+y8KMzyV69ZMGTxt+aU/7x6ToE3fazZdX2P/LkF3h6b+n/N/ogC7zXjra8SKIESKIESuHQCF1vg/fLLLw/ffffdl/8MSUGVRdmRYJcKH9b4WMTh37l79P47OooUxxkbMae8v1Txi5Nj5ZXDFmMKOJpz912fBZ7789esGYO5pA91tU1s2HHdnlho7LPmnB676Ut2jwrjj8yJcbLAjnaH2uMUv8aJv5nvkk7XSqAESqAESuCeCFxsgZdFiMXFDz/88CJnkwVDOmA9ixRicp57rDFnf6lZ9FiUWNxkUZMxuK88e9igoaMe++4Rg+t7YpgxoWMMWdilrVl44Y9YzR99GbDuOG0wZi9jRc85PXNk1hr7+WmBt0aq6yVQAiVQAvdK4GILvHyBO/7+++9f5JywbzGVDli3oGOdgsX53NsqaJaKKYoSi5ql4mwtpiyOLPCwdarImTHMOfmlT2KbNtcKPHRn/uS0VuCxnrwzJzmzttYyTmRmnGt6XS+BEiiBEiiBeyFwsQWev+TwMvfz888/v8i5zIJBJ6xb0LH2UgXeUoG2FJMcLAwt8Fw37qV+FnRzjk76fKkCT7/0tucWeNppXwIlUAIlUAIl8HcELrbA439UwS92FB38W7ytX3See5hZ2KQt1l+rwLNo03/GRGHJnJbFkAUexRL604a26C2s/OVszpFJny9d4BnHzIk5+W6dd8aJfFsJlEAJlEAJlMDXBC62wPs6zJedrRUMWWhQ6CHHx//8SG8hQo/8WtOH8vxqZ0FmoeZe+vrpp5++FHfYRgY9ZNSjWLNgY32tzRjMRbvMlVkq8HJN38gTE5/MnzhynjFhBz0bcsxZpzGXhTLZG2OudVwCJVACJVACJfD3BO66wKOIoFjwY4Ehniy0KMgoPCygmKNncaONU0UN+uqio8/piz1/5bIAYs2xvX4t8JQxh+wtrMwh83eMT+WwRay2LOqQ4bOUf+ayxiPjxwe2aLmO7WzGaM7qpEzHJVACJVACJVACF/5/B68HVAIlUAIlUAIlUAIlcD6Bu/4F73xc1SiBEiiBEiiBEiiByyfQAu/yz6gRlkAJlEAJlEAJlMBZBFrgnYWrwiVQAiVQAiVQAiVw+QRa4F3+GTXCEiiBEiiBEiiBEjiLQAu8s3BVuARKoARKoARKoAQun0ALvMs/o0ZYAiVQAiVQAiVQAmcRaIF3Fq4Kl0AJlEAJlEAJlMDlE2iBd/ln1AhLoARKoARKoARK4CwCLfDOwlXhEiiBEiiBEiiBErh8Ai3wLv+MGmEJlEAJlEAJlEAJnEWgBd5ZuCpcAiVQAiVQAiVQApdPoAXe5Z9RIyyBEiiBEiiBEiiBswi0wDsLV4VLoARKoARKoARK4PIJtMC7/DNqhCVQAiVQAiVQAiVwFoEWeGfhqnAJlEAJlEAJlEAJXD6BFniXf0aNsARKoARKoARKoATOItAC7yxcFS6BEiiBEiiBEiiByyfQAu/yz6gRlkAJlEAJlEAJlMBZBFrgnYWrwiVQAiVQAiVQAiVwuW3hFgAAFGJJREFU+QRa4F3+GTXCEiiBEiiBEiiBEjiLQAu8s3BVuARKoARKoARKoAQun0ALvMs/o0ZYAiVQAiVQAiVQAmcRaIF3Fq4Kl0AJlEAJlEAJlMDlE2iBd/ln1AhLoARKoARKoARK4CwCLfDOwlXhEiiBEiiBEiiBErh8Ai3wLv+MGmEJlEAJlEAJlEAJnEWgBd5ZuPYLf/z48eHNmzerCh8+fHh4+/btl/05/7Jx0ODz58+P8dC3HUOA8/306dOjMfk6P8bDy1ghbu7n0Y37zD1eanDZ+j6oc+p7o9y5PbG9RM7nxnEr8u/evfvqrLfO/lZybh4lcG0EWuA9PDwc/XL2ZbbnhcaF8aWWBd+RF8n8iKcF3jFkYclnT0HHy1D52b920cEdI4bX9Lv3+7BX7twT/BY5nxvjNcl7n9eK+czl/fv3q3f/pZ536b/jErhnAi3wHh4efAjRH9Us2vba6y9466R4oVxi21vgEbvFS+bBmWNjz4sy9Z47PqrAO+dclvJfyuPc782SjaU1ionXLGqXYnjKGs+kS/xLGWe/9976F8zMw7VzvkNP4VedErhnAhdd4PEQ4MXA57fffnuxc/JhxcPmqHbui6oF3jJ5OF7q3/TPeTmtFTjkdk6htEzpvNUjCry1fNYi2St/7vdmzd9cv8YCzyIoC6OZ17ea+8zc438rD+7ikc/dPfFUpgTuhcDFFni//PLLw3fffffl530e0C/xoOOFwsvHhxDzbL6Y7HkY5S99/vrng8oYfVHZs5+20csX+yzwmGuTHv9LLe1PH+bEuvaMby3u9AFzY9A/Metny7cy+sFWNu0gp+3cZ2zMxmA82tK/c/PVp3r07LnvHB/o4id9zThyrk3ljZ0+7aYOY/dz3bW8F7k/xzAjN33jjzbnrGk749Uea/r0HGQoU/WUU5d+yuCflnaZZwzG+CgYv5rrx3upbeTyvPSh/rSPnSlDTqzDjLG56EPfrqftvEPaNQf2MjZ9qO85pR/zQyZtL/leys1c8IWt9K9tZNL2zE8b+kSWWPOcGK817wo9H7kgjy/tTn1jNc7cl9Gabsp2XAIlcB6Biy3wfBj5kKL/4YcfzstuhzQPORsPrZz7YMI38dB8GPJAcl99H7DMfXBpzzn6vijwZ2NNH6zh0weiD1Rls0fHhzK+tGFs2mBPm+5pJ+N2zX4+yPHlw3jNN+v44qNsjsk1c1c2Xxj6n1zmHPvmrB2ZY8PzkoO50xODOvrGlmNjsEdW1sg41yZz/ahjbxz6s1+TV8/e80PP+OScc8fkJntj1RY22DNu1+mxaY55n1KGMfrYsRmLPs3XfVkzn37R9czSLnG7rp3st3LEprFo0/neHPGPj2zGQy9r7ZMX656tsthwjCz+bYyRd991ehl6R+ZcjvTyTdvY8Ky1yz4xeCfYN0dicKy8PevmaxzOzUG+6thnnK7ZT1uuty+BEng+gYst8HxIZv/9998/P+OwwMPFhxTLPqhD5P/3kGWPh93SA5k115ds5UNyPkyJYz6cjYO9tQevMvT41AY6xsLe1kM24057jH0Ao09Lmymbvllfe7FoI+0wznNIu5PLnKdfcyRm24xfGfOBV/rOM9IGPX7mGZCjvqaf1GXsfq5jExvJIvfnGP8pe2qu/vStT++KcrNPtkt72MnGHB3aPNMZQ+oha17JJM8l5ZfGaZ/xzI25saX+Vo7IZU7IYnu2eafmuWR+5JT3iLm5T7vm5F2d8+l33uUZP/PkgN8ZS86NRz/O6ZHL80lOKcdYffPIfXNKW7nfcQmUwNMJXGyBxwOEh0Z+fv7556dnuqDJAy7tO84XgQ+gfDjlAxuzPsDQ92GNDebZ8qG49HCdLyV0jWnpwZu20UVWG+kLOWPMPFzLuNOm47Rlfu7RT9+sYTM5IuNcptpgb8ku+zz4zWlpjk33zQf7Nn2ZtzLO0c2XS+aqDXrimzGSo76mn9Rl7P5cxzd2jGfu55zYMoZTc3SRwT4fm3N643fPHi7sy9Z1+6X7jbxnjJ5jdJby9yzQMy/tbvk2BvuZI0xZyzbjYe9UjsikLWNMu6wRKx/PcJ4LMuqac8rOWLUvM2XnfNoin7zL2CGuPIfkQEzpO3M1Bnr00cuGXvqaflJ2xpl7nvfaPUzZjkugBM4jcLEFHv+jCn6x48HBv8XLh8l5Ka5L+9BNCR5c+dCbD1Vk0TMe4vPhx7o2fXCl7VMPV+2gwxjbtLUHL3vEihwP0XwQs24syM2H7Frcjw7HH+ZCnw/iNd+oYx95W+bOmroZh7LZk3tymfPM2Rwzxnl+ytDTsO1ZMieunBsLLNnLRuz6mn5SjrH7cx1faWfu5xz/eaZbc+S0O32zDjd9Tx/swyfZpgxj9pDLpl3WJtelGDxXYjWvtMu+6+nH8VqO5KVtZZljmwa3PTki631BN++F7FhXxjs1zyXzw6ZxE8Nk+Bjg73/ITLtzPv2SY8aImTwT5smBOIjVhm7OXc8zcQ259DX9KEc/48w99OZZ5X7HJVACTydwsQXe01Pap8nDzQdnavgQ9WUw5/mwQiYfTj7IWfehqI8l2XyY8rDUlj6NywcvNrJlLKzrA/0ff/zxq4c7NniY8mFPX+hl3Gk/x8inzpZv9zJedJ0Ti+P0sTQ2J/bUIwcbdn1J6Jf8bXONXOXAHvrYtc0Xl+ueibLEpR323MfmUnM/91xLrrk/x8RG/LatObFhn6YfYnMsf3xrU1bmIHt0XNO3dpjLBJ/aZS1jSO7a1RZ7fFjngx5NH/RLLe0rS5zaMC/3kPd7YT7Ggoxr05ex5z7c0KWxjm161ua5mB+y7Mtr+pnztIuOc3kYl77nXcZeruEbWT6M0SdWGz5y7jo9Ou4ZB2vmos3Ucaw8vc019HLd/fYlUALPJ3CXBR4PPR4sfHxYgjIfOuzxQPPlwHhJxzV67frQywcqe7Z8MGMXee0op620i95sGZc6rNHSrj59mOov7Rv39KGtub/mO23DwLhYZ55cUtbY0n+eietpj5iYpxw281zNnXWZID/tZD4zV3xn3NrEj3fEXGYeaVcZe2KwaRM/s6UN5E7NtYUf87TXN37SDnHnXHnWlpp2Jnvjzxgca0fdrfjS7lIM2pw28JFngi65GNc5OWpr+vcepW/GaZv4MkbGGRfyflhfap6B+2nPGOCkHPby7pKzPtCVQ9ohZm0hO3MlrjwLbKjDnvbpZWwu6Sfl1vyo174ESuD5BO6ywDsHmw9kHnD33HgBHMUgX0DJdG09Ze5hzEux7XII8AyYhctTo8PO0veod/+pRKtXAiWwRqAF3hqZ39db4P0diKW/1Z9At7jtLwHzJXdkAbno+AoWYcAvG22XReCou09WnK+/xpklRd9cc699CZRACTyVQAu8DXIWd/6nhVmUbKjexJYFx9FFR9qVLWttJXApBPK7f2TxRTHnnbfvL7aXcuqNowRui0ALvNs6z2ZTAiVQAiVQAiVQAg8t8HoJSqAESqAESqAESuDGCLTAu7EDbTolUAIlUAIlUAIl0AKvd6AESqAESqAESqAEboxAC7wbO9CmUwIlUAIlUAIlUAIt8HoHSqAESqAESqAESuDGCLTAu7EDbTolUAIlUAIlUAIl0AKvd6AESqAESqAESqAEboxAC7wbO9CmUwIlUAIlUAIlUAIt8HoHSqAESqAESqAESuDGCLTAu7EDbTolUAIlUAIlUAIl0AKvd6AESqAESqAESqAEboxAC7wbO9CmUwIlUAIlUAIlUAIt8HoHSqAESqAESqAESuDGCLTAu7EDbTolUAIlUAIlUAIl0AKvd6AESqAESqAESqAEboxAC7wbO9CmUwIlUAIlUAIlUAIt8HoHSqAESqAESqAESuDGCLTAu7EDbTolUAIlUAIlUAIl0AKvd6AESqAESqAESqAEboxAC7wbO9CmUwIlUAIlUAIlUAIt8HoHSqAESqAESqAESuDGCLTAu7EDbTolUAIlUAIlUAIl0AKvd6AESqAESqAESqAEboxAC7yDDvTjx48Pb9682W3tw4cPD2/fvl2Vx9anT59W99lgH7nPnz9vyl36JizevXv3JUzG79+//zLvYB8B7mDeKRgm131WKlUCJVACJXALBO6ywLMYozha+nzrl6IxbRV4FHXKXXOBR3FHHnuYK2ve2d97QeidzgJv7QHlXwySX4637t2aza6XQAmUQAlcFoG7LfAoFmy83HypUSztKTZ4ofLZ2/Cnjz06GdOavC/qvQXeuTGs+T16nbj2MNfvZCOHc2xoi/6pemnjEsbcxz0FnrGSd34PWMfGOfdUW+1LoARKoAQui8BFF3i//PLL4wuIl9Cvv/56GDleYlkUzYJhvvSWHPMiPafAmz6WbObaHnkLm8wlbczxHptT5zXmzy3wiJFf8Mjv3Hau73Ptv6b8EQXea8ZbXyVQAiVQAi9H4GILPF68vLDzc2SRl0iXCh/9WsRR0LHG3D16fzEhXsdpm+Ir5f21aOnfRyln7v6S4tx912eB5/78z5UzBnNBXlvqOidOiyb36ImFxn7OzT99yS55OM6cGMuFfeLTj/LZ49c4XWdt5u0efebsOc38sMkHW36Mw7k5ac95+mKMPHvK6VNuxmoMztFBVxuMjWH6YK68cvphzzNc0nM/becZrOl0vQRKoARK4DoIXGyB99133315yfLy4uNL8Gi02J4FAz5Yzxc4L0/nuedLNl+uGaNFjz54qaKfL9SMwX3l2cMGDR31LEbYIwbX07fjGcOcI2cMFh3Ms5HfLAiYmz/yMmDdcdpgzF7Gip5zeubpZ+qzPz+ey5RlnmzMW3ly1TeyjN0jBvzYGLvHGvnlXDnWjQ9/NObeX3w4Zo8xH89TXfawz3ypsZeMGTvHXvpc0pe1/tRdku1aCZRACZTAdRG42ALPl07233///YvQxYfFVDpgPV/gvACdz72tgsaiIn3wArawwKZj/a/FlMWRBYEFgrpL/YxhztFJn7MIYZ/8s/BCxvnMfxYfGRN2kkXmtOQndRlnnMzNZW+BkueY5zD9yNf1eeZpRxn7KZt8Jts8P7iha5sxuE6PHe8j88l8+kld9T0/5sTRVgIlUAIlcBsELrbA++GHHx5fdLzs+PCLHv8m7yUa9rPg0Afr+QLNF/rcyxe4+vYWIOkjC4t8wauzFBNrfHhx03z5u67uUj9jmHN00udScUD+WRAg43zmP4sNY9IvvQ1dc2Jt+lHOPuN0TRZ5Xu7Zsycr5fIclKMnHmVdZ64ea3kflLGfsughT5ts8/yNUTvm5Tx7fOSdSh9LflLXfc9v7nVeAiVQAiVw3QQutsAD688///z4MuSXu5cq7vAzX5Qe6XxJ5wt97s0CRxv0FjX5Ms7CIsfqZUz4ZU7LYsiXP/YpGrJI0o79jGHOkUufswhhnziyIEDG+cx/FhtrcbCeOS35Udc+43RNFsbjOr17cKblOU72zLWvnrZYJy9b2nHNfsqi5/lMtvg0NuTQtc0YXKdf8kFMtunHdfs8P9fal0AJlEAJ3AaBiy7wXgsxL0pepLNlQeOL15eqL3cLilngTFv6UD4LC1/i7qWvn3766asXPjK8mJFRj2LNgo31tTZjMBfksctcmaXiINf0jTy6fLK4II6cZ0zYQc+GHHPWacyxt9aMMfdZ4wOH2bKAYg/7xMcHP/hFj3naNkf2GGdcyiLPeDbWLdrSJ+M8e89Nee1qzxicZ48d9MxZrsRJY54xpK77W5ynfOclUAIlUALXQ+CuCzxebrwg/VhgeHy+bH35Whiw78sVG2nHl6s27H35YlNd7Opz+mKPlzsNm8bo2N71LBT2xIDdjNsxPo0V21kgWGywjgyfpfwzl7VYMn58yCHXsZ3NGM159hY6qcM440ZHH6y7Z5x5Nsq5l3khxzprS01Gxpi5zLPCFp+0j56xaWPJzzwrY53rqTvtYr+tBEqgBErgtgjcdYF3W0fZbC6JAEXTWvF3SXE2lhIogRIogdsk0ALvNs+1WX1jAi3wvvEB1H0JlEAJ3DmBFnh3fgGa/vEE/E+qLfKOZ1uLJVACJVAC+wi0wNvHqVIlUAIlUAIlUAIlcDUEWuBdzVE10BIogRIogRIogRLYR6AF3j5OlSqBEiiBEiiBEiiBqyHQAu9qjqqBlkAJlEAJlEAJlMA+Ai3w9nGqVAmUQAmUQAmUQAlcDYEWeFdzVA20BEqgBEqgBEqgBPYRaIG3j1OlSqAESqAESqAESuBqCLTAu5qjaqAlUAIlUAIlUAIlsI9AC7x9nCpVAiVQAiVQAiVQAldDoAXe1RxVAy2BEiiBEiiBEiiBfQRa4O3jVKkSKIESKIESKIESuBoCLfCu5qgaaAmUQAmUQAmUQAnsI9ACbx+nSpVACZRACZRACZTA1RBogXc1R9VAS6AESqAESqAESmAfgRZ4+zhVqgRKoARKoARKoASuhkALvKs5qgZaAiVQAiVQAiVQAvsItMDbx6lSJVACJVACJVACJXA1BFrgXc1RNdASKIESKIESKIES2EegBd4+TpUqgRIogRIogRIogash0ALvao6qgZZACZRACZRACZTAPgJnF3h/+cv//fA3f/Pf+imD3oHegd6B3oHegd6B3oELvQP/+B//s4c3b/7hw5///F8eKPbobW8YsEhBR/+v/tVfPfyDf/A/PCqg1E8Z9A70DvQO9A70DvQO9A5c3h341//6rx9rtpMF3r/9t/9bC7oWtb0DvQO9A70DvQO9A70DV3IHKPL+838+8Qve58//T3+GvdCfYfufzPtPBnoHegd6B3oHegd6B5buwN/+7d8u/yfa//gf/6/+Z9krqdT7E/nl/UTeM+mZ9A70DvQO9A586zvgL3lf/Ru8/nLXvxEs/Y2ga70XvQO9A70DvQO9A9dzB/glz/b4P7Jw0r4ESqAESqAESqAESuD6CbTAu/4zbAYlUAIlUAIlUAIl8BWBFnhf4eikBEqgBEqgBEqgBK6fwP8HFlvSwliEYh0AAAAASUVORK5CYII=\" data-filename=\"image.png\" style=\"width: 548px;\"></p><p>Apabila tidak ada seorang pun yang turun di C atau E, maka dari pernyataan berikut ini&nbsp; &nbsp; &nbsp; manakah yang benar?<br></p>');
INSERT INTO `soal` (`id_soal`, `id_paket`, `id_topik_tes`, `id_event`, `id_skd`, `soal`) VALUES
(83, 3, 1, 1, 0, '<p><img src=\"data:image/png;base64,iVBORw0KGgoAAAANSUhEUgAAAnoAAAEQCAYAAAAnLdmtAAAgAElEQVR4Ae29PY9k2ZaeVwYtEpDXNgnQIVECAToi5XCGIEQJAuXIaNCT2/+hrOtftH2dctvp/gUFApeg0SAu5LTbzhAoAZTX5pgpPDn95Ly1tM+JiMzIrPh4NxC1v9bns3ecsyq67sy7h7YSKIG7IvDp06eHd+/ePX3uKvkmWwIlUAJ3RuBd5vtf/+tfHv785//STxn0DvQO9A70DvQO9A70DlzpHfjtt9+eyrsvCr1//+//j4d/+k//x4d/8k/+eT9l0DvQO9A70DvQO9A70DtwZXfgP/yH//OxQLfS+6LQo8D7m7/5bw/9Za+/avaX3d6B3oHegd6B3oHegeu5A//pP/354b//9//3sTDn3GzLQo9f9v7RP/rm4d27f9hPGfQO9A70DvQO9A70DvQOXPgd+Jf/8n9+/CWPH+0OFnoI/Yt/8T89/Jt/8788/PVf/6/9lEHvQO9A70DvQO9A70DvwIXegX/37/73x0KcAu/oQo9f8/jPuG0lUAIlUAIlUAIlUAKXS4Dijrqthd7lnlEjK4ESKIESKIESKIFnEWih9yxsVSqBEiiBEiiBEiiByyfQQu+EM3r//v3Dx48fT9C4DFH/j+A+J5pffvnl8f947nN030qHM+FsLrXxf4CYM6AdOotvv/324cOHD8tUDukula5o8fPnz493jTv30vZWd+KUZwIxcb62vbNWpv31ETjn9/Rcd4R76jPorYnyPMt7/9b+6+/h8d/l9T/d/n4T9l40XFRe2K9Z6PFlzP+vBDneevm/5iW2yCOOc7W0mfk5vuSC7aUMMvdTbb1E91RfX0veO0CuL2m+aC/pLvHcIL++8F5yspeve87vKc987sxLn/2+V75Wofdap/acAlKmPmuyf8673e+1dmDM59AzbOqpb39uZv1FL4h6Cba+WHxhnnMZwsXBIZdkvqBYe60LcCggH1yH5I7dx17yJVfys83cXc8e+dTJvUsfe5bPifMlus/x99Y6e3/ROjUWvqfH3KVT7b6kUCOml+ifGus55Yn90MvrnP4O2eIZwn25xHbO7yn3JZ+Xz813Pmefa+ccevDh85Lms4L34qn3QN3U88xOYQ1T/GdDn7Vj80N2fq9YO8VG+t8at9ALMnypeKABedU4WPZfs3FBVi8oC663flHo91w5Yy8v9nwAHcN36pwrtrew4wPlOb5eovscf2+t4wM478dzY+Aerb5Hz7WH3tZ381ibxPTW399jYzskt3ohHdJ5rX3vSb6oX8vXc+ye83t6i4XeOZ7ffJd8Nx3zzshz3Lo/sD72mYFPvhOrO0hcx8a09b0iji37mcux4xZ6v5Piy8kBeQmYzwb8PEAvGgfCh2ZFzxwbOV9diukDna3Lpq0ffvjh0R8+iAcdYzA+Lq0xsLZlc/pnnnmhix2bF5C1tEls+ExdxocaNpK1/LGvPmPnjun1r++VL+NJuzLSlnP0U459z0yGuZ9xy1ubxqK8uXhW05cxkJNjbdira48vY9Cvc+zkvjqwwr55aZs1bSBDU4fcaO7Tu8a6/GXNvvmyn7a3ckNOVvrFjrGwT8sY9KE8suzjgw8MMibkbLmOjm0rl8wBeW3lWBvZpx7j5LZ31tgwH3wkB326jx1b+kNORuyr5101ljnXFr1ngi4fdea698mzyH3W5hzbnoE99jNP89M3NlJ2ymPTXNjzjLQDm6nPms3zSIbu0Wsnbee+YxnYT/kZg3rYJ37iQAc55q6zxidbxurZuK8d9BnLY/pPBurOXlvGxb6ssZu5IqMv5YiBZg702NSuMWjT+aPS4g/tmdtCZHPJu0hvc+2QX+WJf/J275QeO5zHbJ7RsfFM/Tlvofc7ES8OUw4w50LjUgreL6F76HjwyHCAPpjQO7bxBdmS1y6+vQja9aKyTmOeX8Atm+rbT7vkRC407Jmj/lgzrrz88FNW26ueuLCRTdvmwl5+IRiro++VL+0gz4eG3mrOHvLJyYdI6riPX8fE6dhY2XeMP3PRFnvI5D2TtbqPBuIPddVxrm38sGYjJufGpw65zsaecu7pK2PFnzmxLk/PAB3HymrPHN13nd7zMgbn8sCPTb/an7m7rx/mjtFxjD3GfNTBlvuZC/vGhh7j6df46NMn87SLfebIrBp+PTs5eD7opd859mzNC/vGiiz5a3PO2ZtNWfeYJwdiZc4+9vi4L9OcM9ZmyqpPnu4bCzr4oSmHzKohpyz7yMkZJnI1NmQ8D+JRFp+OZa8/9pBNP+4hm3vOiZsPvmyekbGgl3kZF3o05vimoWN8zGfs5ql/59hwrN9Hgwf+QC/9EZN2iMkYYWKMjJOFcarHHNm0O/3MsNIv48lsys+5dwu9/Bj/lJ9z9TPmKXPsHP8rv/pY3a9jbadcC73fHxx5aFxCDmC2vJBe4LwoqeO+F37a2prje0uHGPNiIOcXxgvvxUDWBwbjLZszDvSThXanHPP0jx5fUBs2cu767NOGe17y/AJk3ozNG53pWzv0xi+LvTkxY3t+0J0M984pH1QzF/SwPzkbMzySv+v06uZa+ppcku3cSxs5Tv+wSs4phz3PZ/LPs5+cmG/di8kKf9oyd/zmxxhZy7Z3XsSbNhyjv5fLtIk8uluMYCkjZM3FOJO1a/bGlD2x0abPPGf16ae/qXdorq15LtjNuBwj5zmpuzeHDbro2bgb5ukaPWuur/RSdhVv+lBWO87neeR3a7Jkbjzq28+cWdcWOvLKHhn25ndj8jA3euJNG4yRJy/2sm3dkckgdeZYWVnu5Z/+Zw7Emd8ZZOFpQz7nrtuzn23q595qnAzdN7dp2/3s1d+LMeX3xrDA92z62GI85Q/NW+j9/gWbX5h5GQGZF4oDOHQIyPM5pfEF2NLBH3HZMgYuXT5g8hIy3rKpLXvk8kvoF8B9ev0kI2LJLwk+c576OZ7+2POS5xcAX87TL/LTd9o3fmzS9uZ7MU+Gq3PSNvEhT5u5JLvVmbCm7qOB+EPdWHpkrPzkkmzVRQZeWy3zWsnhCxt8PI/JH5k8+ym7ypt4JivWtJVxzdjNLdfRSz+pT7yr3NDfy2XaRJ7csD2buXjv2DcXZffOOpkpbz995jmnDHLzHDLWaWfOtWUunvfMQzn6eRZ7c78vyWiejb6JzTNb6WUMjNOOeikDF2zysc3zQIZcacZhrOwlW23Qz5xZ01bGlTqM2Zs2mWf8Gcfq3LGzOp+VLLYngxnTnJuH8c59/GCT3jZzYD/vIbJyRid9aMPe/I3bPv0pu9Vrw7NUznPznru+6vGb57KSOWYNOyt/3vHkdIy9LZkWer9/wSYgLhufbHkhV1/KPHh0OSx0pp20Occc7OrSevDpwzVs+EXx4jh3b2Vz+maeOTJPH46NAVkv4uSxeths+dOG+34R8WczL+aMU2f6VofemP1S782JeXJiDd25l+dkvJ4zPfI098wFPeKn4UuWjwsL/q7Tp67reQaTS+4pb/7G53r22snY9K0eMuY0+SMjC+wyR96PZ5E+GU9WrGGbj/5ThzViWO3hM88SGeczXv3Yz9idT5vIyyrjYrzKZXIhHtZWbWWXuGlzL8+ZMfu06W/qHZo/GlnksuLAGjnPs9ibexfzPpCjTIgvz8z8V3rGaq8M/vnYsIFd9pVxb55Hfo+RURd9Pltt5oycZ4QN75P65rXaQ9Z95DPmGS/7yK7OR//KbDEwpq3e3OiJxUac2PQO4M82c0Auz2Tmgbx3QBv23jPn9DLJeHJ/jv1u5r1DJnObOnMOZ/Ode9jNM5v7Ofccco0xTNg7V7v7Qo8DmQcOXC/P1oV0Py8kF5SGzbx0HNixB4+//JJgzws419nTtjn4hUv/qy/+Y6CLP5DNy0fczPWTeRAPsfFh3fwxi52cL1w9Lmlj7uMPuzRjMi51WKdN34+Lv//hOclnb46MeWrDHPCV/InN+cwVHdaQ0abnwRo+aMbiHmvYNC9jsFfXXDKGqausHI0VOexv+XBf1vo2J+fu42fyx7bcyC3vjPqrXlbYpDk3X3xql33H5po2iSFzRsa53JOBtvZySRvqyjd9O8Ym+zb8Zw7MtaOMPXEga+745kObPrHDnnlpA9vEsKU37cy5dvSJfWx6Lnmu8sMXdmx7c+M1Pu3Ss+Z5YQtffFhPuS1+6Ez+rBEbfmn6xx7jeR7oax+/jh+Vd/5AFj/YpWUu+kxbsiM/x5pnnmuM1aWf+bAmH89Hn8gaG2s092Sg370eTnk2+pv5Yps1YjYW7KKbPHPfeIjVPI0FW2nHdXpsZEy5N8czXvZdw++xDVk+6NoYHxsHOuh7FtrQ7lx3/zn9XRd6HMgKah46+14iZb2Afmlc5wD88nnYXEz3vdDM0Z0t41HHXp9TB/vYtRmTc+PBDvbNzfiUyz5jdsx+fgm1lz1jYkmfGVv6ME50tJH7acOxF9+YWHes77Qx450+5xw2U4c1/Rtn6iXTzIVx/q+jmf/pT396ugvMPQvGcMrzx+eqTd8pk3twwR5rNOzjh8/e2SNLXFMmbWvDuLW7OvvMUTl648r49Z1y6NumLc5qxoXsofNCZqU371LaIbf0j42McyufPFPsY4eW61tnnWeG7spn2iGGnDvOvGQ/Y5/zR2fxh7GY5+p7MpkemmtD28TAmi1jMhdZOU959ezxLzfXkoU26B3jEx8ZE3NjzZhmvPqgz9yxnS33sEHLuPCdbcaSe1t6GS/6xIBfWuqYNz15mn/6mGPk+GTLGLXJWq7jl6Z/bcxY0XFPH8mM/Wza82z+8Ic/bOYxZdWx164xTV/u20975G7bs0F++px92sCWuePrue2uC73nQjuH3ksO7Rz+uWj5Ej2Hzdq4DQLci/mgfW5mPOz4zHYu+9Nu59dDwBfhaz2HeEGu7t5zCGFrFect3uND76ZreXccyuOYe3ApNoj1JbG00DvmtM8ow5eECv5rNvzf4gPqazK9Jd88UFYvtefkyN9OeUlm4+U713K/4/sg8NqF3qFfY06hzDNzFo3nLCRPieW1ZMmHPA9998/J9TVyOTaPPd8wgMVLnlPnsEGMfk/m/duLf+610JtEOi+BOyTgQ+mlD7eJzocUdv1c+oti5tD5+QnMe3GouDg2Al/y3LVz2cR32vUev+QXlmPzuRQ5f6Ag97brI9BC7/rOrBGXQAmUQAmUQAmUwFEEWugdhalCJVACJVACJVACJXB9BFroXd+ZNeISKIESKIESKIESOIpAC72jMB0vxL9luLd/g8S/VbnWnDmv+T9nP/60K3kuAvk/2vDfC77kHx+fK65rt3NOlv47tZcyOccz0rzO+e/wVnnxXNv6t3j+O8OVXq6di1vanGN5+J055bn2FvHx/SamlzaZv+a5T5anxMy/YYSnbe/+KPMW/V0XehyC/7B21Z96AFxk7Jyz6OEhs4qNtb0CxS/voXj84hySO5VF5UvgWALcY+5fPiCP1a3cPgG48rEA2Jfe3s3nxLbU4Z1zPCN9EZPXa77w97I5lsexcnu+Tt3z2b/3ftDm14hP36f2b3Xuz/3OXPJz7K4LPS6aF31eOgqs5zxEeJCds9AjLi/4jGfrb5qZy6FLayEJh7bbJ3Duu3kuYjwkjy30uKvn+HXgXLETy6V+f3x2nCM+C4iXcjvHM9K85jPxpbGd8v2AKc/XQ+1c3A75yX0YH1PoofM14nvu+1Xm5z73ZOfdes53hvtw7HMsfb72uIXekV/WYw/iHA+x6cuL95zLzReKh9fqAYa9FnqT9u3OeQAd+/B/awqnFHrcZb5nl9J4uD/npfAW8fvsOEd85yoIzvGMNK/nPBO3uFtEbO3P9WPlz8Vt+t+bX3Kh95Kzk/k5z31yNL7nfGda6E2aFzL34mQ4FD+nNL5UHDCf+RDjBeZevmQtwPSPzNbF8uJ5uZHDzzENPz5opn1saDv3jJc+C0TzpE9GyOQcPXyyxjjzJua0fygHfKFPfOoxnnPtKEN/TOzEmHL4wqe5Yicb+/rwPHI/x+aPfDIwdvfpadqlz5jk6zmyn761wzoyq5b5aJ+eD82YnHsv0rby7LnPmrEw3jv3GZcs8cHY2I1Fu6mnjrG455wefZoxMldP1nOOvPG7R29L9sppX995Zuiljnvmpm116ZVB13ufPuTjvrrIbjX1MxYZqKMdetkp7/njwzV75BnbzE17rtPn/WNsrsanzowtbaSs9lib9jMPY0LOc135yJzQxz4NHcfMtacMvU1WrPExNm0jN3NQ1z5ltZP+4eY6vc249ImOd8w95PO81NWnvXIZKzZo+naOH9boV1z1oc2MhTXPhDH+0qe5aINefffQ45O+XaM3ztRzX65zbgzJI+1vnbN8kvG8P5nLW477i14UEB44/bGNy+JDCx10nXPgjvPy+OVIWS6PstO3uhmfl3TKzrkXlAvnWBn9YdcvBHaV88tBTwzKGz92kEVfnfzieuHZd4wNY9d++jc2enTY46Nv/eXc8amxm4f69Pozxvyi4ts880zMLWNHX7usY4dP6umDfcbalgu9+RKX+9h1jG/s2hinrOv6SFn5KqNf5nLQD2vukwPNXOj1i548cvyoEH8gr5xx0GsTXf2E2uMQ3WSHrI115/R+sGX8rOWcccavX+TMn330aawxpyGLnHuPi/GHPmPpyebWmcsDu/pB1vG06b3N+6Y/41PXufzwYZOd9tnzjJAxLpk4R55P+mfsHLuOsYNd59gyFu3J37jojds99LDjPMf6Voc9981NvfShf9ewg57xqTv3Mz734D05sYct15W1177xsp4xse85smdsmad54UfZZKyv7PVhXM7xp23GNvy65znij/VVIw72sEtDl7mxzrk+3U+bKYs9/SuTMRiT9thz3xznHDvKy8859hzrDxm5sYY985z3R52v0bfQW/yn2zy4Q4fCQXP5bFyGefncQ9ZLgI+U29PzctHT6JE/ppmLF1sbzI2by+l42nTPGFZy5KEf9POyM8+8c+zeyqZxkCc6tkNz5eiPiX2eA76SLbk5zzH2mXue6Td9u06OxuPYs1Ame2VZm3yJWd7Exr6NuXuu2bOXLL0T7hsX89V5u2/cyjjfO3d90GMn42CNuSynn9RV1jMxB3znBxvGx5h2aD7jn7yMA5/GP20qk32eH/LGnjKM8W+s03f6zDF6zPMOpN1VfNhGHr1k5pgY3EtbqzXsYI87p3726MPKvJjrP20zNlb62fTh+iFZeeCXeLS5p7fKj9jxTSNHx8y1bUzZI+v3ULtTP+UdK+t8z4fskVXOPImT2D1n7a366RMZbcsL+zZ4Ml/tKTN7dPBDm7HOuXbNJW0pm3zdN4+8f8aqnjb35vpHxgZP75Rr9DOOzJP9vD+p99bjFnqLQu/YQ/BCeHnQW12IvIBedi5IXpyVnnGs/Lh3qMePjUvn3J49vwzK0ROPXxgvfK4xtpHHtGeeyODXeeZpXu7pjx4dGvKOj5kro61DsRN3ngO+Zm7OiTNjwYd7j8H+/od56ds95LHBOuO8N8pgb8Y++RKzvPWlLWQzH+3SYzvjJxZ82YyLuXYzB/f1pYxz89Mevjxb1+iJY8aYstNP6jJGVu7zTFLW+Mzh0HzGv7KNb+ToadNm+ndsPsyJW17us4ZNPsbKmj6Qm7GkLHchZbVLv4oP2/CfNlOPPXxkW61hB3t5J1NH/5mz/lMOfRmkrDL6cb6yy542vF+y1+aWHrqr/OBKvDTGyNi07Zxe+8Thd1S7rG2dkzaUdb7y4Rr2jM0182R9stDm7KdP9uVtPti3Ydd5+jEW5bJHR3Yz1jnXp7mkHWXNLfewv8VXPW3uzfWPjI3cvFOsKUMcnjPrmSfzvD/a+hp9C72dQi8PdnU4HvbWhfAyeRHyQcFa2p8XKf3ph/7Upm/0/ELT+6VjnctpDsr4pc09fSujDfJIP6vLrqz+kOGTetrPnjjyy7s3N65TYp/nML+Y5KY94mLf2PP8MmbGyKSea3D2XuR57sU++RJzcmNsTPRbbbLTp/LGxdw7571gzX3jVsY5vvOc877rg37GwVrKTj+pq6xsZw7ss4YN4zOHQ/MZP3Y8Y3r2scE68dKmzcfFxR/IE3Oem7GbC/aNdTJKn5hnH3k/xLFqq/i8P/pPPdaIYWsPf9k8N2zKyn3WVv6JXVnzwJ+yq1yQT3ZTljiMLe2TC+vanHrGSr/K2XNjP8fMta0N/CBDkzHjtMt+5qGufcqylj6MXXb05Jpy5sm6sRCXcvrJfvpkD13W9UkcNuzlnHVt0K8aOu6Zk7HOuT7dT3spS/6yyBhSHp/opB77e3P9I2PL89w6Z2QzT+Zw3GOv/dfuW+htFHoc7DEHxEXjcG0cLHPW83Kw75eHy8deXlJ85Vx79F681cVPudUYP9nykrrOmpeaGDJv93744Ycv4sOuX1xzTXvusWbejJE9JQ9iQd+2N39O7PMc8JX5p01k5WQ8Wz2ysDNXeGCLNh8yrKUf5nJXD3s2xs7Zz3iVWfXIyhKdGQcx4Ne4jUFb3kMZmGPK48OW5+4avXbMwTiwg75z2aUuY1khqy3Zup9+jFfZrTn+jQl941fPeOSIHfcY750DOuaHbZp5/D794syx5Vmxr0/G+Mo41V/1xoc+zbm5ENOKnfGmTdfUnTFhKxlol549G3npV8YzNuNVR9+u4wcbfNxTlj18sg4rZIx55q8OvbKMzYP4HOsTOVref3zlebHHh/WMTx/aeDQUf6Qsy8ozNi/FyZE1dJQzT9aNR5vuqW8/95mri4yMGcvANc+YPfPVbvbKs5ZngD3nMkmuM+bMUz3iteEnY3Kcesjuzadd5/STTZ4zdjNP5nl/jPFr9Hdd6HEJOJitD5fBQ86LPw+KPW1w8PNyuaecPevI5pdHXX3kpUeeeTYvLDay+eXVN3I05JRNv8Yy9Yz1L3/5y2Os2jNOetdmrH4p3Gc+ZdjDx6plfMgcmp8ae8ZCHuZKTPjK3Jinf3Oi32rTPnKel/rcL9pW7BkT9tIm42lPu553xuZdzphnjuylHPO0lf7lMeVX555xMM64ZY9erhvL1NUvsdCmf2zMtcl3zvU7eeg71z0T1mjuYXOvJXfkZgzaTcaspRzzmRt2+Wz5n/LMbXMPDulvL2ZiybanZ27YIz/ZeZasp0zadZyyMjKX1HVsj20+nrFzdbVPn3upj2+afpFzrL669Orau5e8ZaD+5LeKVzvpwzjc++Mf//iUB/7TDrKrlr7RyZbcHWOTXLz7+J75aMO46PFDkwt2aJmDPub5ZB7YSpbGnGvIoDP1MldjoveDjWmHuU05evMwZvfw4R5r7BsH47dud13onQKbw8nDPkW3sn9PYHXJ/TL+vdRljlaxcyd8eH2NqPG9uperWL9GfNfkkwfya57l1kv2VEZb35ee+akkK18C90Gghd4R52xFfoRoRXYI+LecKXKuF+C0e865fxubNr927NxNYssG57mW+x2vCbxmoUcRdq4z4ZeCWZBie66ts+xqCZTAvRFooXdvJ/6V882f+nmxrgqVrxzipvv8zwvG/rVfrvg3FvuvXXxuArzgDdnRn/NMtXvOX9so6rRrv/WfzS4YeUMrgRJ4IwIt9N4IdN2UQAmUQAmUQAmUwFsTaKH31sTrrwRKoARKoARKoATeiEALvTcCXTclUAIlUAIlUAIl8NYEWug9kzj/5sZ/H3POf3/zzHC+UPPfbX2xGBP+Ddex/6aHHM/5b5YijKsb8r9uhcc5/lE9d8b/kwCngDhnDKf4PVfep/g8p+ypvE/5jvhv5lb/6+dz5HCqfe7VS59J3rNjcjrW3ylMT+V26vmean/K7z1jZXeO5wR+8xm853fG2HkJSOCuCz2/NHyR+Bz74kXPf/DOAwbda2nGe2yhdy15vUWc3pOXPsC9d8fet7fIbc/HufLe8/Gae9fG+zVZHGPbQoVzP1To+T+uOlRYvuZz59LO97W+Lxb82G8rgVMI3HWhJyheuDwsjm0UeYcebMfa+hpyr/k366+Rz1v59AX40kKPeLk/5yr03qJo5+Vyjrzf6qymn0O8+U4cKmqmzb35W5zJnv+X7nnXj2HCPT7mefiaz51D5/tSHqfoy+41vi8WtafEoyxxcQZt90eghV78vzo69vh5iB/zYDvW3lvLveYD961zeUt/53yAn+vFhJ23KCpuudDzXOnP0d7qTM4R65aNU5i00PuSouwurdDjud9C78uzupdZC71FoeeDiwe2P8NzIfwCu5YvP162rueL17+B8QVjH5uupT3W5txLSDzaZmzTDraxiz6Nccopb498xpix48dmPD6w9Me+8eCLlrLa04e5mz/y6DFnD/vaS5lHw7//oW/2taueuaYNZVA3X+WRMyf20zayW80c9+QzBn0oLwdyzzPKuJClbZ25ssSiPX2y575rng82WcO+enLbyjdtMMa2LeMzZn0Tm/vJU37Ymr7VTZ/6Yu3YuL172tHGFm9ZKG+82HHsHj050MyPuImNPdq0x/5ebtrxPB+NjD/Svj6IL+0ythGLZ+Kafeogl/cjz4f1zNc5a3zSHzmkHXNCjrENNsRtPtOOcvT6o/ccWM8Y0fc8kDMO1qftrZiwmXvaW/nKOPSH3GzGmHmmLvLGmHEqjyzr+NCWvJXBhnvKahMZmnkxn9+LzPNRuH/cNIEWer9/Ifxy5BeCLxrNB4g3ARn3WOOLmV9kvnDI5ENV+7mGXRq20Mm5Y7+kyPnF1lbKoM8+e2nr0cH4g1iJj0Y82mGOrrkx5oNMxs0aTV/qpbyxokfDpj4fF37nxph1c5KFMtkbQ67JHT3HytFrj9j0n/kbJz2NPWSTif6Udc85PmhyYaxfY2HPHN3XDj61wR5yxqoP1hxjizEtc2G+xRJf6GUcOX40Fn+wR+y0zIU5tvRPXMjy/wuZ3g/75q4sejJQD3n2zxE3/mRKnNiWK717k/eM0ztAb8vYWTM/dfFlO/ZMiEke2E9/2pr2PQv8eUfSH6JOPYEAACAASURBVHbY06527Lc4kw96nhU2c55jbOgbu/iUM37d06axaNM86R0bHz162jBf1/FlQ9e5csbhHFuHYjIG45Uf69rDhgwc69t47LXjvnNtYcdmnHnO8kIGWT7s0/TNGF1jf9z8XT71icE5TKe8eu1vm0ALvVHocdx8OfxSMucLsjX3S0xv88vImmP36OfaoXnq5heXBwC6sxGrD5m5x5wvuw/SuZ+5mtvqIYOeDyfGU5a1fEA5N1567bJnS5uuZZ8PK3zmuaRc+p75omP+0x/zLXarHLXlGeI3P9hzL+PzjIhDJrmf4zxz4yUW2swt9ZR1jbjSV9pVhh4Z+bguT21mjtp1z9jk5VwbadM91+i145r2nW/F7b49OXg/9njrL2NBN1+K6Oc8OTImRtuxZ2JM6m31h+xjJ89r8tqya97sz/zm2aWN6Y/zYG3V8qwml2lHfX0TXzbkyW1+kGcPX9nS99Z63hFkmOfZqmdM9LSVvymb8ZurZzlzQNY97dDrV1vKwBKbs82zTwbzTk/dzm+XQAu9FxZ6fAH5cvkA4Krkl9MvZl6huXZojq4y+UXOtXwJ7T2EsDUfuKyZB/Z9gGQeGQNjmjqMpyxr2PIBxdyHHeOMlzmNBxE6fLZa+sReckeHNW3oe+abcaCTD0P1V/5XOWqLs5gvGm14Ts7p9UOs5L1q6iHDmGb+5j1z086KZdpBLvNWjx6b83zQxbf+U96xe8YmL+dpV1n6bC+JWzvaJmY40/Z4K2+cyBNHMpi5eB7Iek6Pjja+X9okJj42zsC19O8+/SH73kF1sJfxuZ795MxcVsjNfNU1VuRt5JC6rBtzxgLP1Jtxa4+ePX1p+5D8/P7N+72KibXUw6f+jIe4jcUzQib1lKWXXd5tY5/+Us/4cm3aUoZ4Vv5ZR8aWDGCfd1qZ9rdPoIXe4oXHlyO/7PMhmHO/iPnlco3eL2Zepbm2N/cl5Bc0v7jaVMaY9x5C6OQD11h9AK9y84E149QvNrWjLGs8dHKuDHaM1XiUTZvsrZrnIxNkjE272mMv82WOjPmmLjqpx14248+csM1H/ynPGrKrvTwjfBo3+jIwvzxz94iFNnNjbg7KGhPrxGJLu67RT5usTZv6Z88c9eeevOYcW3wy53PErT/PNu/yMbyNk5zQJaZs2oNhys7znfz2ctM+tmGyaofskxv6NuzkObtOvxXLzFeW5sldMb7pz+8j9r0Dsss7NrlMOxmnY3OnzzN0nzViXO0RL/HsxYQdc0M+OWJTlpPHyp8xKYtfG7nzMR/X6VlDdrU3baUMcctZe8brPPnPM1am/e0TaKH3wkKPK8IXiC+YjYeAX8D8Yro/1/bmPiDU9YuLDmMbPvnQ9h5C7GPTBxqyjtljzBr29x4yyPoAZTxlWYNJPuxYwzfryNtSTpvsT13l5UVvM27n2kQm82U/c8ZP5q/+qjdH/Tqnp+EzbTk23rSZZ+S+dvbOPPlgz1zQ1Y7cUtaxsaPrXcq4GCuLbZp2ZYpe3j3ixb965kGPjvPUmT61nf7T5jFxy0Lb3gl093hnnOaMLnllww45KOOefJwbB3bdgw0tGf3hD3943FcPBqumDff27jMy2EFn1bY4YzP1yIG5a/Q289NHMsFOcmMPOT6H4tY+3PzusIYe+p5T2lfOeLVhjOqnzozJs1HXXjnm+vZMsc/+qikrH+f0NFgaN3PHyCdn9tQ1xpTxLrmHPDERG01ZzxAGfJBPnUfh/nHTBO660MsvAl8GviR8GPPxYeH8j3/849Oea355+bK65kNl2p9fPuSnzJz7Zda28bGePlmnEXPKzttLbO6j74PENe3/8MMPT3Ls/elPf/piPuNSn37uMbcZt3P6jEn/5pNyOcZPtslNO8mIcfJhTsvYHfuwTB+MJy/Pf7VHrjMu5DIG4kxePoiNg95cfvzxxy9ixbe68tpimfaISZusM58t49YmvmzTnnG4PufEmmehnGegD9aNzV7ZQ3HPs1HfXtsZG35pyrCXcbqfeSev5IR9mvaxSdvKjXuQvtLuo+J4WWM/baGbdyltIbuyl/rmbJxpSznvt7IyNJZcR9/c2U/ZlFvFbb70864gb5v2jY/9jH9Px1iwlTrGTD/tqcNe6rC+avMuZpxzjzhW92jKzWdw7ptv2uEMic974J6y9Oa6yqFrt0Pgrgu92znG68nEh9pLI+Yhdo7Gw9IHYdrjYd52XgIrprDnDNpK4GsQWN3JrWfC14ivPkvgHARa6J2DYm0cTcC/TR6tsBDk4UzBeI5GPPNhz4N+rp3D1z3bgOfq7M9VsN8z2+b+PAI8Q1a/aPVOPo9ntS6XQAu9yz2bm4nMByoP1ZcUaOjzOWcRRlGnXfut/xxzMwfylRLJ//wl6/6a95UOo24fCVDUeRftV7/wF1cJXDOBFnrXfHqNvQRKoARKoARKoAR2CLTQ24HTrRIogRIogRIogRK4ZgIt9K759Bp7CZRACZRACZRACewQaKG3A6dbJVACJVACJVACJXDNBFroXfPpNfYSKIESKIESKIES2CHQQm8HTrdKoARKoARKoARK4JoJtNC75tNr7CVQAiVQAiVQAiWwQ6CF3g6cbpVACZRACZRACZTANRNooXfNp9fYS6AESqAESqAESmCHQAu9HTjdKoESKIESKIESKIFrJtBC75pPr7GXQAmUQAmUQAmUwA6BFno7cLpVAiVQAiVQAiVQAtdMoIXeNZ9eYy+BEiiBEiiBEiiBHQIt9HbgdKsESqAESqAESqAErplAC71rPr3GXgIlUAIlUAIlUAI7BFro7cDpVgmUQAmUQAmUQAlcM4EWetd8eo29BEqgBEqgBEqgBHYItNDbgdOtEiiBEiiBEiiBErhmAi30rvn0GnsJlEAJlEAJlEAJ7BBoobcDp1slUAIlUAIlUAIlcM0EWuhd8+k19hIogRIogRIogRLYIdBCbwdOt0qgBEqgBEqgBErgmgm00Lvm02vsJVACJVACJVACJbBDoIXeDpy33Hr37t3DL7/88uiSnvnnz5/fMoSr9fXp06dHXlebwIHAuQd5H2493wM4ul0CJVACJXACgRZ6Dw8P79+/f3yRWmx9+PDhBIQvF8Wvvl9u7b4sWBTD7xabRR75Pafw525//PjxFtE0pxIogRIogSMI3H2hR1GXhd2333579K9DvED9Fe4I1rsib1HonTPe3WTeePNcv3BRSOVdeOM0Nt1Z7J1a6MmFYq+tBEqgBErgPglcfKH322+/PXz//fcPFGB8fvrpp7OeFC9BXojZjn3Zn7M4O6etzCXHb+Ej/b3V2ILmpf5m0f9Se+fSf26hx/fFXzzP9ReSc+VUOyVQAiVQAm9D4OILPV6+FCj5+fnnn89Gx1/wtl6EFhH6Z+6L1zVtMLdo9D8HO18FrD6/tDE2Bn2udFhLf+jZsIPfjG8r3j07MMeHORCXMRqzserb3hjYT9k5V95ckcWfDf959v6apU16Y9AGupk7sdC2eOlrJWPuxEAzFuf6dN24zMF958ZFzMZDv9WUx67sZSDjLV3WkTV/YjDuPZ3ulUAJlEAJ3B6Biy/0fIFm/9133531JNK2L1Md8JK0oOBluXpxK4sdXvA2ZHPuOj2y2vVFzpyP8aS8Y/aNQTvoW1ig634WBBYO+tyyYyzYSRY5p0BZFSkZg/sWQjl3jHwWIMTNXB18Zsu5cbKvX8asp82tPNOuY+JK3Tk3NmwSCx9825I3a+x5FsrToz/PQxv07slfHszNVbupl2NiUX/GlXIdl0AJlEAJ3DaBiy/0vvnmm6eXqi/LfBmf63h4GWrfQmTazhe3L2Ne2jb088XPyzjnyrE2fVgAIMM+82MadoidNl/o2LEgWMWb9tMOfGd8KYufrf0Zw94cGzK3N1728pxlopw9/N1DHn97DbtbMtPnnGPfmPSZvmauh/iTQ94fbWFHP6x5dqcUbsRuU3/lS5n2JVACJVACt0ng4gs9X6i+2CkEfv3111c7DV6y+JrFAH5ZtxBZvTzZJ14bsjl3PQsG19D1RWzO7q16ZNHhY6z0xocOdpyv4kVmZYf4slBI//rc2p8x7M2xYezpgzF7WexkLlNWXsRmvlNmleeUmT7nPM9Nn2lj5poxr/gTr2eediYXdelp00/qMjY2z8o+eU6dzkugBEqgBG6TwMUXemCnsOPlxv8Qw5fduY6Dl+ps+UJnnxclfo95cSNj2yv0pt986fui1k72vvTVp7dYmgXAXrx7dshf+/omF2Kk4WfuKzdj2JtjYxYfzufeiglrFEq5R5zaIKa9PI3Zfvqcc+xqO32qP3NFxsLTOLKwyzPXBv30qy49bfpJXcbGmOvoeH653nEJlEAJlMBtE7iKQu81j2AWBvjihchLer5gfXHzsnaPMS9RGrYcWwhoK3NAh/WVLHvqpo5jdCgEbIxZQ4fewoJ941UWn8a7Z4dCIX0Yr3bUxf5sM4a9uXlqB6YWKbPYwQ/xZ1yOtYOMsdLTjPVx8nsRxZo+XafHNx90+SQHz5sYWE+f2phrnAXy9OobFzqeh/r22jFG4kWWD3YmU/Xo0VEv1xmjT+xtJVACJVAC90Pg7gu9fGn7Ms0XJcWE6764LTDcU55eWewi7968UlMWPYqAXGdtNgsG/RiTPev6TRnsZLxbdtShN090p332Z9GQBQnyh+bYnTIZ5/QxY17xShnizzn2zGN1LrI379RFj3xX94WYbdrHlwVZ2mGduOn9ZPGnneSCT2Sxk+v4yqYcsshly7jYbyuBEiiBErgPAndf6N3HMTfLEiiBEiiBEiiBeyTQQu8eT705l0AJlEAJlEAJ3AWBFnp3ccxNsgRKoARKoARK4B4JtNC7x1NvziVQAiVQAiVQAndBoIXeXRxzkyyBEiiBEiiBErhHAi307vHUm3MJlEAJlEAJlMBdEGihdxfH3CRLoARKoARKoATukUALvXs89eZcAiVQAiVQAiVwFwRa6N3FMTfJEiiBEiiBEiiBeyTQQu8eT705l0AJlEAJlEAJ3AWBFnp3ccxNsgRKoARKoARK4B4JtNC7x1NvziVQAiVQAiVQAndBoIXeXRxzkyyBEiiBEiiBErhHAi307vHUm3MJlEAJlEAJlMBdEGihdxfH3CRLoARKoARKoATukUALvXs89eZcAiVQAiVQAiVwFwRa6N3FMTfJEiiBEiiBEiiBeyTQQu8eT705l0AJlEAJlEAJ3AWBFnp3ccxNsgRKoARKoARK4B4JtNC7x1NvziVQAiVQAiVQAndBoIXeXRxzkyyBEiiBEiiBErhHAi307vHUm3MJlEAJlEAJlMBdEGihdxfH3CRLoARKoARKoATukUALvXs89eZcAiVQAiVQAiVwFwRa6N3FMTfJEiiBEiiBEiiBeyTQQu8eT705l0AJlEAJlEAJ3AWBFnp3ccxNsgRKoARKoARK4B4JtNB75VP/9OnTw7t37za9fPz48eH9+/dP+3P+tHGmwefPnx/joW87DwHO95dffnk0Jl/n5/HwOlaIm/t57sZ95h6vGlz2vg/qHPreKHdqT2yvkfOpcdyK/LfffvvFWe+d/a3k3DxK4NoItNCLEzv3S9qX2jEvNsLw5ZaFX4T34qH5EU8LvRfjfDQASz6nFnYfPnx41Et9iqO3OhfuGL7fsug59vtwrNypJ/g1cj41xmuSp8jjDm0V9ZnLvO/ee/u3uvcZU8clcC8EWujFSfswoj9Xs3g71l5/0dsmxYvlEhsvq1MKPeRnMe9L8xQ7L2VBHOco9E45F4u4Q7Gf+r05ZM99uJ8jZ+29Vc8z6RKLIc7+mEIPTsTPnZt5oP+W9/6tzqx+SuBSCFx8offrr78+/NVf/dXTrx/ffffdw2+//fYq/Hxo8TA6Vzv1hdVCb00ejrM4Wku+/Sr35dgXlX+ZWEVJjm9ZhJyj0Du2cDPfY+VP/d5o/1B/jYXeVoF0KNe32PeZeYyvS87jmPgrUwLXSuDiCz0eJLyQ8vPTTz+dnTcvFl5CPozmC9cXlD3x5C9/vsCN07+1+sKyZz9to0eOtlnoMdcmPf5XLe1PH+bEuvaMbyvu9MHL0Rj077ngd8+3sehnFmvaQU7b6ZuxMRuD8WhL/87NV5/q0bPnvnN8oIuf9DXjyLk2lTd2+rSbOvolrpc0mGFD3/ijzTlrxpPx6ps12NE8BxnKVD3l1KWfMvinpV3mGYMxPgo+PDzmoQ96GNG0zVhu7OtDffq0v5IhJ9Zhxthc9MEeH9fTdt4hfZsDexmbPtT3nNKP+SGTtle+V7mZC76wlf61jUzanvlpQ5/IEmtyZLzVvCv0fOSC/BZH9ozVOFlDN+dbPrteAiXwfAIXX+j5kMqeX/XO3XjY2Xh45dwHFDHwkKT5UORh6b76PmiZ+5DXnnP0fWHgz8aaPljDpw9CH6zKZo+OD2d8acPYtMGeNt3TTsbtmv18oOPLF8WWb9Y9N2WZOybXzF1Z1mebXOYcm+asHZljy/OSg7nTE4M6+saW4xkLsrJGxrk2mesndY3B/HPv2LHnhw/jk3POHZOb/oxVX9hgz7hdp8emOeZ9ShnG6GPHZiz6NGf3Zc18+kXXM0u7xO26drLfyxGbxqJN58fmiH98ZDMeellrn7xYhwsfZbHhGFn82xinrOv0MvROzbkc6eWbtrGBbfNmzj5z7wT75kiMjjMOxqybr3E4N4f0k/rGia/8mFfKdlwCJXA+Ahdf6PnwyAfD999/fz4Cvz9IfVhhmAcV/rL5UMuHEg89H9wpy5rrK1v5sJwPVeKYD2lts7f1AFaGHp/aQMdY2PNhm3mom3G7Zj/zT5vK0Kdv5nBkzUZczqc/5nkO6tBPLnOefs2RmG0zfmXkQFzpO89IG/T4mWdAjvqaflLXPfPPvVPG+E/+h+ba1r9z4saOd8X12Sfb1d78ruSZzzOdMaQ9ZM0Ln8aX55Lyq3HaZzxzy/uX+ns5Ipc5IYvt2eadmueS+ZFT3iPm5j7tmpN3dc6n33mXZ/zMkwN+Zyw5Nx79OKdHLs8nOaUcY/XNgzV0cz51Oi+BEng5gYsv9Pg3et98883jg5aHCA+Wc/8bPR502J4fHui2+XBlPR/czH2QYceHti8s7dDnw3H1kJ0vJ3SMbfUATtvoIquN9IWcMebD1bWMO206Tlvm5x799M0aNpMjMs5lqg32VnbZ54VgTqs5Nt03H+zb9GXeyjhHN19Ymas26IlvxkiO+pp+Ulef6Sf3jx0TW8ZwaI5dZIiTj815xu+ePVzYl63r9qv7jbxnjJ5jdOSjPr1c0DMv7e75ThuMZ45wZi3bjIe9Qzkik7aMMe2yRqx8vFPzXJBR15xTdsaqfZkpO+fTFvnMO0ZceQ7JgZjSd+ZqDPToo5cNvfQ1/aTsjDP3Oi6BEng9Ahdf6Jk6DzeKvtdoPnzTNg+wfPjNhyuy6PmQ4wHnQ5B1bfrCStuHHrLaQYcxtmlbD2D2iBU5Hqb5QGbdWJCbD9utuB8djj/MhR4eti3f7GMfeVvmzpq6GYey2ZN7cpnzzNkcM8Z5fsrQ07DtWTInrpwbCyzZy0bs+pp+Uo6x+c515uiufE5ZbOSZ7s2RMz5j055ng0/G2YwTPsk2ZRizN3W1y/7kuorBcyVW80q77Ls+/TPfypG8tK0ec2zTjs0RWe8LunlGsmNdGe/UPJfMD5vGDa/J8DHA3/+QmXbnfPolx4wRM3kmzJMDcRCrDd2cu55n4hpy6Wv6UY5+xpl7K3+533EJlMDzCVxNoff8FPc1ecj5AE1JH6a+FOY8H1rI5AvFBzrrPhz1sZLNhxwPTW3p07h8AGMjW8bCuj7Q/+GHH754yGPDFwt7+kIv4077OUY+dfZ8u5fxouucWBynj9XYnNhTL1+O2GVOr1/yt801cpUDe+hh1zZfYK57JsoSl3bYcx+bq2YcGTty6OU9WOm6hhzx2/bm+ME2LWNzLH/y16YxmoPs0XFN39phLhN8ape1jCG5a1db7PFhnY+M9EG/amlfWeLUhnm5h7zfC/MxFmRcm76MPffhhi6NdWzTszbPxfyQZV9e08+cp110nMvDuPQ97zL2cg3fyPJhjH7ePXzkPONBxz3jYM1ctJk6jpWnz4YuMbSVQAm8DoG7LvR4+PFg4uNDE8w+kNzjweZLgrHrqeMavXZ9+OWDlT1bPqCxi7x2lNNW2l09FDMudVijpV19+rDVX9o3buPMnr25v+U7bcPAuFhnnlxS1tjSb56J62mPmJinHDbzjMyddeTpkZ92Mp+ZK74zbm3ixztiLqs8jD19IO9Zsa9N/MyWesgdmmsLH+Zpb5z4STvEnXPlWVs17Uz2xp8xONaOunvxpd1VDNqcNvCRZ4IuuRjXKTlqa/r3HqVvxmmb+DJGxhkX8n5YXzXPwP20ZwxwUg57eXfJWR/oyiHtELO2kJ25EleeBTbUYU/79DI2l/STco6VxyafthIogfMRuOtC7xSMPph50N1z40VwLgb5IkqmW+spcw9jXo5tl0OAZ4AFyUujws7qe9S7/1Ky1S+BEpgEWuhNIhvzFnp/B2b1t/wNZLvL/jIwX3bnLCR3A7jgTRjwS0fbZRE4190nK87XX+fMkuJvrrnXvgRKoASeS6CF3hHkLPL8zwyzODnCxFWLWHicu/hIu7Jlra0ELoVAfvfPWYRR1Hnn7fsL7qWceuMogdsi0ELvts6z2ZRACZRACZRACZTAE4EWek8oOiiBEiiBEiiBEiiB2yLQQu+2zrPZlEAJlEAJlEAJlMATgRZ6Tyg6KIESKIESKIESKIHbItBC77bOs9mUQAmUQAmUQAmUwBOBFnpPKDoogRIogRIogRIogdsi0ELvts6z2ZRACZRACZRACZTAE4EWek8oOiiBEiiBEiiBEiiB2yLQQu+2zrPZlEAJlEAJlEAJlMATgRZ6Tyg6KIESKIESKIESKIHbItBC77bOs9mUQAmUQAmUQAmUwBOBFnpPKDoogRIogRIogRIogdsi0ELvts6z2ZRACZRACZRACZTAE4EWek8oOiiBEiiBEiiBEiiB2yLQQu+2zrPZlEAJlEAJlEAJlMATgRZ6Tyg6KIESKIESKIESKIHbItBC77bOs9mUQAmUQAmUQAmUwBOBFnpPKDoogRIogRIogRIogdsi0ELvts6z2ZRACZRACZRACZTAE4EWek8oOiiBEiiBEiiBEiiB2yLQQu+2zrPZlEAJlEAJlEAJlMATgRZ6Tyg6KIESKIESKIESKIHbItBC77bOs9mUQAmUQAmUQAmUwBOBFnpPKM4z+PTp08O7d++ONvbx48eH9+/fb8pj65dfftncZ4N95D5//rwrd+mbsPj222+fwmT84cOHp3kHJVACJVACJVACpxG460LPoowiafXJouM0rOeRNqa9Qo/iTrlrLvQo8sjjGObKmvfsz0O/VkqgBEqgBErg+gncfaFH0WCjYLCoomg6puigWORzbMOfPo7RyZi25E/9Re/UGLb8nnuduI5hrt8Vm/4CKJ32JVACJVACJfDwcBWFHkUXxQyf33777WznRoGWv4LNwiGLwC2n/GfXUwq96WPLruvHyJ9a6B1jU/9v2Z+j0HvLeOurBEqgBEqgBC6dwMUXej///PPDN9988/SfJymssjg7J+BVAcQaH4s5/Dt3j95/Z0ex4jhjI+aU95crfoFyrLxy2GJMIUdz7r7rs9Bzf/66NWMwl/ShrraJDTuu2xMLjX3WnNNjN33J7lFh/JE5MU4W2NHuUHuc4tc48TfzXel0rQRKoARKoATuicDFF3pZjFhkfP/9969yRlk4pAPWs1ghJue5xxpz9lfN4sfixCIni5uMwX3l2cMGDR312HePGFw/JoYZEzrGkAVe2poFGP6I1fzRlwHrjtMGY/YyVvSc0zNHZquxn58Welukul4CJVACJXCvBC6+0MsXuePvvvvuVc4L+xZV6YB1CzvWKVycz729wmZVVFGcWNysirStmLJIstDD1qFiZ8Yw5+SXPolt2twq9NCd+ZPTVqHHevLOnOTM2lbLOJGZcW7pdb0ESqAESqAE7oXAxRd6/rLDS93PTz/99CrnMwsHnbBuYcfaaxV6q0JtFZMcLBAt9Fw37lU/C7s5Ryd9vlahp19620sLPe20L4ESKIESKIES+DsCF1/o8T++4Bc8ig/+rd7eLzwvPdQscNIW629V6Fm86T9josBkTsuiyEKPogn9aUNb9BZY/pI258ikz9cu9Ixj5sScfPfOO+NEvq0ESqAESqAESuBLAhdf6H0Z7uvOtgqHLDgo+JDj43+WpLcgoUd+q+lDeX7FszCzYHMvff34449PRR62kUEPGfUo2izcWN9qMwZz0S5zZVaFXq7pG3li4pP5E0fOMybsoGdDjjnrNOayUCZ7Y8y1jkugBEqgBEqgBP6eQAu934smigY/FhpiyoKLwowCxEKKOXoWOdo4VNygry46+py+2PNXLwsh1hzb69dCTxlzyN4CyxyIXX3H+FSOPWK1ZXGHDJ9V/pnLFo+MHx/YouU6trMZozGrkzIdl0AJlEAJlEAJXMn/Hb0eVAmUQAmUQAmUQAmUwOkE+ove6cyqUQIlUAIlUAIlUAJXQaCF3lUcU4MsgRIogRIogRIogdMJtNA7nVk1SqAESqAESqAESuAqCLTQu4pjapAlUAIlUAIlUAIlcDqBFnqnM6tGCZRACZRACZRACVwFgRZ6V3FMDbIESqAESqAESqAETifQQu90ZtUogRIogRIogRIogasg0ELvKo6pQZZACZRACZRACZTA6QRa6J3OrBolUAIlUAIlUAIlcBUEWuhdxTE1yBIogRIogRIogRI4nUALvdOZVaMESqAESqAESqAEroJAC72rOKYGWQIlUAIlUAIlUAKnE2ihdzqzapRACZRACZRACZTAVRBooXcVx9QgS6AESqAESqAESuB0Ai30TmdWjRIogRIogRIogRK4CgIt9K7iBxj1SwAAFK1JREFUmBpkCZRACZRACZRACZxOoIXe6cyqUQIlUAIlUAIlUAJXQaCF3lUcU4MsgRIogRIogRIogdMJtNA7nVk1SqAESqAESqAESuAqCLTQu4pjapAlUAIlUAIlUAIlcDqBFnqnM6tGCZRACZRACZRACVwFgRZ6V3FMDbIESqAESqAESqAETifQQu90ZtUogRIogRIogRIogasg0ELvKo6pQZZACZRACZRACZTA6QRa6J3OrBolUAIlUAIlUAIlcBUEWuhdxTE1yBIogRIogRIogRI4nUALvdOZnaTx6dOnh3fv3m3qfPz48eH9+/dP+3P+tHGmwefPnx/joW87DwHO95dffnk0Jl/n5/HwOlaIm/t57sZ95h6vGlz2vg/qHPreKHdqT2yvkfOpcdyK/LfffvvFWe+d/a3k3DxK4NoItNCLEzv3S9qX2jEvNsLw5ZaFX4T34qH5EU8LvRfjfDQASz7HFHa8FJWf/VsXH9wxYnhLv8d+H46VO/UEv0bOp8Z4TfLe562iPnP58OHD5t1/redd+u+4BO6ZQAu9OH0fRvTnahZvx9rrL3rbpHixXGI7ttAjdouYzIMzx8YxL8zUe+n4XIXeKeeyyn+Vx6nfm5WN1RpFxVsWt6sYnrPGM+kS/3LG2R97b/2LZubh2infoefwq04J3DOBqyj0eBjwguDz22+/vdp5+dDioXOuduoLq4XemjwcL/Vv/qe8pLYKHXI7pWBaUzpt9RyF3lY+W5EcK3/q92bL31y/xkLPYigLpJnX15r7zDzG/14e3MVzPnePiacyJXAvBC6+0Pv5558fvvnmm6ef/XlQv8YDjxcLLyEfRsyz+YKy56GUv/z5a6APLGP0hWXPftpGL1/ws9Bjrk16/K9a2p8+zIl17RnfVtzpA+bGoH9i1s+eb2X0g61s2kFO27nP2JiNwXi0pX/n5qtP9ejZc985PtDFT/qaceRcm8obO33aTR3G7ue6a3kvcn+OYUZu+sYfbc5Z03bGqz3W9Ok5yFCm6imnLv2UwT8t7TLPGIzxUfDh4TEPfdB7L7WNXJ6XPtSf9rExZciJdZgxNhd96N/1tJ13SLvmwF7Gpg/1Paf0Y37IpO2V71Vu5oIvbKV/bSOTtmd+2tAnssSa58R4q3lX6PnIBXl8aXfqG6tx5r6MtnRTtuMSKIHTCFx8oedDyYcV/ffff39alkdI87Cz8fDKuQ8ofBMPzYciDyb31fdBy9wHmPaco+8LA3821vTBGj59MPpgVTZ7dHw440sbxqYN9rTpnnYybtfs5wMdXz6Ut3yzji8+yuaYXDN3ZfPFof/JZc6xb87akTk2PC85mDs9Maijb2w5NgZ7ZGWNjHNtMtePOvbGoT/7LXn17D0/9IxPzjl3TG6yN1ZtYYM943adHpvmmPcpZRijjx2bsejTfN2XNfPpF13PLO0St+vayX4vR2waizadH5sj/vGRzXjoZa198mLds1UWG46Rxb+NMfLuu04vQ+/InMuRXr5pGxuetXbZJwbvBPvmSAyOlbdn3XyNw7k5yFcd+4zTNftpy/X2JVACLydw8YWeD8vsv/vuu5dnHhZ4yPiwYtkHdoj8/x627PHQWz2YWXN9ZSsflvOhShzzIW0c7G09gJWhx6c20DEW9vYethl32mPsgxh9WtpM2fTN+tYLRhtph3GeQ9qdXOY8/ZojMdtm/MqYD7zSd56RNujxM8+AHPU1/aQuY/dzHZvYSBa5P8f4T9lDc/Wnb316V5SbfbJd7WEnG3N0aPNMZwyph6x5JZM8l5RfjdM+45kbc2NL/b0ckcuckMX2bPNOzXPJ/Mgp7xFzc592zcm7OufT77zLM37myQG/M5acG49+nNMjl+eTnFKOsfrmkfvmlLZyv+MSKIHnE7j4Qo8HCQ+P/Pz000/Pz3ihyYMu7TvOF4IPonxI5YMbsz7I0PehjQ3m2fLhuHrIzpcTusa0egCnbXSR1Ub6Qs4YMw/XMu606ThtmZ979NM3a9hMjsg4l6k22FvZZZ8XgDmt5th033ywb9OXeSvjHN18yWSu2qAnvhkjOepr+kldxu7PdXxjx3jmfs6JLWM4NEcXGezzsTmnN3737OHCvmxdt1/db+Q9Y/Qco7PK37NAz7y0u+fbGOxnjjBlLduMh71DOSKTtowx7bJGrHw8w3kuyKhrzik7Y9W+zJSd82mLfPIuY4e48hySAzGl78zVGOjRRy8beulr+knZGWfued5b9zBlOy6BEjiNwMUXevyPL/gFjwcI/1YvHyqnpbot7cM3JXiA5cNvPlyRRc94iM+HIOva9AGWtg89ZLWDDmNs07YewOwRK3I8TPOBzLqxIDcftltxPzocf5gLfT6Qt3yjjn3kbZk7a+pmHMpmT+7JZc4zZ3PMGOf5KUNPw7ZnyZy4cm4ssGQvG7Hra/pJOcbuz3V8pZ25n3P855nuzZHT7vTNOtz0PX2wD59kmzKM2UMum3ZZm1xXMXiuxGpeaZd919OP460cyUvbyjLHNg1ux+SIrPcF3bwXsmNdGe/UPJfMD5vGTQyT4WOAv/8hM+3O+fRLjhkjZvJMmCcH4iBWG7o5dz3PxDXk0tf0oxz9jDP30Jtnlfsdl0AJPJ/AxRd6z0/tOE0ecj5AU8OHqS+FOc+HFjL5kPKBzroPR32sZPOhykNTW/o0Lh/A2MiWsbCuD/R/+OGHLx7y2OChyoc9faGXcaf9HCOfOnu+3ct40XVOLI7Tx2psTuypRw427Pqy0C/52+YaucqBPfSxa5svMNc9E2WJSzvsuY/NVXM/91xLrrk/x8RG/La9ObFhn6YfYnMsf3xrU1bmIHt0XNO3dpjLBJ/aZS1jSO7a1RZ7fFjngx5NH/SrlvaVJU5tmJd7yPu9MB9jQca16cvYcx9u6NJYxzY9a/NczA9Z9uU1/cx52kXHuTyMS9/zLmMv1/CNLB/G6BOrDR85d50eHfeMgzVz0WbqOFae3uYaernufvsSKIGXE7jrQo+HHw8YPj40QZoPH/Z4sPmSYLzScY1euz788sHKni0f0NhFXjvKaSvtojdbxqUOa7S0q08fqvpL+8Y9fWhr7m/5TtswMC7WmSeXlDW29J9n4nraIybmKYfNPFdzZ10myE87mc/MFd8Ztzbx4x0xl5lH2lXGnhhs2sTPbGkDuUNzbeHHPO31jZ+0Q9w5V561VdPOZG/8GYNj7ai7F1/aXcWgzWkDH3km6JKLcZ2So7amf+9R+mactokvY2SccSHvh/VV8wzcT3vGACflsJd3l5z1ga4c0g4xawvZmStx5VlgQx32tE8vY3NJPym35Ue99iVQAi8ncNeF3in4fDDzoLvnxovgXAzyRZRMt9ZT5h7GvBzbLocAz4BZwDw3Ouysvke9+88lWr0SKIEtAi30tsiM9RZ6fwdk9bf8geqoqb8MzJfdOQvJowK5QCEY8EtH22URONfdJyvO11/nzJLib665174ESqAEnkughd4R5Czy/E8Oszg5wsRVi1h4nLv4SLuyZa2tBC6FQH73z1mEUdR55+37C+6lnHrjKIHbItBC77bOs9mUQAmUQAmUQAmUwBOBFnpPKDoogRIogRIogRIogdsi0ELvts6z2ZRACZRACZRACZTAE4EWek8oOiiBEiiBEiiBEiiB2yLQQu+2zrPZlEAJlEAJlEAJlMATgRZ6Tyg6KIESKIESKIESKIHbItBC77bOs9mUQAmUQAmUQAmUwBOBFnpPKDoogRIogRIogRIogdsi0ELvts6z2ZRACZRACZRACZTAE4EWek8oOiiBEiiBEiiBEiiB2yLQQu+2zrPZlEAJlEAJlEAJlMATgRZ6Tyg6KIESKIESKIESKIHbItBC77bOs9mUQAmUQAmUQAmUwBOBFnpPKDoogRIogRIogRIogdsi0ELvts6z2ZRACZRACZRACZTAE4EWek8oOiiBEiiBEiiBEiiB2yLQQu+2zrPZlEAJlEAJlEAJlMATgRZ6Tyg6KIESKIESKIESKIHbItBC77bOs9mUQAmUQAmUQAmUwBOBFnpPKDoogRIogRIogRIogdsi0ELvts6z2ZRACZRACZRACZTAE4EWek8oOiiBEiiBEiiBEiiB2yLQQu+2zrPZlEAJlEAJlEAJlMATgRZ6Tyg6KIESKIESKIESKIHbItBC78zn+enTp4d3794dbfXjx48P79+/35TH1i+//LK5zwb7yH3+/HlX7tI3YfHtt98+hcn4w4cPT/MOjiPAHcw7BcPkepyVSpVACZRACdwCgbsu9CzKKJJWn6/9cjSmvUKP4k65ay70KPLI4xjmypp39vdeGHqns9DbelD5F4Tkl+O9e7dls+slUAIlUAKXReDuCz2KBhsvOV9uFE3HFB28WPkc2/Cnj2N0MqYteV/YxxZ6p8aw5ffc68R1DHP9TjZyOMWGtuifq5c2LmHMfTym0DNW8s7vAevYOOWeaqt9CZRACZTAZRG4ikLv559/fnwR8TL69ddfz0aQl1kWR7NwmC+/lWNeqKcUetPHymauHSNvgZO5pI05Psbm1HmL+UsLPWLkFz3yO7Wd6vtU+28pf45C7y3jra8SKIESKIHXI3DxhR4vYF7c+TlnsZdoVwWQfi3mKOxYY+4evb+gEK/jtE0RlvL+erT691PKmbu/rDh33/VZ6Lk//zPmjMFckNeWus6J0+LJPXpiobGfc/NPX7JLHo4zJ8ZyYZ/49KN89vg1TtdZm3m7R585e04zP2zywZYf43BuTtpznr4YI8+ecvqUm7Eag3N00NUGY2OYPpgrr5x+2PMMV3rup+08gy2drpdACZRACVwHgYsv9L755punly0vMT6+DM+NGNuzcMAH6/ki5yXqPPd82eZLNmO0+NEHL1f088WaMbivPHvYoKGjnkUJe8Tgevp2PGOYc+SMweKDeTbym4UBc/NHXgasO04bjNnLWNFzTs88/Ux99ufHc5myzJONeStPrvpGlrF7xIAfG2P3WCO/nCvHuvHhj8bc+4sPx+wx5uN5qsse9pmvGnvJmLFz7KXPlb6s9afuSrZrJVACJVAC10Xg4gs9Xz7Zf/fdd69CGR8WVemA9XyR8yJ0Pvf2ChuLi/TBi9gCA5uO9b8VUxZJFgYWCuqu+hnDnKOTPmcxwj75ZwGGjPOZ/yxCMibsJIvMaeUndRlnnMzN5dhCJc8xz2H6ka/r88zTjjL2Uzb5TLZ5fnBD1zZjcJ0eO95H5pP59JO66nt+zImjrQRKoARK4DYIXHyh9/333z++8Hjp8eEXPv7N3ms07GfhoQ/W80WaL/a5ly9y9e0tRNJHFhj5oldnFRNrfHiB0ywCXFd31c8Y5hyd9LkqEsg/CwNknM/8Z9FhTPqlt6FrTqxNP8rZZ5yuySLPyz179mSlXJ6DcvTEo6zrzNVjLe+DMvZTFj3kaZNtnr8xase8nGePj7xT6WPlJ3Xd9/zmXuclUAIlUALXTeDiCz3w/vTTT48vRX7Je60iDz/zhenRzpd1vtjn3ix0tEFvcZMv5SwwcqxexoRf5rQsiiwCsE/xkMWSduxnDHOOXPqcxQj7xJGFATLOZ/6z6NiKg/XMaeVHXfuM0zVZGI/r9O7BmZbnONkz17562mKdvGxpxzX7KYue5zPZ4tPYkEPXNmNwnX7lg5hs04/r9nl+rrUvgRIogRK4DQJXUei9FWpemLxQZ8vCxhewL1df8hYWs9CZtvShfBYYvszdS18//vjjFy9+ZHhBI6MeRZuFG+tbbcZgLshjl7kyqyIh1/SNPLp8ssggjpxnTNhBz4Ycc9ZpzLG31Ywx91njA4fZspBiD/vExwc/+EWPedo2R/YYZ1zKIs94NtYt3tIn4zx7z0157WrPGJxnjx30zFmuxEljnjGkrvt7nKd85yVQAiVQAtdDoIXeKG54YVpoeIy+dH0JWyCw70uWFyUfZPj4ktWGvS9hbKqbPqcv9njJ07CZ9vXjGn0WDMfEgN2M2zE+jRW7WShYdLCODJ9V/pnLViyZEz6wNXPFdjZjzLxzbMGTOowzbuT1zbp7xplno5x7mRdyrLO2ajIyvsxlnhW2+KR99IxNGys/86yMda6n7rSL/bYSKIESKIHbItBC77bOs9lcGAGKp60i8MJCbTglUAIlUAI3SKCF3g0ealO6HAIt9C7nLBpJCZRACdwjgRZ693jqzflNCPifWlvsvQnuOimBEiiBElgQaKG3gNKlEiiBEiiBEiiBErgFAi30buEUm0MJlEAJlEAJlEAJLAi00FtA6VIJlEAJlEAJlEAJ3AKBFnq3cIrNoQRKoARKoARKoAQWBFroLaB0qQRKoARKoARKoARugUALvVs4xeZQAiVQAiVQAiVQAgsCLfQWULpUAiVQAiVQAiVQArdAoIXeLZxicyiBEiiBEiiBEiiBBYEWegsoXSqBEiiBEiiBEiiBWyDQQu8WTrE5lEAJlEAJlEAJlMCCQAu9BZQulUAJlEAJlEAJlMAtEGihdwun2BxKoARKoARKoARKYEGghd4CSpdKoARKoARKoARK4BYItNC7hVNsDiVQAiVQAiVQAiWwINBCbwGlSyVQAiVQAiVQAiVwCwRa6N3CKTaHEiiBEiiBEiiBElgQaKG3gNKlEiiBEiiBEiiBErgFAi30buEUm0MJlEAJlEAJlEAJLAi00FtA6VIJlEAJlEAJlEAJ3AKBFnq3cIrNoQRKoARKoARKoAQWBJ5d6P3lL//3w9/8zX/rpwx6B3oHegd6B3oHegd6By70Dvzjf/zPHt69+4cPf/7zf3mg6KO3vXNAzyaFHf2/+ld/9fAP/sH/8KiIcj9l0DvQO9A70DvQO9A70DtweXfgX//rv36s2Y4u9P7tv/3fWti1uO0d6B3oHegd6B3oHegduJI7QLH3n//zkb/off78//Tn2Qv9ebb/Kb3/lKB3oHegd6B3oHegd2B1B/72b/92/z/d/sf/+H/1P9deSeXen84v76fznknPpHegd6B3oHfga98Bf9nzn+Z98W/0+kte/4aw+htC13ovegd6B3oHegd6B67nDvDLnu2LQs/F9iVQAiVQAiVQAiVQAtdP4P8DW3OdXchcV+IAAAAASUVORK5CYII=\" data-filename=\"image.png\" style=\"width: 548px;\"></p><p>Apabila Alex turun di B, maka Tuti mungkin akan turun di . . . . . .&nbsp;<br></p>');
INSERT INTO `soal` (`id_soal`, `id_paket`, `id_topik_tes`, `id_event`, `id_skd`, `soal`) VALUES
(84, 3, 1, 1, 0, '<p><img src=\"data:image/png;base64,iVBORw0KGgoAAAANSUhEUgAAAnoAAAD8CAYAAADg3AngAAAgAElEQVR4Ae29va5tR5adeRuQJQHt0RcgQI0GGzIb8rLLUclQl9MNPgPfgS9QahRop0OXTtFXg04BZaQK6dFNJwtg+zTqAW7j27ofMTgz1to/Z+179j5nBLBv/M055pgjYkfEPfcw88PHlnejwFdfffXxp59+eop8v/vuu4/wneXLL7/8+PPPP8/h9qvA3RT48ccfP37zzTd3wy9wFagCVeCeCnwQ/Oef/7+Pf/7zP/fzBjX4b//t//344cP/9Ovnv//3f3qKdf73//5/+ZWz/J+Fe79Lb+MsyT34X//r//MU35vuvbex97qOXcdb98C//Mu/+LQ71b8+9P7mb/7vj//23/6v/VSD7oHuge6B7oHuge6B7oEn3AN//dd/8/Ef/uEf1w89Hnm8HvuTvf4t4ta/RdSve6d7oHuge6B7oHvgdfYAP8njLXf2ocdP9v7Vv/qfP3748K/7qQbdA90D3QPdA90D3QPdAw++B373u78+PfAueuhh9B//4//RH9k+4Y9sWbt+qkH3QPdA90D3QPfA+9kDf/VX//n0EOcneaz72Z/oYcRP8/jRa0sVqAJVoApUgSpQBarA4yrgu60PvcddozKrAlWgClSBKlAFqsBNCvShd5NsdaoCVaAKVIEqUAWqwOMr0IfeFWvE/0Dvpf/DqPyPqPI/3nuu8D9Q/OHDh/6P/J4T6sB5/seWL1mbl4Zkr6z+R51finsvf/Yh+/aW8rk0hds138NbcnmJz9Hcjsa7NTd4sMYWvj/Zd/wl9Ywxvz97+3PavoTHa/peem9Mjt4jc/wlfbigueU1NGafXXImPcr3RK0erX7XDz02Bxt59WHu1uIX5Nxjgv8HB2P3/83hVrWfz8/94dpnBh7Yzj3L/1NJ5vBe21yErBv1Wyqek0c/7K7RiLMUbVeXPryYe8mZfQ2XR7PNM+MobhPzNTTeW/PM861+7zLHl7bf9UMP8dzQKaRjHB63PsA4kM499DL+rXGSd9trBTikWNNHKz74VhfUauyR+H9OTTnIn+X7wbq9tYce+468WPPXLFsPPTih+aN/Z+6pnXfWkTE8n8R8DY25Q1ePezlZv9Xvnfm9tO5D79M/nU4huVg4WC55rE1f+n3orVR5nTHW8VEfev5NeV6ij35pfS5N/R72ofc63x2j9qGnEo9Z96H3Nv+CddRu60Nv46GHwF7CPhJ49M0LORfCvwFxCWKXj0QOSsb96OcX1IvMvnYZz/j8zYp58Wdf7Kz1TR45n+PG9JIVHxsK85Oftoyrlzb24SCWc9T+jY357KeeOW4scOUtt8xJO2NpAwfb2IstN3UVS17YgZllpYXzxABzq5AfOYihTtgnP/rJQb0YT41WscydWnx9zJf4aqXNFmftxJUnWLblrw21hVjkIgfmMh/tqOGSGOaHPziW1Ia2RU7qC9ZWftomL3KdfbAnr+TimmdM98w5P/mZJ7G2cgUTu+RHzNkHA07qjE9qKjc1y1o/aj6Zp3iZE9izD54x8U9dzNeYM1di4msxpvyZt2BnPzWAT3LCd5WHHHP/iG0tv2k7+2kvVzhR0JsxOMGXtryZh1ty2NMr89IODHHBJt7sy4F5CrWf5KKOJ6PxU1Pn8INHYjKGJhZ1kyPzewV7MWirHT5q7bw48M6YmXPGU9/kn/jGxoe2BWwwU3Paz1L60Nt56LkZqN04bJRVwSY3Bm37bAjb+LKJxHHj8EWhEMeN5xfDcfz4OL/qO3cC+/SH3LF3c8KHcbEdl481PvkFclx8san9souFjTG1Sx2cT87M26ctFhz0NW+xV3HlN+fU1NzBFM+49G0T1/zFcn5PC3yw01c+WRPD/NTHefnRhyOxKfiAS18+zhkzdRLPvOVsDs7T5yMfx1e1cbUVW86MywF/cLGRO3110dccZjz5Oq9O+FHANK68GBPX2Niqz4yRtvIyTvazTQyKvmLqJz/62V75yRcM7PnYTv7g6I++8lEjOaiD60MfP8e1SwzHrJO3+OaBH7zkIi61JecZ05dx7fZyJTdszREM+nwsOY9d6iY3bBm3Dw8xzIO+89k2jhjM5fyqLw7Y5skYtuqkH7o6Rls7fC36ycEcXRPtGMfWgh6pHXknrutBrZ2Y1BT5JKbxU1PmwRBTP3KTF9ych4dtsa2Zw58ijn1i2FY3+8TJPDJXY4tHX1t40AePefNLfG2wcx5/23J/5LoPvQsfeizi3gZl0d10btLcbLkJsHWj++ViY83inOMz/rm+ftTT1k3vhmYT5wd+zvnFBwe/zGv15Uh7MO1PDuAxn7phk31zyLgrXhlHH+qV7fyS7nHItQIv1zk5MUefeQttDxTHssZebRiHh/7WzDM+P/oybsHWtWF++tDHxjn9qFc65Xy2V7ZT07QnF/c7tRy1gRecVsX8iWlZ7aOcE2tyWvHWb9qe6+snP/tzzcHhM0v6rdZD+8x1pV3ambfYxvW7rK31Fjd10o4615D+XLOc158xCrzgNAu8tGEuc6XPnDnQnzHBdS9hhz39VSxjq439iYm/OmpjPflt9Y0Bdn7AVZvkiI39vTVOvciXvsWYW33sM07qqg912sCXvuVSjc2RmjJ1Yp2Su/jkgG0W+q4HXObHPOZeSYyMt9IXTGOkX8Y2d+dzLRx75LoPvZ2HHovJJtjasLmw2PllZZyNMzetX0Zs3eiOGUNMNid2fCzg6cfYub5+K9uMS4wZHx/GmMu8GM8xvgDmubJP28lXrPySYZN9uYNzaRx8LCtO80sLdsZMDnMdsc01yPxSC+LvHT7Mg53auibg40tx7NRZ/JFc8YMPZfJOV+a0c3ylk3OzXtlOTfGRe2oGR9dRXHPIPY8PccSgbcE+14Bxc8KPNmXFiXkwZ5m25/r4J1/x5pqDwyfLlh/cJr+ZK33tUpOMgzbqQdyplesHzuSGPb7EyQLnxMFXnY2Bje1ct/QT0xz0YXzmylzymzGTJ3Zipo/xqMHTxvGJCYfMSzvqyW+rb+7pa1vtcw/CwT5agTuLvNVr8lzFnLjqCYeZI3GNIRdsGLNconHauD+nTvBY7QnGzM+YmWfm47y1udmnVhP8jEc99c0Y+Jk3fupEXsltxTVjP1q7D72Nh55fyFzcuWFzMXNTuFncUBMLTDeem9EvhV8Uxp0zzox/rq8f9bQFmzG50bcwBr/VHDbMka8fua/ssRF7cgBr6oaNXy50Yh5cxpijnItzMvr0x8p2fmn3OABDXGz45H5gbksL5rAl1lYhJ7XRRjxzZV4NtGFMjajlRi2e4/pQG281t9IpfbO9sk1NnVcravKiUJubmPTl7Zj1Kn/sxXNenZkjP0pyEm9q6fi03eszp9bGF2euObZ8KHt++muDhpTMVRtq4sDBkjzURo72sWUMTEpyE4d6tT9yDbEBR53pu+bUxnMt7GPHmLwZB9cyc51azpjpTy7YyyO5qSkapU7EnZhyllPWk99W3xiuIRiMwUl+9C1wsE9O4Fpor/SasY2pH7Xra1xq/OxjQxt81yi5OCfmnsb44ys2bfOfXOdeEn/mzrh8aYuvPTWcKLlX1Jgx58xvKwb6qaGYGdvcT4CfzjHxHXvkug+9xUPPBWdjZZkbNufYCLm52QT09clNQZsNx5fCWH4p8GGMknO0xTLuub521NiuODAnV+3hRjy/MPJhnrZfBO2zhj95UcChb06TLzY55sGC/ffff/8bPZnDlvh8xDT27DtO7Rx8KPNLy7ycmSeOfWwz/xPApz/OaYGue1oRY4WNHxwstLMPJmvDJ9dUe2vyynnbxGUuy2qtc3629zRFZ2PhR5sx4roniEdhLHObceRF7fphbxstUmPmwOTDeOaJT/LKWNjm3F7f3PF3L8KPNhjJh7b9Lb/f//73v+YDJjmoT+YKf/KyZG6M0SeWvnDJmFNruSVmYqsHeODwUXfa0w+uYLqnaaedWhnD9RAnc8VmapnxzTdjyRdcbC20tZOD65X8sIeDfPS3nvz2+szxsbguaikf5pMf3PWTqxiplzmKo9aZN3kkR2OLDy6agWWRC758Eo8YWxqDqW7GoZ4cVjGNrR9xKOYPB3DMETsKY8bMvaJOJ6PIEVt1Swz1AN/Y+JqTsc2duRnDWI9av+uHHgvHJlp9csFddO3yi5ELm3j4u4HcwPozThsbx6ixyzHtqG1jR/xz/eQl/8kvbSbe5OyBMsfl7xfOL5I8qfGd+MbGTww1Eyv56m+tTx4GxhLbWhy/sPo6bp/5xKef+WhHTdnTIrHJa5aMg+0scyxjqw8+OW7b/Tn5oRW+2lFTVnbyd91X/PAHL/csfhPPXNWTvmNymPjZ13a1j+b6py28zIM4zK3K5H9N33jUGQuMxJn99EOX9HX9tIE7Y3zSDr8sxGDewvzUl74f8Y2nH3Wuoblppz91cmAeW4trA5bFmPjahjeFvjEyT+exydjuTeYdx8+8GQMv541prR8+OZZ5yU1b89zrT67gpab4qo849MXGn5KcbKtH5mX7k9uvFdiZC/rojxFzxqc2hn/Rdk58+iuN4a2tGIlHG5tcV/qzpCbYgjX5G8c8EpOxqbN8wFFfx8CyZOzknrbEylzpP0N51w+9Z1igoziyWVdfrGvx+TLwmeUI7In5CP1VXhwkHBqvrYU8pk4rztPmkj74R2EZDzz24ucoHPrPchB/Dj0ePQb7Ii/1R+d7D358P7pn76Hs/8D8nOfP/bK4HrkPves1e0qPox56q8OYB89bPKDJK//G58L7N8nX1sK/XcqL+qjHGTmS39Hlcx60fegdvXr3xWO/sX/fc+H7waflPgp8zvPnPhnchtqH3m26PZUXB6g/7n7pIeLjRzzqt/w3UB4LmSttH7WvrQWX4uR2j8fZUZudvSffe/PMdXvL+/OotXktnFwnv1evxeW14uY50r16v1X4nOfP/bK4DbkPvdt0q1cVqAJVoApUgSpQBR5egT70Hn6JSrAKVIEqUAWqQBWoArcp0IfebbrVqwpUgSpQBapAFagCD69AH3qfeYn8fYxbful4+vo7WoyfK/m7Zedsj5p/jZhHcS/O51eA39fi0/IYCrAWR/7O2Hv9RfijVvPceT/vh9k/iscz4Lwk95XvpXcZv3v80t+Dv4e+fejdQ9UNTL+obJprH3ov8fU/xnjGX3b2S4dmqw/zlxQ1EAM9L/lCpu7pS8yJeQmX/OVz8PY4bMVmHeVCfW5dVxpeolnaZDx4bZXUZM9u+qvLkQ+95Dw1Sp6Xxkw8crvUb+b6DH32Jfke+dB7hrwfmaP775JzJs+Oa76Hj5z/pdxekvtLfPmusEZ7Z/qlORxt14feQYry5btkgb10b/nyvcSXDTgvu4NSvxjmJZcGvlNf8jl36PnFnbG96C8lz6W+utjhBNY15dp1XMUmLmt6TVlpeI0/PIi50gEc89qaPxdrlec5n0vm4cxnfufQ8Nz+EX9qx5pfu+5iPUvNeszvzbNwf4s8Pcsu3bN+H+e+v1UbcG79bt8ac/qR07wHpg39l+T+El/OhEv4rTjfc6wPvYPUnRfBFuxLNtFLfLnoXvOhR+yXXIyX6jt1J+bWZcWhdekhuPUI4Ut9bV7XruOMjZZbOc38s3+rhmKQK5/Vowkb8CdXfS+pX+K7hw8uazTXiVxYi0sKOU9bcN9yIb9b9tlb1uQ1c3vth969vp/XaHrpGXbtGZscXuLLGcO58mjl3T/0vJy8wDjQKbPPmBsAGz4uKIvr2MqfMS8JMXxg6OdlRF9cuGV/+m71xRQH7oz5QKA9L71T0uMP7MXywDem/s5TawNMHkqppXb6YSsmY1sF7MwnY235iEv90rJ1yMFJLS6NIS/3wDm/jJ3tc35zfmo458/1ydV1hUcWxpm/lh/2rDsapq9x3CcZjzzo5/7c0xJb8RIHvpfuDfjBZS+ONtjBjWJc4jgvh9k3V32dt5/5ZoxcB9raGVvb2dfPONjRtsATrcVjPvWi7ye/j+jKuPth4mUfO/CJ5feCsVUfP8bFTl7iiJ01PMgr8WnPvj6Jm3qc23fmLT/xqPFl3I9zcsi1AYeirX1tkh96WBy3n9iOZa2W+CXOaj9M/vapKeZuP+PQBp85OZIb+cw+tuZp/nJLXsxRjKstOVNm7s6DJY66mov96Ssfse0n5ilo/N/4Ecd5516zftcPvVwMF3luAvrOuVFZMMZYSEvaMcYcG4KCHx9KbiI2ueOnydgo9pk3fvrmZss4YFImPzedm5W+bWOtamPmnF88YtjWTswZD1s0svgFt6+//Vmjg5jUiTVt7auB+jh+S517JXlcyiVjmuulvIjNh5xd38S7tJ176VKftENPOKtrzsGPObnm3FY7bfFFS8Yo1MShuFfEV39tycv2yWH84Zw4agi++3W4/EVXfsaeBqwNNhTjTB/6rj042deXcfmBlWtOW77kRH+WxHfe9cq+bWKhH0W+xicGfNSP2jaYto1JDYZ4xgXbtnPY6k8tHzmoB75TE7Ao+IBDSYzTwKc/XAswjI3t7DuHvbyAIAZ9fVIPfLRVA2MzZwzmzI95xsnBXOnzoSTf7NPWXiz7YBlfHOwdSy0ZpzAnd2oxia8W4jNGyXzp46ctfXhk/+QUaw83Y2I3+85Ru8bqYQ7wdA58MJwD0/iZe+Ykp4mDn7jpawziME45xw9bNSOObWO/Rv2uH3oIzgK7wS7pu0huBvtz4zhOnV8A/YiZcbWfOHsbUCw3uhjUzjmWm4+xazZgakQsvxBiW+eXAbvs40NMi19g+5Ov49apA2Mr7bS1JiYcpj6OM8fnki/i1nrNvIy9V5vr5LXlQ2x4ot+lfFdYU8OVzd4YucoZHvQtrseWTtplDYZ4jG/5YpO2uR/3/IwlN23Fgj9rcU0BC38+4rqejluzr+RunHN9fHM/bn1PscnvU+bAHDiWc33tqDMe+aG1Bb2y7zg18chx5pc2iadm2M+S+1Q845KLWqbfnh7wTq32+sRx/az1Zc41JzZt+zM+fTknT9qMw4Eyddjrq0Xmn2tCzFz3iZU89ubSLvfDKv/MMbkkBu1c+0v6+puz+wQ+aqeNdcY3v1wj7agnzt6ayCF1F8u5LX6Jq89r1H3ojS/v3MyzzyIx5iHgos2N47h2+FDcgI5rZz1x8HNj6+ummn0xVvyIx0FgIU72HV/VxmEOLsbXljHzwZbiF8A+NsS0bB1Kzs86dZhzW31jbOUJZ/ltYTi+dWDMvLTfq9Vz6rjlk7HVmrFryy0aZgxiy1kezOd4ck3f2VaDHF/5MubeMjZ5ZP4rv4mbffah37NL1z/9acuLvbXKRfv5PTjXv+R7Cnfs8vtkPGr3vWPn+umT8ckRrS2sc/YZdx/gp5Y5Rtsy8dQwY4ppHPzVF+0ST9xzeuCTWu31ibuKQSzm4Gyhnf3UgPGMiY95YGcMx9zbe/25d8AER63mOk8seVvDES5Tf+bFyrlV/saeXIxhTay0PdfHL/mpD5qqndjU5mEMc3c8bWlPHPzE1deYK93BuIRf4k4On7Pfh9748rIwLKAl+y4sG8HNoN3cOPTZZJT8MurH5gGbT5aJw/zWBkwsMPb45RcWW+LwZb60yCu18TCQHzHgRJlfDmzAsOhr31zszzp1mHN7/a0vOj7Jdw+DOfLO3LWfeTm+V5/LdfrO2GqXek6fVX9LQ3LwUFv5OTbt0I+x1GVy1XfWapBx0xdc8MnVvaQteVwTM23hId4160/MWdRzlQtjyZ1+xt7qm7Ox8ntKPObhD/bW+rs/xNjry12NMh5jmTdrYl9MxigrLbWhpky802A8Fqcm5Cm+vOzje6ke+KRWe30w1UJ+9ucc485hCy46+HG/ut/Ujto81F/bvb446kTM5KDe8p5Yjs9a3tjrY17qjs8qf3NiHpzsZxzwcm6vLx/yMWf1gY/agU8fvWd888CPuBlbv8Rh3n76YisHxo1DzEv4Je7J+ZX+6ENvfLFZGDc5a5J9FtfFzs1A2wVl8ecXjg3EPOPp5wZi3JLxtCUuGPbd9LO/x8+NaZz8Aju2V5vT5OqXA1/jY2NucKQwRkzKKhfyxp/Pqqjvam5vTI1WuPLd83eOPZH7wnFyMS/HtmrswIAT+VxaVrFdj1VeW7grDa/hQq7uPWLAa2q44rrFBz1SO7D4gMG4e829RM0YeWBjORczbfVRP/en41s1vHKvy0n/mQsxsZl25/rgGEeOxP7+++9P2uBPYQ5b4jsmd/0u6U/t1B0M5nKfwsv+3EtwhAs8tSE+GGDZdg5b5iyMqyVj8GDeMdrEEEsdzZ3xLT3gzZxlrw/OjCNPONoGi7b9mY+xqFM3+uAwRiz8iGcee31z3tMALMvEcpx68lX/zAm7uR+Yx5fP1JHYfMCaBb8c3+sbEwxzpibv1M61MpY6T13FUDfswYEDRZ3gDoZ9/Cj6M07Z48ccGBb52n+t+l0/9FgEN6cbb6+PjfMsKG1qCotL383jvDZZ0+bjBnIOHDcZY/Bzo+Q4c25y2nzA2uKnjX7JLXHObUL8s6Qvc+L+8Y9/PHEyLtwzVzFSf/VzznrmPTmI6zroN+uMJS/GLHIHL4v4+lBro49zyTUxbOf6OEatf47R3oq9Gs+1mDjJy1hZezCpEfazpL17HB7qvuLk40T7iUl/4mrrfmA+dZYj49jyEUNf4yQGNnDMwry5ams/7WiDrY3xpq3j1KzH1CTXSJv0AS9tiEnujFEydzXJPYxN+q9izHliJgdxrZkjRuZOf+Joz3c/ecov14kx4qbdau3AtMgz1zD9jW88/ZI3Nuf6+E0bxjIWXDMf2nOt1RSd5pxcE+OStQJnYtGnzPVQL3lodzL+dM/MnJibfnJl3BipsfjU6JZzxso8mT/Xn/obAzznwKDIDxvb1vqlZsxRMk848QE7x/Ff3WVyyJizjQ2YcqD/muVdP/ReU/hHi82XmE2+V/xy7dm81hxfpHmYXcvFw+xav2l/iZZH+EwM+rfEThw0PPpQeuR9k7m3XQVuVYCzY3V+Hv1dupVf/d63An3ove/1P2XP33LOXcYcWKuD7BHk429NLz1Q/VvdS/O5RMsZ4xafiUH/pTjsATCOKuwX1uZR981ReRanCvC94S9ZWdj3cyzn264Cn0uBPvQ+l9JPGudRfvT8pPKVdhWoAu9AAf9S43lJzV8eW6rAIyjQh94jrEI5VIEqUAWqQBWoAlXgDgr0oXcHUQtZBapAFagCVaAKVIFHUKAPvUdYhXKoAlWgClSBKlAFqsAdFOhD7w6iHgnJf2Rw5C/IH8mtWO9XAf7DjXP/Ac9L1eEX2fldp63i/yTC1rzjfH9e+h/riGUNt2f4Xr7k/Ji+/h7auf+63f85i2f9j3DYc3K/Vy7n9iQc8j/kmH334SX1uViXYLymDfvw6N93BO/S8+sl3/VLvzP31rcPvXsr/AJ8L7pnuFBekGZdn0wBDkgunksPynukx0ENh3MPuEvtruH4LN/Ll/B8iS/rwsfH0jXavrbt5+B+7Z7k/IcXa3JtuTbWtfiX2PvYUdtr7jO+3/iRx1HlmvPrJd+Do/gegdOH3hEq3hFj/q36jqGuhj7yy3d18Dfg8Mz6cVge/dDjQjj3cMtlR79L7O/xEw0ugGsurOR9RJu8L3lIveT8uNX3Xj8FO0K3SzB4WFyi7SVYWzbX7slbH3rEvzbWFueXjt/Kg3149FkJ3qXn12t/11+qO/596B2h4h0xbj1s70jpBO3f0u4d563i3+Pw+pxa3eOhd+nDzTwvtb/1gjHOqn7tw//Sx8hLzo9bffvQW+2Y345duyf70DvuJ3qsRB96//ibDfnrL8jwIvzzn//515ch7bdQOMz4ElHnC9/Dijk+9C3YOc6GsdB2nNqCPXN8uRn3Jxdpu/U3SA9beeovtj9aZhx8ixs5Y9AGhyJX+8ZxXD/6FOPTz5iJqQ+1fsZCg/RLPU8BPv2hVsYDK7XJ8YyBneuSOojtejIHHlwsrgsYOW6fOLSNN/viYONHzqu48py2OU7bgp1zcBWTGJOLdvigFUXNmMPHuGljrL1abDjQ5kORj7iOM4ct8eWAzarkGmiDD+NZMl/a2FAu4YCdORgjsec8NuBacv9Obsl/ctafmjl85aHt7GOb8eBCf+aJBhR1wS5zS5659v7f02HrXtXXfvomn1PA2FfTT47gqIs89aVOPuqgrzls5aU24Bgfvhbnmcv96PysE4O2GsjRfZC42NG3XLO22qqP+YOlBnJgbMYyJjkzp7/87GNHO7XB3k+uCzrRN2dskoN7lPHMWy7n6slja23BMS9i0cZWXRhb9dMPrmqB/eSM/96+SF/ip55bvLVzHgxxzmlz7/l3/RM9Ng6LkhuENuO5sGwI+7TdIG48vgx8tAHDDZobFnsL8/bhIA/nrfWnptjHl00kF+aILz83tzjOi0OfmPTdjPjML3bywta+PuIzJxcwxGJMLs6DYVt/ajC0pU3R33nH6WNLn7xpy+3kOP5gDs34YAt/Cr6ugznRFxNb8tFv9tWLcYt50N+KS17Jl76cjEVfHmlLLD/JTS7ET3t4qDfjxkmect+q8RdDfvapwaKkhsSSp/PkY3vGyjlxGLOApy+5gm1/iwO+iYsP/FfFvJzDzxxdi5yTG3PqLQZjs6QezqtP9m2D75rCw3jGcI7aOWKmLujjXGqE3cTRV9z0ZUyu5pVaktvUwHnjUM+ymlPzrbySCzEoaGZ7YoLHnDpMDsxlzvbFoS93MLTNNbllbSeu+jEuB7nSd184Zp3rxBh2mSttvyfUqa9xGDeuPLCzvcLEXiy57NXJY2tt8YeLcekTZ/ZdA+YTV3/Htcu1Yg68Le6rXNVzizc+6mdMaseI+Zrl3T/0WAgXxoXITe9CUfvF90uv/apmI4FDyS/MynZu7LRhzk3mOH02FjGSH21tVxuZOTmBlRxXcSbv5OnGltOs4aKukwu4W1+yGVPNwYL/zBdsCuNw2iqTA3b5RUxccafKUIwAACAASURBVCbmVl8tEoM2+Ku4xJ55Tl/6akRbTvimJuZrvOzrQ+1aOE9t/jm21QY/9z3c5Jc+ctN2b8+lH+1pm3tS3PRB29zPzmmbHOBKDteUzJFY6gkGbfiuCuNpmzYzx3N9fTOe+a3WFPvURQ0nf+xWOLmP9E0OWxpiS4xLcMWzRmd9GVvtK8YzL/RILrmXs40f/a21AidjY58aiOVeYt6Sa8LYubXM+WzjaxzaW+tCvFVZrVPmO2MlRuY61yHXNNv4099ap8TP9h6PXFvs0MMyYxM3Y5OD+eK30mmuFfESw1jUzCXG9J228KNQy0MbfHOfOv6563f90HNxWAg+uWDzy4+tX8DVl96F8wubeGyoFR4+xt6aX20eNhMbCB85G9+aubmR8Uv79F/FmbyxkefWBsbGnPyyTi7gTm7ynjHVCCzz1jZrYsJpq7h22PlldK22fCbmVp+4Yk6sVVxsZp5gq9fEmHHFTPvpn2u10po1wYfPubLSCcyJS19MvyN7e27Gnba5J1ca5/4Va4uDvPb2iBjqi4850k69V3wYOxdn5niuDydswKWmyC/5MO46YYt2lPw++t09TWzgZJ6pPz7mp7+1OYu/4pe4+llrT02MS/KaXMxdTLTChqIGzmXN+rrGjidXceGWZa4Jc4yp+7n+tDUOfuqROsDJfJIH7dU6gW+ZsfRx3YyDDq6hNvblpA6MO2ecc/WKh3nDhTxmnMmDPjqYH20xqFN/+WALvj6Mw32uu/bYqsmMp40x5c34XAd9sXnt8u4fei4AG4YFoV4tWG7C3AT6u0Hd/NRuuvkFwsfNRxs7/cSzXnFxI642q5t3NUdMOYGfHFdxJu/kqV7ytC++HI0jL/q0sy+Gc1MLsNB38tee2rVLrK02tsTwy+rhhT1j5EKZmFt9c894jM19YlzsprYTW5sVD/da4uOffW3g4ZqIqS32tM8V7VKnXEPw5W9cbeea5Z6bcactuIxRVhon1iUcxJDbjE+fPIyZOZqfPmBppz7uacaZXxXmcj32+uRHXPhmPDV2ve1jT5m6yBOsjK2fOPhiYz/1Z079TkF2zrBzuPpnDefUmzlxVnlNLq6BmM6TT+bkvDUxxXcs7cWFCwVb5unnmjC3t5Zzftomlnm7DvgSE5tVWa2Taz7jqov7IHOdWmCT2jCPvZ8Vl70xOJmDOYpPTTzHM/fJgxjyNg/97WPDGHartWKOfFYFH3kyT1s95Yc/xbi0ia3daXLxnXH8c9fv+qHHorlgCM/Cs6guZm4E7RjLxcSWBeajDVhuAPDwyTkPDxdb39xcOcfGs2hLH/vclHCRM/Fs65tjcsBf/pkXPoznGLZ8wNFfO8awt2CHDRwzLvPwmtz0YxxfS+ZLW1zmwTcm4yv9xIED+uhHn0J+mSPxtZuYe33mxATX9lZc8yIWvM3b2IyZz4yLDWPkb5l9xicmY2nnGoKXWGJmPXUChw8xmJOr3KgZY841Ag89sp8xnMMPf+xybYinrsZhTLtLOOAvRsamLV/HyY0P41NLMIgNP+30Uw/5OE499djqmx81RW6sk3O0yZ1P5kSbMXzURgw4i8kYfXliS5+P2PCzYMcchXnb9OWATfLTV0z7sxYPHIuY9jOv5MK8/rSJn3rov6r1M6648nUeTPOipmCLPtgwtrWWxs152uwbC33wKMYB1wIf5x2zlrN9sLCnplCbnxpqa55gwCd1S/2ZF0PfS2p8iEGBh9olNnPyIg5tffSjn9xowxd7inHkqIbGw474rpX+J+fxB7jE01c+6jh5EFN9sMnCeOaSc5+z3Yfep001N5JfcMZz0VkcF55xF9aNpT3jtq1zg+S87fzi5yZwE4OTGNjknFySX2JmTtjwwX+FYXy5U2OX8Z0jdze0Y+ZkzThc/BLZN44188nfnHLeGHKxTw2PVQE3ufglxnblP8fO9ef6e0hvxXUtMr/MG78Vt1Wc5GZcfGmr0QksHn/4qAe162dc7bPOONhpO/ePduLTd+84R38WccC1jb0aZe6MkZs40944kwPYzqVWcnHOuNTGmOsjL9dSX2NOfMfFPNfPeNq6ns6xbqlL8tbHseS5Wjs1xM62vu4P+nwoE59xeWmXMRmbmqi7eORi2crrXAz8jZ+16yi+debm/oDn5A6fjG3+jNkmHnHO9YmdNnCgzJwnB+3kbp1YxmdujmeucHU+86Kd609/8lBXxuXsnpITdfold33EkYc29pkHFw5ZzMMx8YhnyZzEYyzHV5zxnzb4U4wzeYvPuLZy1FZer1G/64feawjemPsKrL7U+x6d3VKAQ8+Dc8tmjm8dfNOu/SpwtAJH7T0u49W+33roHZ3HW8RDT3SdpZpORR6z34feY67Lu2XVh95xS8/fSi8t/s07/0Z8qW/tqsBLFeAhsXqc3YLLvp8PEB4pc+wW7Pfqw0+l5tnAes2x96rPo+fdh96jr9A74scjzx9zX/NIeUcSnU3VB9vqYD7rXIMq8JkV8J+8jvppHvTnP6/xXfCf0z5zem8mHI86z2brI9fszQj1oIn0ofegC1NaVaAKVIEqUAWqQBV4qQJ96L1UwfpXgSpQBapAFagCVeBBFehD70EXprSqQBWoAlWgClSBKvBSBd79Q4/fBTvidw34HZBLfpmYWO/198/8/bHVf711biOvfPldkUs0v9QODv4uyjk+t8zPXxJPXveMe44re/fWX1S/1PeafX/rd/JSLuf0uPe8v0N2yy+y556ZPK/RePrO/tyP99T2Guwjc5w5t18F3qoC7/qhx6HBwUn9ksJBtXcAi81lit17fOh5uZH/tQ+9l/heujau0b1q1pzcVw8qH7HMP1PZyynzuGbf3/qdvJRL8nqtNuvM59qH3t5evkbja/N+Jm2vza32VeA9KPCuH3osMIfYSx964HAIX/LTJWIR8y0VLqzVA2bm6IPm2oceOC/x5VK9ZG0mX+NektvKd46x7ltY8yco03ev/5r7iX2/lVNyvmbf3/qdvJRL8nqNtn9xufahB9e9vXyNxtfm/RJt4XXLd/5ajrWvAlVgrUAfen3orXfGFaN7D5iEeclj7SW+e5dj8lu1L81t5TvH9rBufejxyAL3tcqlD4BrHiHkg/215VIu1+Iebf+eHnrm2ofe0buoeFXgcgX60ItLhUuTRwEfD6YcmxcqFwu2XEq086dG2IqVP/GYF17aYW/BR0xxEt8x6uRFmxg+HJg3F7Gt5TJtZx97D2zj4ktRA8cZS80Y9ycX87GmD1i2zVFc+9NXPhNbnNScMXDUGuytou6r3PQ3d3nbX2HqQ81HXpO/mlvLWUz1YFz+xjdntFAnx4wHjlywSc4zljGt9cOOdha4ZIwZX1vi4Zv5Ybsq2GlvHmlHPMeTj1zUSp30Tb1m/s7pI/7MWW7aM+/3yzXVN2PIgVo78pdr5pHYiY8vfTRcFfzkJwe5YZ/amyfjtDMmY2g8bVzntHUttDUG/bkX8FuVzEl/7MzBuIyZ3wqnY1WgCqwV6EMvHnoeTkrFAZOHDAePfWw9cD2c7HMYeYl52Nn3MCYGYx6Q9MUXj76HI3Hpc3DTdjzxGcMm/bYORvGm7ewbh9rc5eclQg7OmYdzxOdjvuAzB4bjp8nFJZYam6e44PBRV7DU39wSN22zrQ21eeWazNyIoyb40M5+4mGrLvK3P/kbWyz7+NFWK/LHlzHjO0eftnOpA2PGxkYf8ku85C++nOhjqy/91AeuOZdxwMBXLGrbMyZ+2ObauibkYB7ysW8u7hH68iGWuqSG+mgHJnhyc92oGYMXH7HwkxvzcmEeO7lkjsZ33j61be3Blov5Glsba/k5b595xhJHXLU2B23hlmO0zU3exmU8bYllX/3Ia1WwAw8fbenzoTBu23wyjxVmx6pAFfitAn3ofbq4OUzmYeQh5MFDzcHIgeRBppz0OZQ8qNOHtockh1ReKvpTM67dPDyZB4cYszAOJwoYeRDSzn76Ti7n+vqao3qRu7y1sWbcfD3ItzjN/NQULH2NKQfzNl7aOraHq4311H3mdqm+8hOXOtfXefnnhaZP2jtGnbrMNUs7NWNsha/t1MdxOVJbxHEs9YELWPOD7+SZ+0Js66lx8iDexMeeklzoZ/7Thz6cKLRX36vT5Kd512lyM4Z66JOcHbN2TkzG4ZB9beEoT+22uE6NtQcX3lMD9KJM3RhbfQ/AB2OWaQs/sbf0SYzU3/3lvP72p/6Ot64CVWBbgT704gDkwMrCYbU6VFeXlLYe4vPgF3d1GHuYceDJYR6e+BtDLGw8vMGgzIOQeHxWZXI51wcDG2OaI7zknXG0gxMl82RuFsZS78xXX2Oqs3mLlReaY3u42lhP3Wdul+qbl53Y+KrT5D8vOHzSnr42mc9cs4yFHR9LapO6JZ621FNzxibv1AcufFZl8kQH+KwK44ljTOrcE9M3uTAnf9rkmDmn71b+cGQuffe4iQl3/eA8i/kkn4yBvTaMpxb08zuS2FNj5sSFt3svfWhP3RjDlnELbbBW8adt7n3XYKWD2InpHndOf/tTf8dbV4EqsK1AH3qfLhUPlDx8Vwcgh+k82JAXWw4pD+jEYcxDNg9jbTm8KHkYb8UA18NQTA9zMfJioJ39U6BPfyQXhvb6xPJAljc1ZerkpcAcfuanxvgx5vgJ5NOlRG4WNaWfvvTloM5wVwdtxZG3/cR1zHrqPnODc+pJO/viuEb2qfF1zSb/lb08zcc4joPJWOpIf0sHuWjj+k19tJNjrolj+qY+k4v8rJNn7gvjWU+NzZ/5jKc9cVdz8MaesspRvznnWrhW6gnO5KYezGEvluPqdCLx6Q/n3LsMZwza8oajPLXL9Uhc7FJj41BP3viJu9KUXOSArTZqk3lN29TdtUv75ExbzWiLr43+9ld5ONe6ClSBtQJ96MXFzcGXh5sHtwcyNWMeoB6UHkYeWBxGtC34iJGHMeN5MNNmjMOOGgwPyDw8tRMfO/CxYU5ezNPOvj7OZfzkNufRBXyK+VMbU970Z+7EYFyd8BNDTHC9TGiLA9b0TQ7qqgbMZRzbM0728bGQR+4BtcYezqmRORB7pTHj6pu2xLAvf/CxZ5xCXx5gJ75rgQ1YxMBPDDHNnbnf//73J1vzBMNYxMV3VcBm3kK8yYUxivHsM2b++NhmXN4nx/EHdmlLW0xq+GSOzpHT5GZejE99nZv5ZzyoGQ975lwX5sA1puvCONoazzim6Zw5zBgrfDEmVzGp4bHyZQ7/9IVD8lZD8egnFm1t0ICPRWz72BKL2lyp9dfOOnlNLPeUtsSVt2Otq0AV2FfgXT/0ODQ4ZPhweHAQ2fdgZdyxPNw8gJhjnENNHyT3sGPeA25ieQiKrw84+NB3DBuLh+H0S1tiZTzaWXLOw1O8VT+1yThgOmeMnLdtbYzMnTlK5gUW44yl1vj/8Y9//HVN6DOf+RjL2phg5Rj9LOaBPXYUx8xt8mbcucSiPW3RFbwclz/2mb/xGZ/5mwPjzmm/pQPYxFcLeFDsU089TgafHmvaZa7yYE68zIFxSnJSA/Hor8qKq3YTz3Hq5DTzSUzzkAe19jMHMVk3MBKHtsW9ApY+tLOs1j45uJ6OiZPYzMk1sWmnNuaoTWKASxEfTNdw2k2bjAHfFY74OaftyeHTH+ZJ/bd/+7e/2Y9Ti9QdDmo580z8tqtAFfj48V0/9B55A3DY5mH5yFzLrQq8FwV4bPRh8V5Wu3lWgbehQB96D7qOfeg96MKU1rtWoA+9d738Tb4KPKUCfeg94LLNfzp5QIqlVAXenQLznw7fnQBNuApUgadUoA+9p1y2kq4CVaAKVIEqUAWqwHkF+tA7r1EtqkAVqAJVoApUgSrwlAr0ofeUy1bSVaAKVIEqUAWqQBU4r0Afeuc1qkUVqAJVoApUgSpQBZ5SgT70nnLZSroKVIEqUAWqQBWoAucV6EPvvEa1qAJVoApUgSpQBarAUyrQh95TLltJV4EqUAWqQBWoAlXgvAJ96J3XqBZVoApUgSpQBapAFXhKBfrQe8plK+kqUAWqQBWoAlWgCpxXoA+98xrVogpUgSpQBapAFagCT6lAH3pPuWwlXQWqQBWoAlWgClSB8wr0oXdeo1pUgSpQBapAFagCVeApFehD7ymXraSrQBWoAlWgClSBKnBegT70zmtUiypQBapAFagCVaAKPKUCfeg95bKVdBWoAlWgClSBKlAFzivQh955jWpRBapAFagCVaAKVIGnVKAPvadctpKuAlWgClSBKlAFqsB5BfrQO69RLapAFagCVaAKVIEq8JQK9KH3lMtW0lWgClSBKlAFqkAVOK9AH3rnNapFFagCVaAKVIEqUAWeUoE+9J5y2Uq6ClSBKlAFqkAVqALnFehD77xGtagCVaAKVIEqUAWqwFMq0IfeUy5bSVeBKlAFqkAVqAJV4LwCfeid1+gwiw8fPnz88ccfz+Jhg+0R5auvvvr43Xff/Qr15Zdf/qb/68QLGuCDu1W++eabj/Cw0GbskvLTTz/9Rosjtbkkfm2qQBWoAlWgCjyzAu/6ocfjhAcVn3wMsaA8RpzLR8qti22scw89HzZHPPTMYeZ2aw4rPx9eew+99OOBR26XPPSO1CI5tF0FqkAVqAJV4L0o8K4fei6yjzAeFll4xJx7mKX9uTYPnEvwfDydw7tknsfePR96cDj3E73JE06XPPTw87E3MZ6lf8RfEu6R66PyukeuxawCVaAKvGcFHv6h98svv3z89ttvTz9h43L64YcfDl8vHh1gz5+i9aF3mdR96K11Yv9c+pPONcJ9RlmvPvTuo21Rq0AVqAKPpsDDP/T8pz4eYX7+8Ic/HKqjP10CPy/AvYeeP2nCHrv8aaA/IQSPOcuqb04zLuMU83eeS5o5+2JnzZw2tPGxMD45Maa9dj5+sXX+559/PvlmH3sfenJjPvWAgxpjP/vGtFZbcMR0zlj2Z632cM2Y6ghmjsvFOMxTZt844mO30pG4+KZ/2uY4sS3gJkfHrV2HqY3zxCWOH/oU4oFNLOeyBk9sxzMvfMGQG33K7BtLDOrcAyen/lEFqkAVqAKfXYGHf+jlxWH766+/PlQoL34vUS42ChdeXnoZ1AtPHy81xr1kvUDtw188L08wJ4Z+xoNfPgrwzb521IzLX1z7cLuEA/ZqrTY+FLJvW3vj2CdvbMDSVo7ZT/5ydsy49NVF7bWxJq76YmMMasfhpAaMm6fc1Sj72XYt5WKOrj942lMnV/rOwVlbc0xbc6JWE+yxpRifOTikL3nR1wY/+eHLvDj0sXVeX8blhb/60Z79nFMffDMGeC1VoApUgSrw+RV4+IfeF1988etl7CXDZXRkSTwuYuJw8XGBeYnNeFyOeWkzj48csxaDMdsTz5iMY0PfMi9m4q4uUS7Z9MMfu+R5KYcZc68Pfj40iOtDQw6pMZyyb57UjCdfNdVmFevcHDnPj/Enl62+PCYOawUWfrNMrmgy/fVb7afEm3uCOX2IM3Hpsx8mB/y2+DJHHHAtxri0rx1xzc2x1lWgClSBKvD5FXj4h54XnBcZF8+f/vSnQ5Xy0heUC4p4xOazKnnxe6E5trJnTMycz0saf4o5azcv5q1LFL+8pPGHG/aWSznMmHt98Gdc+moHh9R49uVGnX70p6arWNPfveJPl+irbdrSnly2+pPHxDEmtWVynblpR81crlPO0Z57gjG44sOH9qpMDtjMtdQPDvCntkxe5/r4qcUWJ7FbV4EqUAWqwP0VePiHHhLwsOPC4j/E8PI+Upp8hIjrZeVjxfFZ+1M0MHwMJEfGxADTthc3eVGY8zHinLHmxbx1sU8//H0MiHUphxlzr796TGQ+cMDfMvuOU8+HhJpqs4rlXNbEgAMlc9ZGPpPLVl8eW2srLvz5UCbXmRs28ljNiUm9tbaMzzjGhutqbq6lWmEPnvzBmbz2+sypOXHBbakCVaAKVIHXVeApHnr3lsjLNuN4sXPxrUpehtiIwXjOMe7jIB8cXIJchhbmiAkWHy9M5udlzRyf1UWa48TV1lj0zWmPw3wM7PXBBtdCP7nRVh9sZl8/arHQgoKfOTif+p6MPv2Br7kxJCcxXAc1xmZy2etvrS348iWG/IhjG24zN3wYo2Bn+zQw/gCLfIxDbX6u89QYCDDlICRj5Inf999/f8JJbbAH31yS1+RpP/kYlxi5HsZvXQWqQBWoAp9PgXf90PPy9CHhJar8zG9dVD4e9NWH2jFq/efYjM2FiY0Xr/bi2qf2onYuay997MDksvWiTgxzyzE54OM47cx11Sc+MdJHTokFzuxrl3XGsz1jwHUWdZGH2mO3ijvHzvXBEZta/JmX+yjXQq7mgz/xKOrOmGulvbX7JTn6OMPGh5b8mMs1Sb20dSwx5cKYbXld09eWfFuqQBWoAlXg9RR41w+915O9kavAdQr40LvOq9ZVoApUgSrw3hXoQ++974Dm/xQK9KH3FMtUklWgClSBh1OgD72HW5ISqgK/VcBHnv8s+9vZ9qpAFagCVaAKbCvQh962Np2pAlWgClSBKlAFqsBTK9CH3lMvX8lXgSpQBapAFagCVWBbgT70trXpTBWoAlWgClSBKlAFnlqBPvSeevlKvgpUgSpQBapAFagC2wr0obetTWeqQBWoAlWgClSBKvDUCvSh99TLV/JVoApUgSpQBapAFdhWoA+9bW06UwWqQBWoAlWgClSBp1agD72nXr6SrwJVoApUgSpQBarAtgJ96G1r05kqUAWqQBWoAlWgCjy1An3oPfXylXwVqAJVoApUgSpQBbYV6ENvW5vOVIEqUAWqQBWoAlXgqRXoQ++pl6/kq0AVqAJVoApUgSqwrUAfetvadKYKVIEqUAWqQBWoAk+tQB96T718JV8FqkAVqAJVoApUgW0F+tDb1qYzVaAKVIEqUAWqQBV4agX60Hvq5Sv5KlAFqkAVqAJVoApsK9CH3rY2nakCVaAKVIEqUAWqwFMr0IfeUy9fyVeBKlAFqkAVqAJVYFuBPvS2telMFagCVaAKVIEqUAWeWoE+9J56+Uq+ClSBKlAFqkAVqALbCvSht61NZ6pAFagCVaAKVIEq8NQK9KH31MtX8lWgClSBKlAFqkAV2FagD71tbTpTBapAFagCVaAKVIGnVqAPvTsv348//vjxw4cPF0X56quvPn7zzTcX2e4Z/fzzz6eY1JSffvrpN/0932vmvvzyy4/ffffdpgt5kz9FTnBp+UsF0BE9z5V7reW5uLfMv4Trar+c229yvNRO+yNqvrf53b0Hh3NnCfE5Qyyz73jrKlAF3pcC7/qhx6HIY2T1yQPz1i3hRXfJQ49DGbu8LG6J6wUJlg+9W3DO+ajd3kMvMdS4D71U5X+0vcDPPfQ+19r+JcPrR17K9db9cu2+NDP9Mu6le/uo765cVvU1Zwn+cCeXI86xFZ+OVYEq8DwKvOuHHsvkATqX7KUPLvG8xO3v1RzKR8T1kr3nQ488rvmphZze20Pv0ov20X+id2keub/9bt2yD1+yX67Zl/DlQTQf2eTL+KXc+d4e8d1N/Wb7mrMEX/jcsm4zbvtVoAo8twJ96H36Z817LeM1hzOH8hGXhZfkpZfUrblfc6HK6T099Fj7+YDY0vqRH3rX5JH5PcNDj+/c1hqxJpfu1z70cuXbrgJV4JEUePiH3p/+9KePv/vd705/u+Zv2F9//fXHX3755TANvYwE5FLjs1U40OGBTT7KxGGOjwW7VV+7jJUPvTnPZcRY2huD2ocUNv6zjQ+9azgYAy60qSmzz5gPPbnlhSkfL8rZP4HGH3JEU/jLXT+48HE8OTFuHCG31gN8cpEzdupljIkl5hZH5vWVy8R03XJcbfFnPPVLOzGxM6/UJfehXLdswaXI1z5jasKcXCYP8sjY2F4SP2Nibyzju7/sGyPXgljq6Lx5JAewwWHM+VPS4w8xxBzTZ7viE492ckiuAMmDOtcdH/pw0AZesw+GY9YzBjjJQeyzidSgClSBN63Awz/0vAA8BKl/+OGHwxbFizPxOUhXBVsPUmovQ8bz8KZt30NZPHy8vBKDeXzEpz8PcnxX3LywqClg4Es/8ztNfrrQVxzAVwfmxWUs+/pqb1z65p04xBVLX7lY40tRL+z5OM5c6sVFbizmjMc4MXKONh/mtJOzvva1ZXwWuSRHbMC0GIM+bX3sM2bBz/60ZW7FidzMARz7Ylrjqx01Rd6z75ya6etem9xYB3mLKVfjU8uNOezE1wZtxGHMNaItBzAo2MJbTnscpi19/U5gn/6QuzFy7lyb+HwocrU/45Ojc2pCzbhr5DwaMJZ92/KdfbAYSz94MTY1P5dX56tAFXh7Cjz8Q8+DMGt+qndU8eAVj/7qUmBe23mpecgmR9oUD2fxs2aOS8HCoewhzhgYyWXrwsqLBD8vHnlew2HG3OvDJy9q9UkOjK36p8H4Y8ZhKi9C5v2QFzqlVrTlQlvbrMFkbu/yA2NrHqxcD/DUNuPQJm+wcn1pTztjTduQ5oSjnRq7tnOt02/anuunb+61PW6XxEdzPrPM/UOOxKKIC2fLSv+0VZM9XLGoXbuMkeOulZzSlznjMT5z3OKKLXPGnPtxry/f5JGa0U6dJ1b6tV0FqsD7UeDhH3qry/Hbb789bIW8/C4F5PD0AvDSZywP2MRaHc7Mmxe1ZR7U87LA1pj6UOdhT99L0ovoGg4z5l4fPnkJppZy8EKb/eRPW47EU0uwyW1VMhbzcNFvbz2Y28IkNp+t+RVHxnINkyv8c4429qsybbWZnMzbtVVX+/pRT9tzfXwyR7lucUNL+e3F1ya50UYPsC25j80LzhZw5OTYisMern7U6pEccn5rvfRL27nnVlyJoxbmNffjXt+1ybipGW38LRPL8dZVoAq8LwUe/qHH7+h98cUXvx6QHGb3/B29S5ffQ5sDe3WgeuDOwxn+HPZcZMxxmVjmQT0vi62LEcxYLwAAGL1JREFUZ/p5SXr5XsNhxtzrzws185GDF9rsm/OsvUTRl0/qgy1j5qWWcEy7vfVYzeELhvjg7pXkOLXFjzFsJv+pF7buk5XtipOx1UBd7SfvabvXd04+cCUPyuRG331xaXw0nbpOPZgHmyIuvCzGpL/HYQ9XLGtswV3plxpoT61W6YNuaodNcnWPmBtz5oVP6rLXFye5JEdwksPESr+2q0AVeD8KPPxDz6XgYOTRd3Tx0L4EF9s8SDlYGRPDgxwsD+88nL28vCCY46DGn7F5UDMnpjh5gcjZOWqKl6AXmPPMneMw8ff68Es98tIxDrllXPunwfgDXwv8+YiRMdSVefPVz3pvPeblp62+4BJjhb3iiB8ayYu+bTD0MSds1YCacQq1tnucnEMbihrZPw1++mPa7vXRJXWGC/z9yE2e6pPxHZNDxtMubdDJmNqiDzG0Z9ySe1F+zGlLDT5z6so8cbIvXvqCjX+WjJHjtJnjY8Gfj/kk1xmfOfKCK/buF7D2+tjjK09zlUPqucLSrnUVqALvS4GneejdY1k4GDk4/WxdBsbmcE4fD3XmPYTF2hpLfy4K7BnLcXETk7G9iwfuxsaWthef49SUjJUc0i5jM77qg6W/NowRdw8rL+8ToQUnx7FNrLzkctz21jx46oItGlgyB9uugTbUUzfnZr7ml+Parjjk2hGfIg+42rY21y1t8J9zq/UTh3rOGwucmcfkK445ruInBtjTBm35gJ22YK9y2eIgb/ywyTWjv1VyXcxHnls+2lHj757JcXTd0ja50U4Oqz48Eiv5JZZc5MFcSxWoAu9XgXf90Hu/y/78mW9d2lvjz59xM6gCVaAKVIEqcL0Cfehdr1k9XlkBf+JDnYVH3hzL+barQBWoAlWgCrw3BfrQe28r/kby5VHnP01Z96d5b2Rxm0YVqAJVoAocpkAfeodJWaAqUAWqQBWoAlWgCjyWAn3oPdZ6lE0VqAJVoApUgSpQBQ5ToA+9w6QsUBWoAlWgClSBKlAFHkuBPvQeaz3KpgpUgSpQBapAFagChynQh95hUhaoClSBKlAFqkAVqAKPpUAfeo+1HmVTBapAFagCVaAKVIHDFOhD7zApC1QFqkAVqAJVoApUgcdSoA+9x1qPsqkCVaAKVIEqUAWqwGEK9KF3mJQFqgJVoApUgSpQBarAYynQh95jrUfZVIEqUAWqQBWoAlXgMAX60DtMygJVgSpQBapAFagCVeCxFOhD77HWo2yqQBWoAlWgClSBKnCYAn3oHSZlgapAFagCVaAKVIEq8FgK9KH3WOtRNlWgClSBKlAFqkAVOEyBPvQOk7JAVaAKVIEqUAWqQBV4LAX60Hus9SibKlAFqkAVqAJVoAocpkAfeodJWaAqUAWqQBWoAlWgCjyWAn3oPdZ6lE0VqAJVoApUgSpQBQ5ToA+9w6QsUBWoAlWgClSBKlAFHkuBPvQeaz3KpgpUgSpQBapAFagChynQh95hUhaoClSBKlAFqkAVqAKPpUAfeo+1HmVTBapAFagCVaAKVIHDFOhD7zApC1QFqkAVqAJVoApUgcdSoA+9x1qPsqkCVaAKVIEqUAWqwGEK9KF3o5Tffffdxy+//PJG7/u6/fzzzx8/fPjwkZry008//aZ/VHTyR4etAocff/zxNC0nuBxRbtX/XlockdPRGKn/tdjT99xai//VV199/Oabb+y2rgJVoApUgVdW4F0/9LiUuND8+Gihdox6Xlw8Xhh/xIeeDyr4+dC7xx5TOzU7F0M9j3jo3ar/59LmnBafY569ieY+tK+Jeasv3xNizu/LKrYx3BdZX+K/wuxYFagCVaAK/KUC7/qhhxz+hGdK46Ng62Fy60+UZpx79OV+z4cevLmsL33oyWlLz2t1uFV/1/ve2lybz549j+pbyq0PPWLd6nvNT/R4hLKHZulDbyrSfhWoAlXgdgWe4qHHpcwFzeeXX365PduFpxf/nDr3MLn1oTHj3KMv93s/ZvrQu8fq/RZza3/+1mrdu/WxBtqtvkc89NbZdLQKVIEqUAVuUeDhH3p/+MMfPn7xxReni4fLh8fFkQ+YrYvUxxLzq+JDT/95McKTMTmLwU8ruAxzHht/ikGdfXlgT6ytf4rTDl+4UauT/9QpB+ex4WOOYtCXn7xmHyzG1AEc+pbEYmz2tbOWI/HAlLt+cnXcuJmLeYBJWx9qi+Pg6CtvOdjHB1/GWTPa1JTZF99a3pdq6brLGX/5OAZfiv3kY9ysmQeDIl9ys+3aGts+9um71ZeHmhgHHLXFxjVjPgvcUmt8cg3Ttu0qUAWqQBW4TYGHf+hxEXihWH/77be3Zbvw8uIXe9ZbF48XmZccfds+DAjnhc+YPsTIyw+/vGRp22cO28SZaTgnJr7GyPz0c44++PLO3MFK3+wbx7XJ/sRSP2zAty8Xay98dJIfPo5jR1721ZKaYh8fYsiDuczRnOSMn5jY5uODcTXBzxzMw/4qJ/3MxbizD4Y4p0Q+PaBdf/VwDr7OibmKjz2x8J/4zKGJOPRpZ19f5tQBLMoeB3DxxYZC3/ZpIP4wN+z9bOUSbm1WgSpQBarAFQo8/EPPCyDrr7/++ooU9029LKeVl+PWxcPltfVAmFjYeUlymXL5Zdm7dOdc+tnOi5cxuVNTvFC1zxpf+ehnzuf65JWXeGp5zjc50GZ91cg5sHPdbYPNXOqPjzqjsbZZYyNHMCgTBw6Ji3/yOtc/gcYaXKqlftT56NpbO2zhY4zEcA6szEebua8ypr57eYujrRzO4abf1Jq+OGnXdhWoAlWgCtyuwMM/9Lg48rKm/cMPP9ye8fDkYgFzlvlQmfPnHgjYe0mD76XJherDSsy9y1EeYKwubDDwh49FHx8z8nDeGkw+8tHPy/ZcHz4ZN7U85ysHaznCB40oYMtNO+upP+PwAWc+WvShlqPaTBz8U2f4MGY519fuXP5zHj/HUgN1Edca3tjxcb2cs3Z+ZbO35/DHZy9vbFYczuHKjXpqnXNtV4EqUAWqwDEKPPxDj//4gp/gcfHwu3pcLkcWL/6J6aW7dYnuPRDE9MHiA4QY1z70khcarB4+83KVOzVlPhbgAxaFPMTUz5zP9cHJ9ciL+5zvKfjiD7UDd2osX7BXc+SE/0pj10J8MMTLh13mwDyYjFnO9bU7l/+cB1cecJXvXDv76m7Oxs1artjSzjL3TMbETl99sr/H4RyueNTgmHOOt10FqkAVqALHKfDwD73jUl0jefHP2XkRz/n50MhLa16aXGbM82HOh5WYOWZcLlbHGaPAdfoyDm5exF7sjOHrvBiMW7AFExtjE4dyrk9ecLSY5yW++ljnhQ8nPsbPGOZvjvqbB33XlDGLfs6BTUlt6MMDfeSTujJ/rn8CvUA7c4MPHIyHP/nyYVy+jJtj5gUfMYxtnVzBTx1pq4lcsNcmfcHLPn5bHJgTAz/a2Zcb9cw759quAlWgClSBYxR41w89LiUuMD9eXtSOUc+LKue5QH0sYEvfy1kMxpxzzEuWZcyL1gvZmNT64+sDZS5/csJH2+TGGCXxbE8tpt/sk+PEwoaS+RBzy/dk/OmPjA8ny9Qy88+cU098Z0zGtrDUAK5gGp++n4m36sv5XP7Td/KSD1wocgB3+mqbuqQPvvikvtgmRzDYM+454+k7+1sc5IK9ePqKrUZpaxznWleBKlAFqsBxCrzrh95xMhapClSBKlAFqkAVqAKPp0Afeo+3JmVUBapAFagCVaAKVIFDFOhD7xAZC1IFqkAVqAJVoApUgcdToA+9x1uTMqoCVaAKVIEqUAWqwCEK9KF3iIwFqQJVoApUgSpQBarA4ynQh97jrUkZVYEqUAWqQBWoAlXgEAX60DtExoJUgSpQBapAFagCVeDxFOhD7/HWpIyqQBWoAlWgClSBKnCIAn3oHSJjQapAFagCVaAKVIEq8HgK9KH3eGtSRlWgClSBKlAFqkAVOESBPvQOkbEgVaAKVIEqUAWqQBV4PAX60Hu8NSmjKlAFqkAVqAJVoAocokAfeofIWJAqUAWqQBWoAlWgCjyeAn3oPd6alFEVqAJVoApUgSpQBQ5RoA+9Q2QsSBWoAlWgClSBKlAFHk+BPvQeb03KqApUgSpQBapAFagChyjQh94hMhakClSBKlAFqkAVqAKPp0Afeo+3JmVUBapAFagCVaAKVIFDFOhD7xAZC1IFqkAVqAJVoApUgcdToA+9x1uTMqoCVaAKVIEqUAWqwCEK9KF3iIwFqQJVoApUgSpQBarA4ynQh97jrUkZVYEqUAWqQBWoAlXgEAX60DtExoJUgSpQBapAFagCVeDxFOhD7/HWpIyqQBWoAlWgClSBKnCIAn3oHSJjQapAFagCVaAKVIEq8HgK9KH3eGtSRlWgClSBKlAFqkAVOESBPvQOkbEgVaAKVIEqUAWqQBV4PAX60LthTX766aePHz58uMHzvi5ffvnlx+++++6+QW5Eh9dXX331q/c333zzm/6vE4vGjz/++CK9iY02q/Lzzz+fsFnT1yqXavESHab+r5Vr416mwKV74jK0WlWBKvCeFXj3Dz0fbTzc+Gw9CNwkae/YS2suYeNzwG8VL3pspx2PKMbBerRifvnQ+1wc1WxrXdX9tR56l2rzkn13aYzPtSaNs69A12tfn85WgSpwnQLv/qGnXNf8NMxLV98jan+yxMOD9qr4mNuavyaHFf49x7i8XuOhR07E3nroqftrPfTgd+lPb3y03rJOr6n/LXxv8WENyfMtlEv3xGvk+lrf49fItTGrwFtQ4Ckeen/4wx9OBziH+J/+9Ke76H7NI+keDz2S4nCHx/xpHXPEZHzvIXhNDncRcQf0NR8axO5D7/Ue2jvb4tApHiB96B0q6V+A3evs+4tAHagCVeAwBR7+ocfB7T+vWd/jsXfukeQBBwc5uQr4yi0fFP6tPH1pbxXsxZ4/tWPOnz7NOfHMwQchnCzJwRyco58+5iLX2ZcjNX5bRTvj5U8CaKcvNvzESi1TR3BmX8zEAFOu1Bb9UwNiUdTUXI0v18wBTO3Ewl+f5GJs64njODV+xnM88zCmP9GTMzbgbpWMSZsY6SuuseynX+Y846gBuHDTP2PgT5+ifc7LXw72sVdX7FPb5Kdu2ooj1xx3zdURTOwzZsZlzpyIQx9f/Y0lLr7aiE38LMlHXXLetntCHHDTPjlkDHimjxzN0TzsU+PvuPb0KcwzRj9jMiaGPtqZAz5wSb/MQbvWVaAK3FeBh3/offHFF6eDJg8TDo+jC4edB9fE9oJy3EORPoeYhyKHGDwZ84DMww/e2oqVtXnhk1zAZU78rcPSS4T4FPq2iWtbbtokR8aM4yXHGDb0mTOHxMEmC3PaMZ4xyIW++cqbMXNzHs60saFsxYebNsZTQ3nKJ7llrhNDHDnhz0cfeMkZX9snovEHOSQ3MLC1oIPcGMs5uTM+tZi44lFnjmIaQ/5wthDTfuaBj37aWpuTuVOD7Th25EbfmGCbn/nMPn7wZ56Cv3uFcT4WfO1jZ1s/4lKMZY2f+GJlTc6JRW7aE0etzA9fxsFN7Gxjax6ph7gZH7vpS5+CvTjGFRsb7cSbupgbONqbDz5g5Zqjg319xGZOLmCAR82Y2M6DYVv/1lWgCtxfgYd/6HlYZP31118frsw8DDMAh9M89OGzKuB4cOPnAYltHpgrXw9B7BKfPheDl4OX18SYORA7eWvvgWyfWHJmzDh5+GNDfzUnTtZwSf+Z+zz0JwfswaBk+9L4mXv6g0euYos31ypzsZ05qCH+FHHs60NNrJW+jmVsxtBifojnnNhysJ/1nv5yzfVxfRODduY854jBfBb6kzt9YspXjfb64LhGic/YxPc7lnzEnrZoOHVMfNv6y9XvpvPWYCVP4jFmYc5+7knm6TunvXXuCcfAhhd+My85MDe5pi7Gdd1WOs/Y2IBLgS+xt4ocmZ9cwJ3ctnA6XgWqwHEKPPxD79tvv/3NocZP+PidvaPLPAwTPw9rxr0E0sYDkIPOw3vvwExf23kIguNh7LgXtJePftYzBw5aMbRhDGw+luTMmHHI04KNfTDFmPjpnzyx87LAZl4CkwMakg8FX9v2t+K7NszLbfontrmKl5xPwT/94bw5GEd7cexPX/eE47lWuU+Sm7bWzMHDIgf71isuqb/zrid+4GbfMcbNWXxr46dNxtHOWns1OtdHI7D56MPY1FL81FRs57KeOuZctsnbPeR3MOflR22Ba/JLvoxPW/H1t8494RjY5JW8nLNmbnIlZsZJf8aTEzgzNjb4ULa0w8a1giNlcgF3cjsZ9o8qUAXuqsDDP/TI/ocffjgdGvwk7x6PPGLkgTwVnwdlXiK2PcASZ+/AnDHoi0Hbg5OD1YPTC9pLb2JMnnmgg+1FIWf95+VkHONip68+1B761FlW/nlZYDsvgckBTC8XfMltloxvTH0y9+mPn3j6kSsaOW4s+nCjZA5qiD9FHPunwU9/gJFryzBj6sacvM0p/Rkj3pyTQ9rSlgvzluS+ms/13cpZrFmLRx5Ta2wZw0a+tCnn+sZBG9cAbuBlUducm9jGQ8OpY2JlWzvq1FI+5MEccS1zHzOHjYU+Nnxcc+eyzj3BuBpT42fO+thfzaUu2GOjhqv1mrGxkauaGNe+eOSlVpMLuPLUv3UVqAL3V+ApHnr3koHDiYOJwmHoBTTjaecBxmHlYT0PLw92DkDmPCDBzANzxqCfh6AHe/o7tsVz70DPAzgvQdt5GcEFe8fM37HkBGftMidssLfAjb6+1Jkvc9lXR/yJT59C7mLQN/7UFhvG4Jb++DCWeMR2bWljT1GbUyfWD3/nXIu9tQEvY+BrfLDJIXPCNvu2icucRQ72s8YnbYmXuLTBo8iPsb//+7//jR9zYGmbMTIH5slDHXIt5S9fNdvrEzdjmotc8aVQM0Yhjn7EgF9ylB+44p0cd/6YGOZnDmBhAw/nkjdz9okv752QpylsJ3c1lb+4xHUODWwbI8eIT+580IpPxsFnjmkPjv7aqbmxsMUGbhmXeXhNbvq1rgJV4H4KvOuHnocWh5OH5pbUHFAeeLaxTQzmOTSzpu1hqD/9LByszlF7iRBHXsbUjn4W4zIPHjG0pZ/+2lprZyxwk5NtcoVbYs9ctjgRX9v0Nw845DgxJw/4bsVn3Dyozc3aMXJMu2yTX9oTP/u2rfWde8D1Sy3UUB7O5bqoz8wF/Ml7xhQv6+SZ+mOTfGyDSUk/265T4id38rJMbuQzx2Y+s/93f/d3v9kPzFsyrpoxZx7J1TWiBmPGEXOrBpNPltyn6pNjxnLOvvySE+2tknlmTtgnFnEoySHtU3ts+JiXXMSQi+PU2OJjcY51nXqaszW2cNnLRdzWVaAK3EeBd/3Qu4+kRb1FAS6EvMxvwahPFThaAR45q4f7LXHAmsXH0hxvvwpUgSpwlAJ96B2lZHFepEAfei+Sr853UiB/kvWSEP5UbWLkT97mXPtVoApUgSMU6EPvCBWL8SIF/KegPvZeJGOdD1KAn7y5Jw+CPMHkP1+K359iH6lwsapAFVgp0IfeSpWOVYEqUAWqQBWoAlXgDSjQh94bWMSmUAWqQBWoAlWgClSBlQJ96K1U6VgVqAJVoApUgSpQBd6AAn3ovYFFbApVoApUgSpQBapAFVgp0IfeSpWOVYEqUAWqQBWoAlXgDSjQh94bWMSmUAWqQBWoAlWgClSBlQJ96K1U6VgVqAJVoApUgSpQBd6AAn3ovYFFbApVoApUgSpQBapAFVgp0IfeSpWOVYEqUAWqQBWoAlXgDSjQh94bWMSmUAWqQBWoAlWgClSBlQJ96K1U6VgVqAJVoApUgSpQBd6AAn3ovYFFbApVoApUgSpQBapAFVgp0IfeSpWOVYEqUAWqQBWoAlXgDSjQh94bWMSmUAWqQBWoAlWgClSBlQJ96K1U6VgVqAJVoApUgSpQBd6AAn3ovYFFbApVoApUgSpQBapAFVgp0IfeSpWOVYEqUAWqQBWoAlXgDSjQh94bWMSmUAWqQBWoAlWgClSBlQJ96K1U6VgVqAJVoApUgSpQBd6AAn3ovYFFbApVoApUgSpQBapAFVgp0IfeSpWOVYEqUAWqQBWoAlXgDShw00PvP/yH//3jv/t3/9tHnPupBt0D3QPdA90D3QPdA90Dj7kH/uqv/vPHDx/+9cd/+Id/PL3ZqLN8sMMC/vnP//zxP/2n//Pjv/k3X5yccOynGnQPdA90D3QPdA90D3QPPO4e+N3v/vryh94//dMfT8a8CPupBt0D3QPdA90D3QPdA90Dj78Hfvnll/2f6P2X//J/9Z9r+0/V/af67oHuge6B7oHuge6BJ90D/DMuj/Isv/7TbX+S9/iv9f6NqmvUPdA90D3QPdA90D2wtwf4yV6WXx96Odh2FagCVaAKVIEqUAWqwPMr0Ife869hM6gCVaAKVIEqUAWqwFKB/x/VgQvTAeJ6pgAAAABJRU5ErkJggg==\" data-filename=\"image.png\" style=\"width: 548px;\"></p><p>Urutan-urutan jadwal berikut ini yang memenuhi persyaratan-persyaratan di atas untuk mahasiswa semester 2 hingga semester 8 adalah . . . . . .<br></p>');
INSERT INTO `soal` (`id_soal`, `id_paket`, `id_topik_tes`, `id_event`, `id_skd`, `soal`) VALUES
(85, 3, 1, 1, 0, '<p><img src=\"data:image/png;base64,iVBORw0KGgoAAAANSUhEUgAAAnkAAAD7CAYAAAAW7oJbAAAgAElEQVR4Ae29vc6sR5adeQTIkgB59AUIkDDgQOZAXk07ahmadiTwGngPvIHWoEG7HLrlNH0N6DTQRqlRHt1yqgHKp9EX8A2e7PMQi7viffPNn+98medbAeSJv73XXntFZESc5KnuDy8vLy8//fS/X/70p3/s5zPU4H/+z//v5cOHf/HL53/9r394inX+9//+P/zCWf7Pwr3fpc/jLMk9+D/+x//7FN+b7r3PY+91HbuO1+6Bf/qnf+JZ90v5QOuv/uq/v/zbf/t/9FMNuge6B7oHuge6B7oHugeecA/85V/+1cvf/d3f//LAo3F65PHA49XYX/T6t4dr//ZQv+6d7oHuge6B7oHugbfZA/yCx1tu95HHL3r/8l/+m5cPH/5VP9Wge6B7oHuge6B7oHuge+DB98BvfvOXp8fd2UceBv/pP/3f/Zn2CX+mZe36qQbdA90D3QPdA90D72cP/MVf/JfTI5xf8Fj33V/yMOBXPH5ubakCVaAKVIEqUAWqQBV4XAV8t/WR97hrVGZVoApUgSpQBapAFbhYgT7yLpasDlWgClSBKlAFqkAVeHwF+sg7uEZfffXVyzfffHPI+ocffnj58ssvz9r++OOPLx8+fHj56aefztrW4D4KfPfdd4fW5tZo7BX2zLMU9iH79pryqTSF2yXfw2tyucXn3tzujXdtbvBgjS2cbdl3/JZ6xpjfn739OW1v4fGWvkfvjcnRe2SO39KHC5pb3kJj9tmRM+lRvidq9Wj1u33ksTHYxKsPc9cWvxznHnk87IzdR961aj+fn/vDtc8MPKydo9/yHApwCbJu1J9T8Zy896PuEo04S9F2deHDi7lbzuxLuDyabZ4Z9+I2Md9C4701zzw/1+9d5nhr+90+8hDOzZwiOsbBce3ji8Po3CMv418bJ3m3vVaAA4o1fbTiY291Oa3GHon/p9SUQ/xZvh+s2+f2yGPfkRdr/pZl65EHJzR/9O/Ma2rnnXXPGJ5PYr6Fxtyhq4e9nKw/1++d+d1a95EXP0krJpcKh8qRh5o+WfeRl2q8bZt1fNRHnn9Dnhfoo19Yn0pTv4d95L3td6iPvLfV/1z0PvI+z79cnVv3o/N95C0eeYjnBewDgQffvIxTZP/mwwWIXT4QOSQZ96OfX04vMfvaZTzj8zcq5sWffbGz1jd55HyOG9MLVnxsKMxPftoyrl7a2IeDWM5R+zc15rOfeua4scCVt9wyJ+2MpQ0cbGMvttzUVSx5YQdmlpUWzhMDzK1CfuQghjphn/zoJwf1Yjw1WsUyd2rx9TFf4quVNluctRNXnmDZlr821BZikYscmMt8tKOGS2KYH/7gWFIb2hY5qS9YW/lpm7zIdfbBnrySi2ueMd0z5/zkZ57E2soVTOySHzFnHww4qTM+qanc1Cxr/aj5ZJ7iZU5gzz54xsQ/dTFfY85ciYmvxZjyZ96Cnf3UAD7JCd9VHnLM/SO2tfym7eynvVzhREFvxuAEX9ryZh5uyWFPr8xLOzDEBZt4sy8H5inUfpKLOp6Mxq+lzuEHj8RkDE0s6iZH5vcK9mLQVjt81Np5ceCdMTPnjKe+yT/xjY0PbQvYYKbmtJ+l9JG3sencCNRuGjbJqmCTm4K2fTaDbXzZQOK4afiSUIjjpvNL4Th+fJxf9Z07gX38Q+7YuzHhw7jYjsvHGp/88jguvtjUftHFwsaY2qUOzidn5u3TFgsO+pq32Ku48ptzamruYIpnXPq2iWv+Yjm/pwU+2Okrn6yJYX7q47z86MOR2BR8wKUvH+eMmTqJZ95yNgfn6fORj+Or2rjaii1nxuWAP7jYyJ2+uuhrDjOefJ1XJ/woYBpXXoyJa2xs1WfGSFt5GSf72SYGRV8x9ZMf/Wyv/OQLBvZ8bCd/cPRHX/mokRzUwfWhj5/j2iWGY9bJW3zzwA9echGX2pLzjOnLuHZ7uZIbtuYIBn0+lpzHLnWTG7aM24eHGOZB3/lsG0cM5nJ+1RcHbPNkDFt10g9dHaOtHb4W/eRgjq6Jdoxja0GP1I68E9f1oNZOTGqKfBLT+Kkp82CIqR+5yQtuzsPDttjWzOFPEcc+MWyrm33iZB6Zq7HFo68tPOiDx7z5Jb422DmPv225P3LdR158OXKh3BRupL3NyYJr5wbNjZa42LrJ/WKxqWZxzvEZ/1xfP+ppa25uZjZwfuDnnF96cPDLvOi72Vf2YOo/OYDHfOqGTfbNIeOei6MP9cp2fkH3OORagZfrnJyYo68W2nqY0J8Fe7VhDh76W7sHmMuPvoxZsHVtmE9729g4px/1Sqecz/bKdmqa9uTifqeWozZwg9OqmD8xLat9lHNiTU4r3vpN23N9/eRnn1zxtdDOvuPpt1oP7TLXlXZpZ95iG9fvsrbWW9zUSTvqXEP6c81yXn/GKPCC0yzw0oa5zJU+c+ZAf8YE172EHfb0V7GMrTb2Jyb+6qiN9eS31TcG2PkBV22SIzb299Y49SJf+hZjbvWxzzipqz7UaQNf+pajGpsjNWXqxDold/HJAdss9F0PuMyPecy9khgZb6UvmMZIv4xt7s7nWjj2yHUfebGRc6FYSDbA1mZNW+z8ojLOppkb1i8itm5yx4whJhsTOz4W8PRj7Fxfv5VtxiXGjI8PY8xlXoznGJvfPFf2aTv5ipVfMGyyL3dwjsbBx7LiNL+wYGfM5DDXEdtcg8wvtSD+3sHDPNiprWsCPr4Ux06dxR/JFT/4UCbvdGVOO8dXOjk365Xt1BQfuadmcHQdxTWH3PP4EEcM2hbscw0YNyf8aFNWnJgHc5Zpe66Pf/IVb645OHyybPnBbfKbudLXLjXJOGijHsSdWrl+4Exu2ONLnCxwThx81dkY2NjOdUs/Mc1BH8ZnrswlvxkzeWInZvoYjxo8bRyfmHDIvLSjnvy2+uaevrbVPvcgHOyjFbizyFu9Js9VzImrnnCYORLXGHLBhjHLEY3Txv05dYLHak8wZn7GzDwzH+etzc0+tZrgZzzqqW/GwM+88VMn8kpuK64Z+9HafeTFRnZx/DLmws7Nqi11bgj6bA4308QC003nRvQL4ZeEceeMM+Of6+tHPW3BZkxu9C2MwW81hw1z5OtH7it7bMSeHMCaumHjFwudmAd3pae44mQ/c0kOjM8v7B4H7OGEDZ/cD8xtacEctsTaKuQ0OYtHTArzxFVjx9SIWm7U4jmesY23mlutXfpme2WbmjqvVtTkRaE2NzHpy9sx61X+2IvnvDozR36U5CTe1NLxabvXZ06tjS/OXHNs+VD2/PTXxvXOXLWhJg4cLMlDbeRoH1vGwKQkN3GoV/sj1xAbcNSZvmtObTzXwj52jMmbcXAtM9ep5YyZ/uSCvTySm5qiUepE3IkpZzllPflt9Y3hGoLBGJzkR98CB/vkBK6F9kqvGduY+lG7vsalxs8+NrTBd42Si3Ni7mmMP75i0zb/yXXuJfFn7ozLl7b42lPDiZJ7RY0Zc878tmKgnxqKmbHN/QT48RwT37FHrvvIi8OShXKx2VRZ5mbNOTZBbmw2AH19ckPQZrPxhTCWXwh8GKPkHG2xjHuurx01tisOzMlVe7gRzy+LfJin7ZdA+6zhT14UcOib0+SLTY55qGD/u9/97ld6Moct8fmIaezZd5zaOfhQ5heWeTkzTxz72Gb+J4CPf5zTAl33tCLGChs/OFhoZx9M1oZPrqn21uSV87aJy1yW1Vrn/GzvaYrOxsKPNmPEdU8Qj8JY5jbjyIva9cPeNlqkxsyByYfxzBOf5JWxsM25vb654+9ehB9tMJIPbftbfr/97W9/yQdMclCfzBX+5GXJ3BijTyx94ZIxp9ZyS8zEVg/wwOGj7rSnH1zBdE/TTju1MobrIU7mis3UMuObb8aSL7jYWmhrJwfXK/lhDwf56G89+e31meNjcV3UUj7MJz+46ydXMVIvcxRHrTNv8kiOxhYfXDQDyyIXfPkkHjG2NAZT3YxDPTmsYhpbP+JQzB8O4JgjdhTGjJl7RZ1ORpEjtuqWGOoBvrHxNSdjmztzM4axHrV+t488Fo0NtPrkYrvg2uWXIhc18fB387h59WecNjaOUWOXY9pR28aO+Of6yUv+k1/aTLzJ2cNkjsvfL5tfInlS4zvxjY2fGGomVvLV31qfPAiMJba1OH5Z9XXcPvOJTz/z0Y6asqdFYpPXLBkH21nmWMZWH3xy3Lb7c/JDK3y1o6as7OTvuq/44Q9e7ln8Jp65qid9x+Qw8bOv7WofzfVPW3iZB3GYW5XJ/5K+8agzFhiJM/vphy7p6/ppA3fG+KQdflmIwbyF+akvfT/iG08/6lxDc9NOf+rkwDy2FtcGLIsx8bUNbwp9Y2SezmOTsd2bzDuOn3kzBl7OG9NaP3xyLPOSm7bmudefXMFLTfFVH3Hoi40/JTnZVo/My/ZHt18qsDMX9NEfI+aMT20M/5LtnPj0VxrDW1sxEo82Nrmu9GdJTbAFa/I3jnkkJmNTZ/mAo76OgWXJ2Mk9bYmVudJ/hvJuH3nPsDj34shGXX2pLsXni8BnlntgT8xH6K/y4hDhwHhrLeQxdVpxnjZH+uDfC8t44LEXP0XhwH+WQ/hT6PHoMdgXeaE/Ot/X4Mf3o3v2NZT9Z8xPef68XhaXI/eRd7lmT+dxr0fe6iDmsfM5Hs7klX/Tc9H9G+Rba+HfKuVFfa+HGTmS373Lpzxk+8i79+q9Lh77jf37ngvfDz4tr6PApzx/XieD61D7yLtOt6fx4vD0J+5bDxAfPuJRf85/8+ShkLnS9kH71lpwIU5ur/Ewu9dGZ+/J97V55rp9zvvzXmvzVji5Tn6v3orLW8XNc6R79fVW4VOeP6+XxXXIfeRdp1u9qkAVqAJVoApUgSrw0Ar0kffQy1NyVaAKVIEqUAWqQBW4ToE+8q7TrV5VoApUgSpQBapAFXhoBfrI+4TL47+/uOYfGE9f/00W4+dK/luyc7b3mn+LmPfiXpxPrwD/PotPy2MowFrc89+Ivdd/9H6v1Tx33s/7YfbvxeMZcG7JfeV79C7j3xrf+u/eX0PfPvJeQ9UFpl9SNsylj7xbfP0fXjzjP2z2C4dmqw/zR4oaiIGeR76MqXv6EnNiHuGS/9AcvD0OW7FZR7lQn1vXlYZHNEubjAevrZKa7NlNf3W55yMvOU+NkufRmIlHbkf9Zq7P0Gdfku89H3nPkPcjc3T/HTln8uy45Hv4yPkf5XZL7rf48l1hjfbO9KM53Nuuj7w7KMoX78jieuFe88W7xZfNNy+6O6R9EcQtFwa+U1/yOXfg+aWdsb3kjybAhb661OEE1iXl0nVcxSYua3pJWWl4iT88iLnSARzz2po/F2uV5zmfI/Nw5jO/c2h4bv+IP7VjzS9dd7GepWY95vfmWbh/jjw9y47uWb+Pc99fqw041363r405/chp3gPThv4tud/iy5lwhN+K82uO9ZF3B3XnJbAFecsGusWXS+4tH3nEvuVSPKrv1J2YWxcVB9bRA3DrAcIX+tK8Ll3HGRstt3Ka+Wf/Wg3FIFc+qwcTNuBPrvoeqW/x3cMHlzWa60QurMWRQs7TFtzPuZDfNfvsc9bkLXN760fea30/L9H06Bl26RmbHG7x5YzhXHm08q4feV5MXl4c5pTZZ8zFx4aPi8nCOrbyZ8wLQgwfF/p5EdEXF27Zn75bfTHFgTtjPg5ozwvvlPT4A3uxPOyNqb/z1NoAkwdSaqmdftiKydhWATvzyVhbPuJS31q2Djg4qcXRGPJyD5zzy9jZPuc356eGc/5cn1xdV3hkYZz5S/lhz7qjYfoax32S8ciDfu7PPS2xFS9x4Ht0b8APLntxtMEObhTjEsd5Ocy+uerrvP3MN2PkOtDWztjazr5+xsGOtgWeaC0e86kXfT/5fURXxt0PEy/72IFPLL8XjK36+DEudvISR+ys4UFeiU979vVJ3NTj3L4zb/mJR40v436ck0OuDTgUbe1rk/zQw+K4/cR2LGu1xC9xVvth8rdPTTF3+xmHNvjMyZHcyGf2sTVP85db8mKOYlxtyZkyc3ceLHHU1VzsT1/5iG0/MU9B4/81H3Gcd+4t63f7yMuFcIHnBqDvnJuUxWKMRbSkHWPMsRko+PGh5AZigzt+moxNYp9546dvbrSMAyZl8nPDuVHp2zbWqjZmzvmlI4Zt7cSc8bBFI4tfbvv62581OohJnVjT1r4aqI/j19S5V5LHUS4Z01yP8iI2H3J2fRPvaDv30lGftENPOKtrzsGPObnm3FY7bfFFS8Yo1MShuFfEV39tycv2yWH84Zw4agi++3W4/FlXfsaeBqwNNhTjTB/6rj042deXcfmBlWtOW77kRH+WxHfe9cq+bWKhH0W+xicGfNSP2jaYto1JDYZ4xgXbtnPY6k8tHzmoB75TE7Ao+IBDSYzTwMc/XAswjI3t7DuHvbyAIAZ9fVIPfLRVA2MzZwzmzI95xsnBXOnzoSTf7NPWXiz7YBlfHOwdSy0ZpzAnd2oxia8W4jNGyXzp46ctfXhk/+QUaw83Y2I3+85Ru8bqYQ7wdA58MJwD0/iZe+Ykp4mDn7jpawziME45xw9bNSOObWO/Rf1uH3mIzeK6uY70XSA3gv25aRynzs2vHzEzrvYTZ2/zieUmF4PaOcdy4zF2yeZLjYjll0Fs6/wiYJd9fIhp8ctrf/J13Dp1YGylnbbWxITD1Mdx5vgc+RJurdfMy9h7tblOXls+xIYn+h3lu8KaGq5s9sbIVc7woG9xPbZ00i5rMMRjfMsXm7TN/bjnZyy5aSsW/FmLSwpY+PMR1/V03Jp9JXfjnOvjm/tx63uKTX6fMgfmwLGc62tHnfHID60t6JV9x6mJR44zv7RJPDXDfpbcp+IZl1zUMv329IB3arXXJ47rZ60vc645sWnbn/Hpyzl50mYcDpSpw15fLTL/XBNi5rpPrOSxN5d2uR9W+WeOySUxaOfaH+nrb87uE/ionTbWGd/8co20o544e2sih9RdLOe2+CWuPm9R95EXP3nPjTz7LBBjHgAu2Nw0jmuHD8XN57h21hMHPze1vm6o2RdjxY94HAIW4mTf8VVtHObgYnxtGTMfbClufvvYENOydSA5P+vUYc5t9Y2xlSec5beF4fjWYTHz0n6vVs+p45ZPxlZrxi4t12iYMYgtZ3kwn+PJNX1nWw1yfOXLmHvL2OSR+a/8Jm722Yd+z46uf/rTlhd7a5WL9vN7cK5/5HsKd+zy+2Q8ave9Y+f66ZPxyRGtLaxz9hl3H+CnljlG2zLx1DBjimkc/NUX7RJP3HN64JNa7fWJu4pBLObgbKGd/dSA8YyJj3lgZwzH3Nt7/bl3wARHreY6Tyx5W8MRLlN/5sXKuVX+xp5cjGFNrLQ918cv+akPmqqd2NTmYQxzdzxtaU8c/MTV15gr3cE4wi9xJ4dP2e8jL764LAqLZ8m+i8omcCNoNzcNfTYYJb+I+rFxwOaTZeIwv7X5EguMPX75ZcWWOHyRjxZ5pTYeBPIjBpwo84uBDRgWfe2bi/1Zpw5zbq+/9SXHJ/nuYTBH3pm79jMvx/fqc7lO3xlb7VLP6bPqb2lIDh5oKz/Hph36MZa6TK76zloNMm76ggs+ubqXtCWPS2KmLTzEu2T9iTmLeq5yYSy508/YW31zNlZ+T4nHPPzB3lp/94cYe325q1HGYyzzZk3si8kYZaWlNtSUiXcajIfi1IQ8xZeXfXyP6oFParXXB1Mt5Gd/zjHuHLbgooMf96v7Te2ozUP9td3ri6NOxEwO6i3vieX4rOWNvT7mpe74rPI3J+bByX7GAS/n9vryIR9zVh/4qB349NF7xjcP/IibsfVLHObtpy+2cmDcOMQ8wi9xT85v9EcfeRuPOtaDRXLDs7AudG4E2i4mCz+/bGwe5hlPPzcP45aMpy1xwbDvhp/9PX5uSuPkl9exvdqcJle/GPgaHxtzgyOFMWJSVrmQN/58VkV9V3N7Y2q0wpXvnr9z7AH3gWPU5GJeOb5qYwcGnMjnaFnFdj1WeW3hrjS8hAu5uveIAa+p4YrrFh/0SO3A4gMG4+419xI1Y+SBjeVczLTVR/3cn45v1fDKvS4n/WcuxMRm2p3rg2McORL7d7/73Ukb/CnMYUt8x+Su35H+1E7dwWAu9ym87M+9BEe4wFMb4oMBlm3nsGXOwrhaMgYP5h2jTQyx1NHcGd/SA97MWfb64Mw48oSjbbBo25/5GIs6daMPDmPEwo945rHXN+c9DcCyTCzHqSdf9c+csJv7gXl8+Uwdic0HrFnwy/G9vjHBMGdq8k7tXCtjqfPUVQx1wx4cOFDUCe5g2MePoj/jlD1+zIFhka/9t6rf7SOPBXBjuun2+tg4z2LSpqawsPTdOM5rkzVtPm4e58BxgzEGPzdJjjPnBqfNB6wtftrol9wS59wGxD9L+jIn7h/+8IcTJ+PCPXMVI/VXP+esZ96Tg7iug36zzljyYswid/CyiK8PtTb6OJdcE8N2ro9j1PrnGO2t2KvxXIuJk7yMlbWHkhphP0vau8fhoe4rTj5MtJ+Y9Ceutu4H5lNnOTKOLR8x9DVOYmADxyzMm6u29tOONtjaGG/aOk7NekxNco20SR/w0oaY5M4YJXNXk9zD2KT/KsacJ2ZyENeaOWJk7vQnjvZ895On/HKdGCNu2q3WDkyLPHMN09/4xtMveWNzro/ftGEsY8E186E911pN0WnOyTUxjqwVOBOLPmWuh3rJQ7uT8cd7ZubE3PSTK+PGSI3Fp0a3nDNW5sn8uf7U3xjgOQcGRX7Y2LbWLzVjjpJ5wokP2DmO/+ouk0PGnG1swJQD/bcs7/aR95aiP1psvsBs8L3iF2vP5q3m+BLNg+xSLh5kl/pN+yNa3sNnYtC/JnbioOG9D6RH3jeZe9tV4FoFODtW5+e9v0vX8qvf+1agj7z3vf6nvwGdu4g5rFaH2CNIx9+Wbj1M/dvcrfnwN8VzWs4Y1/hMDPq34sDbv+mu8C8dY7+wNo+6by7Np/ZVYEsBvjf8BSsL+36O5XzbVeBTKdBH3qdS+gnjPMrPzU8oXSlXgSrwThTwLzSel9T8xbGlCjyCAn3kPcIqlEMVqAJVoApUgSpQBe6sQB95dxa0cFWgClSBKlAFqkAVeAQF+sh7hFUohypQBapAFagCVaAK3FmBPvLuLOg94fgfFNzzH8Pfk1ux3q8C/I80Lv0fmFyqFv9onX/btFX8P3uwNe84359b/4c5YlnD7Rm+l7ecH9PXf3d27n/F7v/Jimf9H9yw5+T+Wrmc25NwyP/Rxuy7D4/U52IdwXhLG/bhvf99I3hHz69bvutHvzOvrW8fea+t8JX4XnLPcJlcmWLdnlABDkcunaOH5GukyCENh3OPt6N2l3B8lu/lLTxv8WVd+PhQukTbt7b9FNwv3ZOc//BiTS4tl8a6FP+IvQ8dtb3kPuP7jR953Ktccn7d8j24F9974PSRdw8VXwlj/m36lcJcBXvPL95VBJ7c6Zn146C89yOPy+Dcoy2XHP2O2L/GLxkc/pdcVsn7Hm3yPvKIuuX8uNb3tX79uoduRzB4VBzR9gjWls2le/LaRx7xL421xfnW8Wt5sA/vfVaCd/T8euvv+q26499H3j1UfCWMaw/aV6LzC6x/O/tloI2LFHiNg+siAjcav8Yj7+ijTepH7a+9XIyzqt/64D/6ELnl/LjWt4+81Y759dile7KPvPv9ksdK9JH397/akKd/FMNL8E9/+sdfXoS0P4fCQcYXiDpf9h5UzPGhb8HOcTaLhbbj1BbsmeOLzbi/WKTt1t8cPWjlqb/Y/pzMOPgWN3HGoA0ORa72jeO4fvQpxqefMRNTH2r9jIUG6Zd6ngJ8/EOtjAdWapPjGQM71yV1ENv1ZA48uFhcFzBy3D5xaBtv9sXBxo+cV3HlOW1znLYFO+fgKiYxJhft8EEripoxh49x08ZYe7XYcKDNhyIfcR1nDlviywGbVck10AYfxrNkvrSxoRzhgJ05GCOx5zw24Fpy/05uyX9y1p+aOXzloe3sY5vx4EJ/5okGFHXBLnNLnrn2/r+cw9a9qq/99E0+p4Cxr6afHMFRF3nqS5181EFfc9jKS23AMT58Lc4zl/vR+VknBm01kKP7IHGxo2+5ZG21VR/zB0sN5MDYjGVMcmZOf/nZx452aoO9n1wXdKJvztgkB/co45m3XM7Vk8fW2oJjXsSija26MLbqpx9c1QL7yRn/vX2RvsRPPbd4a+c8GOKc0+a159/tL3lsGhYkNwdtxnNR2Qz2abs53HR8EfhoA4abMzcr9hbm7cNBHs5b609NsY8vG0guzBFffm5scZwXhz4x6bsR8Zlf6uSFrX19xGdOLmCIxZhcnAfDtv7UYGhLm6K/847Tx5Y+edOW28lx/MEcmvHBFv4UfF0Hc6IvJrbko9/sqxfjFvOgvxWXvJIvfTkZi7480pZYfpKbXIif9vBQb8aNkzzlvlXjL4b87FODRUkNiSVP58nH9oyVc+IwZgFPX3IF2/4WB3wTFx/4r4p5OYefOboWOSc35tRbDMZmST2cV5/s2wbfNYWH8YzhHLVzxExd0Me51Ai7iaOvuOnLmFzNK7Ukt6mB88ahnmU1p+ZbeSUXYlDQzPbEBI85dZgcmMuc7YtDX+5gaJtrcs3aTlz1Y1wOcqXvvnDMOteJMewyV9p+T6hTX+Mwblx5YGd7hYm9WHLZq5PH1triDxfj0ifO7LsGzCeu/o5rl2vFHHhb3Fe5qucWb3zUz5jUjhHzLcu7fuSxCC6Ki5Ab3kWi9kvvF177Vc0mAoeSX5aV7dzUacOcG8xx+mwqYiQ/2tquNjFzcgIrOa7iTN7J000tp1nDRV0nF3C3vmAzppqDBf+ZL9gUxuG0VSYH7PJLmLjiTMytvlokBm3wV3GJPfOcvvTViLac8E1NzNd42deH2rVwntr8c2yrDX7ue7jJL9K/oK0AACAASURBVH3kpu3enks/2tM296S46YO2uZ+d0zY5wJUcLimZI7HUEwza8F0VxtM2bWaO5/r6ZjzzW60p9qmLGk7+2K1wch/pmxy2NMSWGEdwxbNGZ30ZW+0rxjMv9EguuZezjR/9rbUCJ2NjnxqI5V5i3pJrwti5tcz5bONrHNpb60K8VVmtU+Y7YyVG5jrXIdc02/jT31qnxM/2Ho9cW+zQwzJjEzdjk4P54rfSaa4V8RLDWNTMJcb0nbbwo1DLQxt8c586/qnrd/vIc2FYBD65WPOLj61fvtUX3kXzy5p4bKYVHj7G3ppfbRw2EpsHHzkb35q5uYnxS/v0X8WZvLGR59bmxcac/KJOLuBObvKeMdUILPPWNmtiwmmruHbY+UV0rbZ8JuZWn7hiTqxVXGxmnmCr18SYccVM++mfa7XSmjXBh8+5stIJzIlLX0y/I3t7bsadtrknVxrn/hVri4O89vaIGOqLjznSTr1XfBg7F2fmeK4PJ2zApabIL/kw7jphi3aU/D763T1NbOBknqk/Puanv7U5i7/il7j6WWtPTYwjeU0u5i4mWmFDUQPnsmZ9XWPHk6u4cMsy14Q5xtT9XH/aGgc/9Ugd4GQ+yYP2ap3At8xY+rhuxkEH11Ab+3JSB8adM865esXDvOFCHjPO5EEfHcyPthjUqb98sAVfH8bhPtdde2zVZMbTxpjyZnyug77YvHV51488xWezsBjUq8XKDZgbQH83pxuf2g03vzz4uPFoY6efeNYrLm7C1UZ1467miCkn8JPjKs7knTzVS572xZejceRFn3b2xXBuagEW+k7+2lO7dom11caWGH5RPbiwZ4xcKBNzq2/uGY+xuU+Mi93UdmJrs+LhXkt8/LOvDTxcEzG1xZ72uaJd6pRrCL78javtXLPcczPutAWXMcpK48Q6wkEMuc349MnDmJmj+ekDlnbq455mnPlVYS7XY69PfsSFb8ZTY9fbPvaUqYs8wcrY+omDLzb2U3/m1O8UZOcMO4erf9ZwTr2ZE2eV1+TiGojpPPlkTs5bE1N8x9JeXLhQsGWefq4Jc3trOeenbWKZt+uALzGxWZXVOrnmM666uA8y16kFNqkN89j7WXHZG4OTOZij+NTEczxznzyIIW/z0N8+Noxht1or5shnVfCRJ/O01VN++FOMS5vY2p0mF98Zxz91/W4feSyYi4XoLDoL6kLmJtCOsVxIbFlcPtqA5eKDh0/OeXC40Prmxso5Np1FW/rY54aEi5yJZ1vfHJMD/vLPvPBhPMew5QOO/toxhr0FO2zgmHGZh9fkph/j+FoyX9riMg++MRlf6ScOHNBHP/oU8sscia/dxNzrMycmuLa34poXseBt3sZmzHxmXGwYI3/L7DM+MRlLO9cQvMQSM+upEzh8iMGcXOVGzRhzrhF46JH9jOEcfvhjl2tDPHU1DmPaHeGAvxgZm7Z8HSc3PoxPLcEgNvy000895OM49dRjq29+1BS5sU7O0SZ3PpkTbcbwURsx4CwmY/TliS19PmLDz4IdcxTmbdOXAzbJT18x7c9aPHAsYtrPvJIL8/rTJn7qof+q1s+44srXeTDNi5qCLfpgw9jWWho352mzbyz0waMYB1wLfJx3zFrO9sHCnppCbX5qqK15ggGf1C31Z14MfY/U+BCDAg+1S2zm5EUc2vroRz+50YYv9hTjyFENjYcd8V0r/U/O4w9wiaevfNRx8iCm+mCThfHMJec+ZfvdP/JYhLmJ/HI754KzMC46cy6qm0p7xm1b5+bIedv5pc8N4AYGJzGwyTm5JL/EzJyw4YP/CsP4cqfGLuM7R+5uZsfMyZpxuPgFsm8ca+aTvznlvDHkYp8aHqsCbnLJ9Vz5z7Fz/bn+HtBbcV2LzC/zxo8y467ipI1x8aWtRmoCrvbqQe36GVf7rPWjxk7buX+0E5++e8c5+rOIA65t7NUoc2eM3MSZ9saZHMB2LrWSi3PGpTbGXB95uZb6GnPiOy7muX7G09b1dI51S12Stz6OJc/V2qkhdrb1dX/Q50OZ+IzLS7uMydjURN3FIxfLVl7nYuBv/KxdR/GtMzf3Bzwnd/hkbPNnzDbxiHOuT+y0gQNl5jw5aCd368QyPnNzPHOFq/OZF+1cf/qTh7oyLmf3lJyo0y+56yOOPLSxzzy4cMhiHo6JRzxL5iQeYzm+4oz/tMGfYpzJW3zGtZWjtvJ6i/rdPvLeQuzG3Fdg9YXe9+jslgIceB6aWzZzfOvQm3btV4F7K3CvvcdFvNr3W4+8e+fxOeKhJ7rOUk2nIo/Z7yPvMdflXbLqI+9+y87fRo8W/8adfxM+6lu7KnCrAjwiVg+za3DZ9/PxwQNljl2D/V59+DVqng2s1xx7r/o8et595D36Cr0Tfjzw/Gn7kgfKO5HnUJo+1laH8iGAGlWBT6iA/5nrXr/iQX3+JzW+C/4ntE+Y2mcVigedZ7P1PdfssxLrAZPpI+8BF6WUqkAVqAJVoApUgSpwqwJ95N2qYP2rQBWoAlWgClSBKvCACvSR94CLUkpVoApUgSpQBapAFbhVgXf9yOPfft3j3xbwbz6O/MNhYr3Xf2/mvxdb/a+0zm3ilS//NuSI5kft4OC/PTnH55r5+Q/Ck9drxj3Hlb177T9KP+p7yb6/9jt5lMs5PV573n8zds0/Ws89M3leovH0nf25H19T20uw75njzLn9KvC5KvBuH3kcGBya1LcUDqm9w1dsLlLs3uMjz4uN/C995N3ie3RtXKPXqllzcl89pnzAMv9MZS+nzOOSfX/td/Iol+T1Vm3Wmc+lj7y9vXyJxpfm/UzaXppb7avAe1Dg3T7yWFwOsFsfeeBwAB/5VYlYxPycCpfV6vEyc/Qxc+kjD5xbfLlQj6zN5GvcI7mtfOcY676FNX85mb57/bfcT+z7rZyS8yX7/trv5FEuyest2v6l5dJHHlz39vIlGl+a9y3awuua7/ylHGtfBarAWoE+8m78JQ9Z3/Mjb+/xklvulofaLb57F2PyW7WP5rbynWN7WNc+8nhggftW5ejlf8kDhHywv7Qc5XIp7r3t39Mjz1z7yLv3LipeFTiuQB95Hy8ULkweBHw8lHJsXqZcKthyIc1HHrZi5S8d87JLO+wt+IgpTv4a5Rh18qJNDB8NzJuL2NZymbazj72HtXHxpaiB44ylZoz7i8V8qOkDlm1zFNf+9JXPxBYnNWcMHLUGe6uo+yo3/c1d3vZXmPpQ85HX5K/m1nIWUz0Yl7/xzRkt1Mkx44EjF2yS84xlTGv9sKOdBS4ZY8bXlnj4Zn7Yrgp22ptH2hHP8eQjF7VSJ31Tr5m/c/qIP3OWm/bM+/1yTfXNGHKg1o785Zp5JHbi40sfDVcFP/nJQW7Yp/bmyTjtjMkYGk8b1zltXQttjUF/7gX8ViVz0h87czAuY+a3wulYFagCawX6yIsHS148HC55wHDo2OcQ87D1YLLPQSSOB519D2KWgjEPR/rii0ffg5G49Dm0aTue+Ixhk35bh6J403b2jUNt7vLzAiEH58zDOeLzMV/wmQPD8dPk4gJLjc1TXHD4qCtY6m9uiZu22daG2rxyTWZuxFETfGhnP/GwVRf525/8jS2WffxoqxX548uY8Z2jT9u51IExY2OjD/klXvIXX070sdWXfuoD15zLOGDgKxa17RkTP2xzbV0TcjAP+dg3F/cIffkQS11SQ320AxM8ublu1IzBi49Y+MmNebkwj51cMkfjO2+f2rb2YMvFfI2tjbX8nLfPPGOJI65am4O2cMsx2uYmb+MynrbEsq9+5LUq2IGHj7b0+VAYt20+mccKs2NVoAr8WoE+8j4e3vMg8gDy0KHmUOQw8hBTSvocSB7S6UPbA5IDKi8U/akZ124enMyDQ4xZGIcTBYw8BGlnP30nl3N9fc1Rvchd3tpYM26+HuJbnGZ+agqWvsaUg3kbL20d28PVxnrqPnM7qq/8xKXO9XVe/nmZ6ZP2jlGnLnPN0k7NGFvhazv1cVyO1BZxHEt94ALW/OA7eea+ENt6apw8iDfxsackF/qZ//ShDycK7dX36jT5cd51mtyMoR76JGfHrJ0Tk3E4ZF9bOMpTuy2uU2PtwYX31AC9KFM3xlbfA/DBmGXawk/sLX0SI/V3fzmvv/2pv+Otq0AV2Fbg3T/yPPw4rLJwUK0O1NUFpa0H+Dz0xV0dxB5k8JDDPDjxN4ZY2MgdDMo8BInHZ1Uml3N9MLAxpjnCS94ZRzs4UTJP5mZhLPXOfPU1pjqbt1h5mTm2h6uN9dR95nZU37zoxMZXnSb/ebnhk/b0tcl85pplLOz4WFKb1C3xtKWemjM2eac+cOGzKpMnOsBnVRhPHGNS556YvsmFOfnTJsfMOX238ocjc+m7x01MuOsH51nMJ/lkDOy1YTy1oJ/fkcSeGjMnLrzde+lDe+rGGLaMW2iDtYo/bXPvuwYrHcROTPe4c/rbn/o73roKVIFtBd79I4/D0cMkD97V4YftPNSQFlsOKA/nxGHMAzYPYm05uCh5EG/FANeDUEwPcjGIYaGdfcepk8u5PrE8jOVNTZk6eSEwh5/5qTF+jDl+Avl4IZGbRU3ppy99OagzuaiDtuLI237iOmY9dZ+5wTn1pJ19cVwj+9T4umaT/8penuZjHMfBZCx1pL+lg1y0cf2mPtrJMdfEMX1Tn8lFftbJM/eF8aynxubPfMbTnrirOXhjT1nlqN+ccy1cK/UEZ3JTD+awF8txdTqR+PiHc+5dhjMGbXnDUZ7a5XokLnapsXGoJ2/8xF1pSi5ywFYbtcm8pm3q7tqlfXKmrWa0xddGf/urPJxrXQWqwFqBPvI+XhIcenmweWh7GFMz5uHpIelB5GHFQUTbgo8YeRAznocybcY46KjB8HDMg1M78bEDHxvm5MU87ezr41zGT25zHl3Ap5g/tTHlTX/mTgzG1Qk/McQE14uEtjhgTd/koK5qwFzGsT3jZB8fC3nkHlBr7OGcGpkDsVcaM66+aUsM+/IHH3vGKfTlAXbiuxbYgEUM/MQQ09yZ++1vf3uyNU8wjEVcfFcFbOYtxJtcGKMYzz5j5o+PbcblfXIcf2CXtrTFpIZP5ugcOU1u5sX41Ne5mX/Gg5rxsGfOdWEOXGO6LoyjrfGMY5rOmcOMscIXY3IVkxoeK1/m8E9fOCRvNRSPfmLR1gYN+FjEto8tsajNlVp/7ayT18RyT2lLXHk71roKVIF9Bd7tI48DgwOGDwcHh5B9D1XGHcuDzcOHOcY50PRBbg865j3cJpYHoPj6gIMPfcewsXgQTr+0JVbGo50l5zw4xVv1U5uMA6Zzxsh529bGyNyZo2ReYDHOWGqN/x/+8Idf1oQ+85mPsayNCVaO0c9iHthjR3HM3CZvxp1LLNrTFl3By3H5Y5/5G5/xmb85MO6c9ls6gE18tYAHxT711ONk8PGhpl3mKg/mxMscGKckJzUQj/6qrLhqN/Ecp05OM5/ENA95UGs/cxCTdQMjcWhb3Ctg6UM7y2rtk4Pr6Zg4ic2cXBObdmpjjtokBrgU8cF0DafdtMkY8F3hiJ9z2p4cPv5hntR//dd//av9OLVI3eGgljPPxG+7ClSBl5d3+8h75MXnoM2D8pG5llsVeC8K8NDoo+K9rHbzrAKfhwJ95D3gOvaR94CLUkrvXoE+8t79FqgAVeDpFOgj78GWbP7nkgejVzpV4F0qMP9z4bsUoUlXgSrwdAr0kfd0S1bCVaAKVIEqUAWqQBU4r0Afeec1qkUVqAJVoApUgSpQBZ5OgT7ynm7JSrgKVIEqUAWqQBWoAucV6CPvvEa1qAJVoApUgSpQBarA0ynQR97TLVkJV4EqUAWqQBWoAlXgvAJ95J3XqBZVoApUgSpQBapAFXg6BfrIe7olK+EqUAWqQBWoAlWgCpxXoI+88xrVogpUgSpQBapAFagCT6dAH3lPt2QlXAWqQBWoAlWgClSB8wr0kXdeo1pUgSpQBapAFagCVeDpFOgj7+mWrISrQBWoAlWgClSBKnBegT7yzmtUiypQBapAFagCVaAKPJ0CfeQ93ZKVcBWoAlWgClSBKlAFzivQR955jWpRBapAFagCVaAKVIGnU6CPvKdbshKuAlWgClSBKlAFqsB5BfrIO69RLapAFagCVaAKVIEq8HQK9JH3dEtWwlWgClSBKlAFqkAVOK9AH3nnNapFFagCVaAKVIEqUAWeToE+8p5uyUq4ClSBKlAFqkAVqALnFegj77xGtagCVaAKVIEqUAWqwNMp0Efe0y1ZCVeBKlAFqkAVqAJV4LwCfeSd16gWVaAKVIEqUAWqQBV4OgX6yHu6JSvhKlAFqkAVqAJVoAqcV6CPvPMa3cXiw4cPLz/88MNZLGywvUf56quvXr777rtfoL788stf9X+ZuKEBPrhb5ZtvvnmBh4U2Y0fKjz/++Cst7qnNkfi1qQJVoApUgSrwzAq820ceDxMeU3zyIcRi8hBxLh8o1y60sc498nzU3OORZw4zt2tzWPn56Np75KUfjztyO/LIu6cWyaHtKlAFqkAVqALvRYF3+8hzgX2A8ajIwgPm3KMs7c+1edwcwfPhdA7vyDwPvdd85MHh3C95kyecjjzy8POhNzGepX+PvyC8Rq6Pyus1ci1mFagCVeA9K/DQj7yff/755dtvvz39ssbF9P333999rXhwgD1/Pesj75jUfeStdWL/HP2Fc43wOqOsVx95r6NtUatAFagCj6bAQz/y/M97PMD8/P73v7+rhv6qBH5efnuPPH9hwh67/BXQXwbBY86y6pvTjMs4xfyd54Jmzr7YWTOnDW18LIxPToxpr50PX2yd/+mnn06+2cfeR57cmE894KDG2M++Ma3VFhwxnTOW/VmrPVwzpjqCmeNyMQ7zlNk3jvjYrXQkLr7pn7Y5TmwLuMnRcWvXYWrjPHGJ44c+hXhgE8u5rMET2/HMC18w5EafMvvGEoM698DJqX9UgSpQBarAJ1fgoR95eWnY/vrrr+8qkpe+FyiXGoXLLi+8DOplp48XGuNesF6e9uEvnhcnmBNDP+PBLx8E+GZfO2rG5S+ufbgd4YC9WquNj4Ts29beOPbJGxuwtJVj9pO/nB0zLn11UXttrImrvtgYg9pxOKkB4+YpdzXKfrZdS7mYo+sPnvbUyZW+c3DW1hzT1pyo1QR7bCnGZw4O6Ute9LXBT374Mi8OfWyd15dxeeGvfrRnP+fUB9+MAV5LFagCVaAKfHoFHvqR98UXX/xyEXvBcBHdsyQelzBxuPS4vLzAZjwuxrywmcdHjlmLwZjtiWdMxrGhb5mXMnFXFygXbPrhj13yPMphxtzrg5+PDOL6yJBDagyn7JsnNePJV021WcU6N0fO82P8yWWrL4+Jw1qBhd8skyuaTH/9Vvsp8eaeYE4f4kxc+uyHyQG/Lb7MEQdcizGO9rUjrrk51roKVIEqUAU+vQIP/cjzcvMS49L54x//eFeVvPAF5XIiHrH5rEpe+l5mjq3sGRMz5/OCxp9iztrNS3nrAsUvL2j84Ya95SiHGXOvD/6MS1/t4JAaz77cqNOP/tR0FWv6u1f8VYm+2qYt7cllqz95TBxjUlsm15mbdtTM5TrlHO25JxiDKz58aK/K5IDNXEv94AB/asvkda6Pn1pscRK7dRWoAlWgCry+Ag/9yCN9HnVcVvyPLry47ylLPkDE9aLyoeL4rP31DAwfAsmRMTHAtO2lTV4U5nyIOGeseSlvXerTD38fAmId5TBj7vVXD4nMBw74W2bfcer5iFBTbVaxnMuaGHCgZM7ayGdy2erLY2ttxYU/H8rkOnPDRh6rOTGpt9aW8RnH2HBdzc21VCvswZM/OJPXXp85NScuuC1VoApUgSrwtgo8/CPvteXxos04XupcequSFyE2YjCec4z7MMjHBhcgF6GFOWKCxcfLkvl5UTPHZ3WJ5jhxtTUWfXPa4zAfAnt9sMG10E9utNUHm9nXj1ostKDgZw7Op74no49/4GtuDMlJDNdBjbGZXPb6W2sLvnyJIT/i2IbbzA0fxijY2T4NjD/AIh/jUJuf6zw1BgJMOQjJGHni97vf/e6Ek9pgD765JK/J037yMS4xcj2M37oKVIEqUAU+nQLv9pHnxekjwgtU6ZnfuqR8OOirD7Vj1PrPsRmbyxIbL13txbVP7SXtXNZe+NiByUXrJZ0Y5pZjcsDHcdqZ66pPfGKkj5wSC5zZ1y7rjGd7xoDrLOoiD7XHbhV3jp3rgyM2tfgzL/dRroVczQd/4lHUnTHXSntr90ty9GGGjY8s+TGXa5J6aetYYsqFMdvyuqSvLfm2VIEqUAWqwNsp8G4feW8neSNXgcsU8JF3mVetq0AVqAJV4L0r0Efee98Bzf/hFegj7+GXqASrQBWoAg+pQB95D7ksJVUF/lkBH3j+p9jqUgWqQBWoAlXgqAJ95B1VqnZVoApUgSpQBapAFXgiBfrIe6LFKtUqUAWqQBWoAlWgChxVoI+8o0rVrgpUgSpQBapAFagCT6RAH3lPtFilWgWqQBWoAlWgClSBowr0kXdUqdpVgSpQBapAFagCVeCJFOgj74kWq1SrQBWoAlWgClSBKnBUgT7yjipVuypQBapAFagCVaAKPJECfeQ90WKVahWoAlWgClSBKlAFjirQR95RpWpXBapAFagCVaAKVIEnUqCPvCdarFKtAlWgClSBKlAFqsBRBfrIO6pU7apAFagCVaAKVIEq8EQK9JH3RItVqlWgClSBKlAFqkAVOKpAH3lHlapdFagCVaAKVIEqUAWeSIE+8p5osUq1ClSBKlAFqkAVqAJHFegj76hStasCVaAKVIEqUAWqwBMp0EfeEy1WqVaBKlAFqkAVqAJV4KgCfeQdVap2VaAKVIEqUAWqQBV4IgX6yHuixSrVKlAFqkAVqAJVoAocVaCPvKNK1a4KVIEqUAWqQBWoAk+kQB95T7RYpVoFqkAVqAJVoApUgaMK9JF3VKnaVYEqUAWqQBWoAlXgiRToI++JFqtUq0AVqAJVoApUgSpwVIE+8o4qVbsqUAWqQBWoAlWgCjyRAn3kveJi/fDDDy8fPnw4FOGrr756+eabbw7Z7hn99NNPp5jUlB9//PFX/T3fS+a+/PLLl++++27ThbzJnyInuLT8uQLoiJ7nymut5bm418zfwnW1X87tNzketdP+HjXf2/zuvgaHc2cJ8TlDLLPveOsqUAXelwLv9pHHgchDZPXJw/La7eAld+SRx4GMXV4U18T1cgTLR941OOd81G7vkZcYatxHXqryz20v73OPvE+1tn/O8PKRW7leu18u3Zdmpl/GPbq37/XdlcuqvuQswR/u5HKPc2zFp2NVoAo8jwLv9pHHEnl4zuW69bElnhe4/b2aA/kecb1gX/ORRx6X/Fohp/f2yDt6yT76L3lH88j97Xfrmn14y365ZF/Cl8fQfGCTL+NHufO9vcd3N/Wb7UvOEnzhc826zbjtV4Eq8NwK9JF38D+nXrPMlxzMHMj3uCi8II9eUNfkhc8ll6mc3tMjj7Wfj4ctrR/5kXdJHpnfMzzy+M5trRFrcnS/9pGXK992FagCj6TAQz/y/vjHP7785je/Of2tmr9Zf/311y8///zz3fTzIhKQC43PVuEwhwc2+SAThzk+FuxWfe0yVj7y5jwXEWNpbwxqH1HY+J9qfORdwsEYcKFNTZl9xnzkyS0vS/l4Sc7+CTT+kCOawl/u+sGFj+PJiXHjCLm1HuCTi5yxUy9jTCwxtzgyr69cJqbrluNqiz/jqV/aiYmdeaUuuQ/lumULLkW+9hlTE+bkMnmQR8bG9kj8jIm9sYzv/rJvjFwLYqmj8+aRHMAGhzHnT0mPP8QQc0yf7YpPPNrJIbkCJA/qXHd86MNBG3jNPhiOWc8Y4CQHsc8mUoMqUAU+awUe+pHn4e8BSP3999/fbUG8NBOfQ3RVsPUQpfYiZDwPbtr2PZDFw8eLKzGYx0d8+vMQx3fFzcuKmgIGvvQzv9Pkx8t8xQF8dWBeXMayr6/2xqVv3olDXLH0lYs1vhT1wp6P48ylXlzixmLOeIwTI+do82FOOznra19bxmeRS3LEBkyLMejT1sc+Yxb87E9b5lacyM0cwLEvpjW+2lFT5D37zqmZvu61yY11kLeYcjU+tdyYw058bdBGHMZcI9pyAIOCLbzltMdh2tLX7wT28Q+5GyPnzrWJz4ciV/szPjk6pybUjLtGzqMBY9m3Ld/ZB4ux9IMXY1Pzc3l1vgpUgc9PgYd+5HkIZs2vefcqHrri0V9dCMxrOy80D9jkSJviwSx+1sxxIVg4kD3AGQMjuWxdVnmJ4OelI89LOMyYe3345CWtPsmBsVX/NBh/zDhM5SXIvB/yQqfUirZcaGubNZjM7V18YGzNg5XrAZ7aZhza5A1Wri/taWesaRvSnHC0U2PXdq51+k3bc/30zb22x+1IfDTnM8vcP+RILIq4cLas9E9bNdnDFYvatcsYOe5aySl9mTMe4zPHLa7YMmfMuR/3+vJNHqkZ7dR5YqVf21WgCrwfBR76kbe6GL/99tu7rY4X31FADk4Pfy98xvJwTazVwcy8eVFb5iE9LwpsjakPdR709L0gvYQu4TBj7vXhkxdgaikHL7PZT/605Ug8tQSb3FYlYzEPF/321oO5LUxi89maX3FkLNcwucI/52hjvyrTVpvJybxdW3W1rx/1tD3XxydzlOsWN7SU3158bZIbbfQA25L72LzgbAFHTo6tOOzh6ketHskh57fWS7+0nXtuxZU4amFecz/u9V2bjJua0cbfMrEcb10FqsD7UuChH3n8m7wvvvjil8ORg+w1/03e0aX3wOawXh2mHrbzYIY/Bz2XGHNcJJZ5SM+LYuvSmX5ekF68l3CYMff68zLNfOTgZTb75jxrL1D05ZP6YMuYeaklHNNubz1Wc/iCIT64eyU5+jephQAAGIlJREFUTm3xYwybyX/qha37ZGW74mRsNVBX+8l72u71nZMPXMmDMrnRd18cjY+mU9epB/NgU8SFl8WY9Pc47OGKZY0tuCv9UgPtqdUqfdBN7bBJru4Rc2POvPBJXfb64iSX5AhOcphY6dd2FagC70eBh37kuQwcijz47l08sI/gYpuHKIcqY2J4iIPlwZ0HsxeXlwNzHNL4MzYPaebEFCcvDzk7R03xAvTycp65cxwm/l4ffqlHXjjGIbeMa/80GH/ga4E/HzEyhroyb776We+tx7z4tNUXXGKssFcc8UMjedG3DYY+5oStGlAzTqHWdo+Tc2hDUSP7p8GPf0zbvT66pM5wgb8fuclTfTK+Y3LIeNqlDToZU1v0IYb2jFtyL8qPOW2pwWdOXZknTvbFS1+w8c+SMXKcNnN8LPjzMZ/kOuMzR15wxd79AtZeH3t85Wmuckg9V1jata4CVeB9KfAUj7zXWBIORQ5NP1sXgbE5mNPHA515D2CxtsbSn0sCe8ZyXNzEZGzv0oG7sbGl7aXnODUlYyWHtMvYjK/6YOmvDWPE3cPKi/tEaMHJcWwTKy+4HLe9NQ+eumCLBpbMwbZroA311M25ma/55bi2Kw65dsSnyAOutq3NdUsb/Ofcav3EoZ7zxgJn5jH5imOOq/iJAfa0QVs+YKct2KtctjjIGz9scs3ob5VcF/OR55aPdtT4u2dyHF23tE1utJPDqg+PxEp+iSUXeTDXUgWqwPtV4N0+8t7vkj9/5lsX9tb482fcDKpAFagCVaAKXK5AH3mXa1aPN1TAX3qos/DAm2M533YVqAJVoApUgfemQB95723FP4N8edD5n6Os+yveZ7CwTaEKVIEqUAXuqkAfeXeVs2BVoApUgSpQBapAFXgMBfrIe4x1KIsqUAWqQBWoAlWgCtxVgT7y7ipnwapAFagCVaAKVIEq8BgK9JH3GOtQFlWgClSBKlAFqkAVuKsCfeTdVc6CVYEqUAWqQBWoAlXgMRToI+8x1qEsqkAVqAJVoApUgSpwVwX6yLurnAWrAlWgClSBKlAFqsBjKNBH3mOsQ1lUgSpQBapAFagCVeCuCvSRd1c5C1YFqkAVqAJVoApUgcdQoI+8x1iHsqgCVaAKVIEqUAWqwF0V6CPvrnIWrApUgSpQBapAFagCj6FAH3mPsQ5lUQWqQBWoAlWgClSBuyrQR95d5SxYFagCVaAKVIEqUAUeQ4E+8h5jHcqiClSBKlAFqkAVqAJ3VaCPvLvKWbAqUAWqQBWoAlWgCjyGAn3kPcY6lEUVqAJVoApUgSpQBe6qQB95d5WzYFWgClSBKlAFqkAVeAwF+sh7jHUoiypQBapAFagCVaAK3FWBPvLuKmfBqkAVqAJVoApUgSrwGAr0kfcY61AWVaAKVIEqUAWqQBW4qwJ95N1VzoJVgSpQBapAFagCVeAxFOgj7zHWoSyqQBWoAlWgClSBKnBXBfrIu6ucBasCVaAKVIEqUAWqwGMo0EfeY6xDWVSBKlAFqkAVqAJV4K4K9JF3hZzffffdy5dffnmF5+u7/PTTTy8fPnx4oab8+OOPv+rfiwH5o8NWgcMPP/xwmpYTXO5RrtX/tbS4R073xkj9L8WevufWWvyvvvrq5ZtvvrHbugpUgSpQBd5YgXf7yONC4jLz44OF2jHqeWnxcGH8ER95Pqbg5yPvNfaX2qnZuRjqeY9H3rX6fyptzmnxKebZm2juI/uSmNf68j0h5vy+rGIbw32R9RH/FWbHqkAVqAJV4M8VeLePPKTwl50piw+CrUfJtb8kzTiv0Zf7az7y4M1FffSRJ6ctPS/V4Vr9Xe/X1ubSfPbseVBfU6595BHrWt9LfsnjAcoemqWPvKlI+1WgClSB6xV4+EceFzKXM5+ff/75+kwXnl76c+rco+TaR8aM8xp9ub/2Q6aPvNdYvV9jbu3PX1ute9c+1EC71vcej7x1Nh2tAlWgClSBaxR46Efe73//+5cvvvjidOlw8fCwuOfjZesS9aHE/Kr4yNN/XorwZEzOYvArBRdhzmPjrxfU2ZcH9sTa+s9v2uELN2p18j9vysF5bPiYoxj05Sev2QeLMXUAh74lsRibfe2s5Ug8MOWun1wdN27mYh5g0taH2uI4OPrKWw728cGXcdaMNjVl9sW3lvdRLV13OeMvH8fgS7GffIybNfNgUORLbrZdW2Pbxz59t/ryUBPjgKO22LhmzGeBW2qNT65h2rZdBapAFagC1ynw0I88LgEvE+tvv/32ukwXXl76Ys9669LxEvOCo2/bRwHhvOwZ04cYefHhlxcsbfvMYZs4Mw3nxMTXGJmffs7RB1/emTtY6Zt947g22Z9Y6ocN+PblYu1lj07yw8dx7MjLvlpSU+zjQwx5MJc5mpOc8RMT23x4MK4m+JmDedhf5aSfuRh39sEQ55TIx8ez668ezsHXOTFX8bEnFv4Tnzk0EYc+7ezry5w6gEXZ4wAuvthQ6Ns+DcQf5oa9n61cwq3NKlAFqkAVuECBh37kefhn/fXXX1+Q3r6pF+W08mLcunS4uLYeBxMLOy9ILlIuvix7F+6cSz/beekyJndqipep9lnjKx/9zPlcn7zyAk8tz/kmB9qsrxo5B3auu22wmUv98VFnNNY2a2zkCAZl4sAhcfFPXuf6J9BYg6Na6kedD669tcMWPsZIDOfAyny0mfsqY+q7l7c42srhHG76Ta3pi5N2bVeBKlAFqsD1Cjz0I49LIy9q2t9///312Q5PLhUwZ5mPlDl/7nGAvRc0+F6YXKY+qsTcuxjlAcbqsgYDf/hY9PEhIw/nrcHkIx/9vGjP9eGTcVPLc75ysJYjfNCIArbctLOe+jMOH3Dmg0UfajmqzcTBP3WGD2OWc33tzuU/5/FzLDVQF3Gt4Y0dH9fLOWvnVzZ7ew5/fPbyxmbF4Ryu3Kin1jnXdhWoAlWgCtxHgYd+5PE/tOCXOy4d/m0eF8s9i5f+xPTC3bpA9x4HYvpY8fFBjEsfeckLDVaPnnmxyp2aMh8K8AGLQh5i6mfO5/rg5HrkpX3O9xR88YfagTs1li/Yqzlywn+lsWshPhji5aMuc2AeTMYs5/ranct/zoMrD7jKd66dfXU3Z+NmLVdsaWeZeyZjYqevPtnf43AOVzxqcMw5x9uuAlWgClSB+ynw0I+8+6W5RvLSn7PzEp7z85GRF9a8MLnImOfDnI8qMXPMuFyqjjNGgev0ZRzcvIS91BnD13kxGLdgCyY2xiYO5VyfvOBoMc8jvvpY52UPJz7Gzxjmb476mwd915Qxi37OgU1JbejDA33kk7oyf65/Aj2gnbnBBw7Gw598+TAuX8bNMfOCjxjGtk6u4KeOtNVELthrk77gZR+/LQ7MiYEf7ezLjXrmnXNtV4EqUAWqwH0UeLePPC4kLi8/XlzUjlHPSyrnuTx9KGBL34tZDMacc8wLliXMS9bL2JjU+uPr42QufXLCR9vkxhgl8WxPLabf7JPjxMKGkvkQc8v3ZPzxj4wPJ8vUMvPPnFNPfGdMxraw1ACuYBqfvp+Jt+rL+Vz+03fykg9cKHIAd/pqm7qkD774pL7YJkcw2DPuOePpO/tbHOSCvXj6iq1GaWsc51pXgSpQBarA/RR4t4+8+0lYpCpQBapAFagCVaAKPJ4CfeQ93pqUURWoAlWgClSBKlAFblagj7ybJSxAFagCVaAKVIEqUAUeT4E+8h5vTcqoClSBKlAFqkAVqAI3K9BH3s0SFqAKVIEqUAWqQBWoAo+nQB95j7cmZVQFqkAVqAJVoApUgZsV6CPvZgkLUAWqQBWoAlWgClSBx1Ogj7zHW5MyqgJVoApUgSpQBarAzQr0kXezhAWoAlWgClSBKlAFqsDjKdBH3uOtSRlVgSpQBapAFagCVeBmBfrIu1nCAlSBKlAFqkAVqAJV4PEU6CPv8dakjKpAFagCVaAKVIEqcLMCfeTdLGEBqkAVqAJVoApUgSrweAr0kfd4a1JGVaAKVIEqUAWqQBW4WYE+8m6WsABVoApUgSpQBapAFXg8BfrIe7w1KaMqUAWqQBWoAlWgCtysQB95N0tYgCpQBapAFagCVaAKPJ4CfeQ93pqUURWoAlWgClSBKlAFblagj7ybJSxAFagCVaAKVIEqUAUeT4E+8h5vTcqoClSBKlAFqkAVqAI3K9BH3s0SFqAKVIEqUAWqQBWoAo+nQB95j7cmZVQFqkAVqAJVoApUgZsV6CPvZgkLUAWqQBWoAlWgClSBx1Ogj7zHW5MyqgJVoApUgSpQBarAzQr0kXezhAWoAlWgClSBKlAFqsDjKdBH3uOtSRlVgSpQBapAFagCVeBmBfrIu1nCAlSBKlAFqkAVqAJV4PEU6CPvwjX58ccfXz58+HCh1+ubf/nlly/ffffd6we6IgK8vvrqq188v/nmm1/1f5lYNH744Yeb9CY22qzKTz/9dMJmTd+qHNXiFh2m/m+Va+MeU+DonjiGVqsqUAXeswLv+pHng41HG5+tx4AbJO0du7XmAjY+h/tW8ZLHdtrxgGIcrEcr5pePvE/FUc221lXd3+qRd1SbW/bd0Rifak0aZ1+Brte+Pp2tAlXgMgXe9SNPqS75FcwLV9971P6ixKOD9qr4kNuavySHFf5rjnFxvcUjj5yIvfXIU/e3euTB7+ivNj5Yr1mnt9T/Gr7X+LCG5Pk5lKN74i1yfavv8Vvk2phV4HNQ4OEfeb///e9PhzcH+B//+MdX0fySB9JrPPJIioMdHvNXOuaIyfjeI/CSHF5FxB3Qt3xkELuPvLd7ZO9si7tO8fjoI++ukv4Z2GudfX8WqANVoArcTYGHfuRxaPuf1Kxf46F37oHk4QYHObkC+MotHxP+bTx9aW8V7MWev9Yx569Oc048c/AxCCdLcjAH5+inj7nIdfblSI3fVtHOePkLAO30xYZfqtQydQRn9sVMDDDlSm3RPzUgFkVNzdX4cs0cwNROLPz1SS7Gtp44jlPjZzzHMw9j+kuenLEBd6tkTNrESF9xjWU//TLnGUcNwIWb/hkDf/oU7XNe/nKwj726Yp/aJj9101Ycuea4a66OYGKfMTMuc+ZEHPr46m8scfHVRmziZ0k+6pLztt0T4oCb9skhY8AzfeRojuZhnxp/x7WnT2GeMfoZkzEx9NHOHPCBS/plDtq1rgJV4HUVeOhH3hdffHE6ZPIg4eC4d+Gg89Ca2F5Ojnsg0ucA80DkAIMnYx6OefDBW1uxsjYvfJILuMyJv3VQeoEQn0LfNnFty02b5MiYcbzgGMOGPnPmkDjYZGFOO8YzBrnQN195M2ZuzsOZNjaUrfhw08Z4aihP+SS3zHViiCMn/PnoAy8542v7RDT+IIfkBga2FnSQG2M5J3fGpxYTVzzqzFFMY8gfzhZi2s888NFPW2tzMndqsB3HjtzoGxNs8zOf2ccP/sxT8HevMM7Hgq997GzrR1yKsazxE1+srMk5schNe+Kolfnhyzi4iZ1tbM0j9RA342M3felTsBfHuGJjo514UxdzA0d788EHrFxzdLCvj9jMyQUM8KgZE9t5MGzr37oKVIHXV+ChH3keFFl//fXXd1dlHoQZgINpHvjwWRVwPLTx83DENg/Lla8HIHaJT59LwYvBi2tizByInby19zC2Tyw5M2acPPixob+aEydruKT/zH0e+JMD9mBQsn00fuae/uCRq9jizbXKXGxnDmqIP0Uc+/pQE2ulr2MZmzG0mB/iOSe2HOxnvae/XHN9XN/EoJ05zzliMJ+F/uROn5jyVaO9PjiuUeIzNvH9jiUfsactGk4dE9+2/nL1u+m8NVjJk3iMWZizn3uSefrOaW+de8IxsOGF38xLDsxNrqmLcV23lc4zNjbgUuBL7K0iR+YnF3Anty2cjleBKnA/BR76kfftt9/+6kDjlz3+jd69yzwIEz8Pasa9ANLGw49DzoN777BMX9t5AILjQey4l7MXj37WMwcOWTG0YQxsPpbkzJhxyNOCjX0wxZj46Z88sfOiwGZeAJMDGpIPBV/b9rfiuzbMy236J7a5ipecT8E//uG8ORhHe3HsT1/3hOO5VrlPkpu21szBwyIH+9YrLqm/864nfuBm3zHGzVl8a+OnTcbRzlp7NTrXRyOw+ejD2NRS/NRUbOeynjrmXLbJ2z3kdzDn5UdtgWvyS76MT1vx9bfOPeEY2OSVvJyzZm5yJWbGSX/GkxM4MzY2+FC2tMPGtYIjZXIBd3I7GfaPKlAFXlWBh37kkfn3339/OjD4Be81HnjEyMN4qj0PybxAbHt4Jc7eYTlj0BeDtocmh6qHppezF97EmDzzMAfbS0LO+s+LyTjGxU5ffag98KmzrPzzosB2XgCTA5heLPiS2ywZ35j6ZO7THz/x9CNXNHLcWPThRskc1BB/ijj2T4Mf/wAj15ZhxtSNOXmbU/ozRrw5J4e0pS0X5i3JfTWf67uVs1izFo88ptbYMoaNfGlTzvWNgzauAdzAy6K2OTexjYeGU8fEyrZ21KmlfMiDOeJa5j5mDhsLfWz4uObOZZ17gnE1psbPnPWxv5pLXbDHRg1X6zVjYyNXNTGuffHIS60mF3DlqX/rKlAFXl+Bh3/kvZYEHEwcShQOQi+fGU87Dy8OKg/qeXB5qHP4MefhCGYeljMG/TwAPdTT37EtnnuHeR6+eQHazosILtg7Zv6OJSc4a5c5YYO9BW709aXOfJnLvjriT3z6FHIXg77xp7bYMAa39MeHscQjtmtLG3uK2pw6sX74O+da7K0NeBkDX+ODTQ6ZE7bZt01c5ixysJ81PmlLvMSlDR5Ffoz97d/+7a/8mANL24yROTBPHuqQayl/+arZXp+4GdNc5IovhZoxCnH0Iwb8kqP8wBXv5Ljzx8QwP3MACxt4OJe8mbNPfHnvhDxNYTu5q6n8xSWuc2hg2xg5Rnxy54NWfDIOPnNMe3D0107NjYUtNnDLuMzDa3LTr3UVqAKvp8C7feR5YHEweWBuyczh5GFnG9vEYJ4DM2vaHoT608/CoeoctRcIceRlTO3oZzEu8+ARQ1v66a+ttXbGAjc52SZXuCX2zGWLE/G1TX/zgEOOE3PygO9WfMbNg9rcrB0jx7TLNvmlPfGzb9ta37kHXL/UQg3l4Vyui/rMXMCfvGdM8bJOnqk/NsnHNpiU9LPtOiV+cicvy+RGPnNs5jP7f/M3f/Or/cC8JeOqGXPmkVxdI2owZhwxt2ow+WTJfao+OWYs5+zLLznR3iqZZ+aEfWIRh5Ic0j61x4aPeclFDLk4To0tPhbnWNeppzlbYwuXvVzEbV0FqsDrKPBuH3mvI2dRr1GAyyAv8msw6lMF7q0AD5zVo/2aOGDN4kNpjrdfBapAFbiXAn3k3UvJ4lytQB95V0tXx1dUIH/BuiWMv6ZNjPzFbc61XwWqQBW4hwJ95N1DxWJcrYD/+acPvaslrOMdFeAXN/fkHWF/9Z8sxe+v1/dUuFhVoAqsFOgjb6VKx6pAFagCVaAKVIEq8OQK9JH35AtY+lWgClSBKlAFqkAVWCnQR95KlY5VgSpQBapAFagCVeDJFegj78kXsPSrQBWoAlWgClSBKrBSoI+8lSodqwJVoApUgSpQBarAkyvQR96TL2DpV4EqUAWqQBWoAlVgpUAfeStVOlYFqkAVqAJVoApUgSdXoI+8J1/A0q8CVaAKVIEqUAWqwEqBPvJWqnSsClSBKlAFqkAVqAJPrkAfeU++gKVfBapAFagCVaAKVIGVAn3krVTpWBWoAlWgClSBKlAFnlyBPvKefAFLvwpUgSpQBapAFagCKwX6yFup0rEqUAWqQBWoAlWgCjy5An3kPfkCln4VqAJVoApUgSpQBVYK9JG3UqVjVaAKVIEqUAWqQBV4cgX6yHvyBSz9KlAFqkAVqAJVoAqsFOgjb6VKx6pAFagCVaAKVIEq8OQK9JH35AtY+lWgClSBKlAFqkAVWCnQR95KlY5VgSpQBapAFagCVeDJFegj78kXsPSrQBWoAlWgClSBKrBSoI+8lSodqwJVoApUgSpQBarAkytw8SPvP/7H/+vl3/27//MFx36qQfdA90D3QPdA90D3QPfAY+6Bv/iL//Ly4cO/evm7v/v705uNOssHOizen/70jy//+T//Py//+l9/cXLAqZ9q0D3QPdA90D3QPdA90D3wuHvgN7/5y2OPvH/4hz+cDHkJ9lMNuge6B7oHuge6B7oHugcefw/8/PPP27/k/df/+t/6n2j7n6f7n+e7B7oHuge6B7oHugeedA/wn255kGc5/efa/oL3+K/0/k2qa9Q90D3QPdA90D3QPbC3B/hFL8vpkZcDbVeBKlAFqkAVqAJVoAo8vwJ95D3/GjaDKlAFqkAVqAJVoAr8mQL/P8MgT6Y+CdTuAAAAAElFTkSuQmCC\" data-filename=\"image.png\" style=\"width: 548px;\"></p><p>Semester yang dapat digunakan oleh mahasiswa untuk mengambil mata kuliah F adalah semester . . . . . .&nbsp;<br></p>');
INSERT INTO `soal` (`id_soal`, `id_paket`, `id_topik_tes`, `id_event`, `id_skd`, `soal`) VALUES
(86, 3, 1, 1, 0, '<p><img src=\"data:image/png;base64,iVBORw0KGgoAAAANSUhEUgAAAa8AAACOCAYAAACG7IcmAAAgAElEQVR4Ae3dB7hlRZU+fGbGCTgYGB0cQZSsQtMkBSQHARGU3II9RAHJURDJY0tSlCRKEFQyKkkliE1SAQVRlKggLaCgYEAQAcWp//Or71t3dp++9/TN55zbq57n3HPuDlWr3qq93lqr1q6aq2RKBBKBRCARSAR6DIG5ekzeFDcRSAQSgUQgESgdI68XX3yx/OQnPynXXnttee6557q+KV544YVy9913V3n//Oc/d728KeCch8Bf//rX8vOf/7z20aeeeqprAXj++efLXXfdVaZPn1787kR64oknyte//vXy0EMPdaL4CVEmPXjnnXeW7373ux2pTyWvl156qdx///3lkksu6ft87WtfK7fcckt59NFHC6JppiCea665ZtjE84c//KGccsop5X3ve18to5l/N/7+/e9/X0466aSyySablMcee2xURQxivO6668pQiXEk945qJTKzjiOg73iG3//+95fbbrut4/IMJMCTTz5ZjjvuuDJ16tTyq1/9aqDLRu14kOUNN9zQR5Z021prrVW++MUvjlo53ZiRPvHDH/6w3HjjjX11Hy05f/3rX5dp06aVvffee7SyrPoPId50002zlbeS1zPPPFM+97nPlTXXXLOcfvrpfZ9Pf/rT5aCDDirnnHNOcU2k3/72t+Wwww4bEfE8/fTT5YgjjihLLrlkHS1G3t36bSSrzksvvfSoj9aMAj/2sY+VzTbbbMjEGPduvvnmQ763W7FOuYaHAA/GmWeeWZ8pHo1uTY8//njZf//9y6qrrloeeeSRMRdzxowZ5YADDijbbrttH1leffXV5Y1vfGMl0TEXoIMF/OIXvyj77bdf2WGHHQqyGc30y1/+suy1115Vb41Wvizhfffdt+y0006FbmuXKnn97ne/K0ceeWRVzIjJR0V/8IMf1OPrrLNOQWTh3vvjH/9YvvSlL5VjjjmmsEiGk5K8/g81GBoBHn/88YVFOpQ0knuHUk5e2/0IJHn130YsvbPPPrucfPLJhe6SuoW8/va3v9XBsMHG7JR1/7Vrf1SeBjSnnnrqTAZI+7sGd3YsyAvvkPezn/3sbOWdibyWX375maT++9//XkcqrAIWErNbcpw5OlzikkeS1/9BHXgOlbiabTGce/9Pgvw1ERBI8uq/FT1fsAniclW3kBc9euGFF1br5Xvf+17/FRjB0ah703M2guxmunUsyGso8rYlL5K+/PLL1QJ729veVvbYY48q/GjMeTXJ65577qnBG/z1V111VR2J9DfPdt9999XJ6K985Svl+uuvL9wPktEL98M3v/nN8pvf/KYe88dcnnvMzTUb7y9/+UudaJSHBDAd2yTyFVdcUcz36Ugs0khNtyF5BW+Q9xvf+EafHHHtUL/7m7dStry5PMw7GpmR6/bbb59pXqy/e4dSvkn+Bx98sObfOhjxwMPBxLqkL8DXMXWH1Y9//OOZ5PnTn/5Ubr311tqe2pivXXv5bs0f7kiXhS+/5sf8n7yGmrQtmZRHMUTelJX5FWVqS+cvu+yyimdrOfqTEaDBWrQx94v+FEl/Uk9lOQeLb33rW1XmOHfvvffG5fUbHvpiHI8Ai29/+9sVh5/97Gc1H3npX+RvJnXT9+QBU+3SdAX1R15RhnviWhhoC3MLygocmgOgmCe6+eabq+L//ve/X7Fo5tOUbSi/m25DWHju4Nxf3iHrHXfcUS6//PIqK1masiqbvuBy0s5XXnllxSnaK+rSnPMaDfKCp+dS+2uvr371q3WuMcolkwAaZakfuX7605/2zeXoJ+7nznzzm99cPvrRj9brvvOd7/TBqQ+4Rx7y129bLbRmOfQnTEMG94/GnJd+pN30OXKQUZ1b3YZ0BN3ludNePn43Bw5k0vfMO3om1c3zzkKOc4Oe8wq3YavlFQhSnltttVVZaaWVakfWcUYabBHkxe989NFH1/xOO+208j//8z8VEIo7EuWi4U888cTqXmMCm3/ix37ggQcqeVHqG264YVXwcR/351FHHVXe8573VADjuICLPffcs/qCHdMZ5G2+7wtf+EL5zGc+U/2uZAkCC/JaYIEFysc//vFq2nJDHHjggfWDAIablKHM5pwXpbjaaquVww8/vBx77LG1vE984hPlQx/6UJUzOmfcO9w5L+Snw6+//vp1QBB1oDTIsMUWW1RsKHQPxSc/+cnqgmHWk8uA5vOf/3zfw+JB1qF33XXX6mo2l/qpT32qfPjDH57Fzezhh7u2hKW2Wm+99cpGG21ULrjggmqdhzyD/dZOylOfs846q+hTZN5ll13q/C0FKfCGG0nQAN+6azw0kodUvXkbtL96nnDCCbUdKPnAnaLUh9x/6KGH1nqQ2QNIYZnTUfdm8hCvu+66fceVSaltsMEGtU3J7R7ueLiSP8pDNsrXT84999z6vBxyyCHFR3lSK3mpC8W1++67177uOZYMiOCuLP3d73322afWM0jBIIUb2zPFjQMjZXvmYBNl1gyH+CfIa9FFFy369BlnnFHzhhksmxGABqVNWWFEVm0asurDlLq5HW2rXmSOQZc20VdHe84LsZtSOfjgg+tHH6an4K5tKWTzN2TVjwQ36DP63rPPPlt1CyLwjNGDu+22W+0HlLlERzqvTtpc/ghOrMDDDz9crzGgUU/YNeseXjLPmHJHMuelPsgmdB3dr2+om2eV3oqkX5hi0gbqqe4COvSdIDCERYduvPHGtW3Jx/qkQ+PckOe8BiIvCsFDstRSS1UrAKjmyEYSbBHkNe+889ZG0xGQiNHsBz7wgRrVF1aUSusUOoPK6fwadfLkybVhAGfUSglQmpFEUCLcFVZYoXYKxyllSmS55ZarHcox5SIuIzqEp2NoHA+XMqUgr//6r/+qSta15Lj00kvLpEmTqnKrFw7jjzI9tMsss0zfgytabJ555qnK47zzzqsK50c/+lFVRCuuuGJtaEW5lzJp3jsUEYyUYA4nBBPK0mhVuUsssUTFwHGvNpibY81SCEbM7llllVX6Jt4NJhDHsssuW0lNG1BGlJS8YlDioTMqUy4FCkuKVn7vete7avRryDKU+pCLMjGSRTramgI04KEgDMKQApmMaClC5amTRLF72PRBIcDyQ2bypMjDavKNaN/+9rdXkvPQuhZurKMpU6bUB7QpOyXzhje8oe84siHL6173urL99ttXcoKDdqaIyaVsSf/zDMiDQjIA+/KXv1w8s5S71CQvYeDw3HnnnatygXvgqY4IgzWj/3h2DBwEI4XS85whqoUXXrgOBlyrTHPd+hqCHW5SR8r2LW95S+0XFKO8KWj9BtFE0naIyDVkpeAM6MiAsCSkjBQEgOh/8tJ2Ru+S8uBpMCg/CUGMNGCDp2fuueeu/V87KlcfMNDjndCHPvKRj9R+5rh21Y/e/e53VyvTde5RX7rUQEYdQ8m7R5trE22unsp55zvfWfuzemhLpCfYTt1do+70qeR//VlkpWuHk5RN36+xxhp1oEtm+etbb3rTm2YhL6Sl76mL5x/hvuMd76iWlvK5G7UXQwAecS1LNM4Z5PndLs3WbejmsMwArPFHk7wWWWSR6m4JIY1YPCCLLbZYX2Up2BgZx3WUhQahQEJGbO6BJ6+O4UGXjweF0mJeU5oXX3xx7SyhiFrzR3DM4vnmm6+SmPyDvCgrSjsSgLfZZpsqSxwb6rdG7o+8XvOa19QReCgd3zrz4osv3oeZe0dCXmT1kIgqpQjj4dZhjbQQkbrDxAg3ZHEfZamjwiQUhQfIaHTllVfuc/u5l2WsbUIx6UPayyAirNZQ5gYbMbIcKpbq4oGgBEPxy0ObkZOCM+qV9BFK3nGuOyNMSo1MiDuS/qEvIVr1lfQd/c8xCqKZhkpeCy64YLVsAltyGTQZnLFqJccQYzOp3+qrr15H7o4HeRl0UTYsLgqGeyby7i8v7aPeFJFRtRTkRekYtETSVltuuWWNNI5jQ/0O8jIIa+at77BCvI4SqbXeZOUpMDhhDUr6ynbbbVexCIXnuqjzWJLXq171qjpgjj5FHvpHP/cMcK1FIpNBgFcZYqDIq2RghYxjGiOuV3f6qpkMmg0W//u//7seNvDwysHaa6/d1w+Voy9Lo0FeBrfypw8iX7LRkUizaXm1ykwWA3yDIAMmKQjKcx6DpXqicW7UyItlgt09TMAeTfJqtd4oCqy+0EIL1U4alUI8FAa3D/JhIlM6RiGS80byFDtFqjOdf/759WEwQiK7EQNFzE3p/bIgRAAb7RgBmAOQP1P2P/7jPyqpyD/IqzVUPo7rqMNNA5GXEblRZjPpSAg5LJjRIC8POYUAO6NcbWDkaKTKYorkOGvYyA5GrDDuOPfBWAryolSbyXHWiBG+BG9tqF2MSCWuMW4GbUrhDCcFeVG6TQJkWSEbn2bSV9761rfWfqU/qBMy4TJUx/hwMZLLcSnIC1G3pqGSl35s7qOZkK0RukFNJOQV8x/kYlmyZl0nBXnpN/ojhahdW5P+DuuYR5KXcngVor2DvAw4YkAjnzhuUDPcFORlINHMO45z80fqT1ZeIFZTDIT0JVaogeyOO+5YvSjqFmQ/luQ1//zz9w1wQ2Z6hkUPoyapOU9xG1RQzp7dduTlen0SwRtcaCft4/lHgBLXKYtVWVxt3HWs1Kj7aJCXAR69xy3eTOoyuzkvMrPgWVlcvlKQV38E1e5cs2y/B2V5YXcPAx+lNJbkJX/gN8lLeUaEfKzxHholyGoL8tLJjUQpJ53aQ+YaI1eKi+wULItt6623rj5YZVHI4YrwABvNKYMlMqeQFxyQC7frpptuWi0xoyTuUEpAMjjgyjT64jLSHvzYRn3DIS9WHNcv1xG3Btehzs2KNXCIh68WPoQ/IyEvyp8cLBDWbPQ13/z4Bj1BMmNNXgiQFWI+UGIJk4EXIeQiI/xayYui0C6UuT5tgBXJyBgBGhT5RH/XBt1GXmSluFtl5XJqkpdnX7sLYkEavCw+3k81MOsUeYW+DOx9B7EZ9GjTduSFeDwTnrloc3qJ1Rnkpe6MC9aNNlRvg0SDMHUfDfIyoKcLeH2aqZW8WGUMAH3WvFz0LVM5HSEvSsZEMaLQGaTRJC+jTn7RSABHMlwfTEqA8G0boRv1mqswYmE+G7kFebmfVeBhNYkYARyUr46NyIwAjLQRcShlnYeiFk3JUtMg8qek5iTyMnpFRkZY2tsEL3dAkIjBAMXJGuOG8uDxoXN5DIe89CHlGX1RyiwuD6oRtIdxuGkk5MVFow+wZihC/aD5IXPgMTvyMgiAVyRKhtegvzkvll/TQnItjLmHDBI8E0a/3CwsQBYlufRlbstW8uLNMEqGLwvUt34uGan7n1VmjoVyk5f6dht5sQ7N53HjUs4h60UXXTQTeQXGyI4OoD8QPwtO3cabvDwr5rr07ebAgZwGiQYWBtD6mw+92uo2NFg0uKPfPBfR5iJatWmQV7Pu+j6PjOeWDlT30SAv/RZ58ZQ0k0G/wWa4DT0fDAfuYLJHeyHScScvxGUugA+aMgOGNJrkZV6JKWyyzkMbE5AaiEtB4+q4yMy8g4TQ+FubbkPHXeuBZFZrcOTmoTWiBiBQKVsPezzM/NNIUecxKop8PCBzEnmxQLkDuYlELnpoYrACExYrhewcZaqtKAUjrOGQl3bmcuRe5KqkpM0nUdoeVGUMJ42EvGCgXyFok8zRR8jBfWOQRTFJ7chLxCX3FQVCAcPKMSPj/shLP+N+MSCQPF+eCQoDQSlbWxhYwEeCj3mx/tyGyIubSZkGbJ4l7hv3wIfbzbMRdfF8wL7byMsgxvylPtKUlTelaXnBq+kmpKfM+ZmPgel4k5d+w1Iy4DYYir6sHekVgQ8CLyR9w2BRm5n2iKRN5GHAwoUvITSDnKbbEDk23YTal+WDOOE3GuTFo+XZR1QxsFSu6EdGTZAX/WnAxuKPvgwLz/aYk5dJNZ3cxwiYm8TEIrOVORhptMnLQ62zKdODBXgNp9GNpjTOe9/73jpJ6SFzjgtRwzYtLx0B0EajFJB5OkkeMY8mH/WKZCTt/SlKWz1N1LMEuCYoD5acpLF0iok45xVYUBDcLq997Wtr8EYzOolC4C40ADD6p0xZs8Od89KH5If45MNX7yNv2Dcf5JBvMN8jIa9oZ/0LSVOc5hMMfIwouRRZ5lI78vLACjpCEPKAlX4kqEDfFKgiUVCU2Ktf/epqJXCX6t9wMSeLwFjEMVjTd5Gia7hk4GTQ1Z/lxXOg3wsYEMlowt2oPeaCPR9k88yxbrh25KVMSV9AfJ2c84Ij+WIwEbIKQmlGJRrs0B8+LE6RwhStAazne7zJix7i9oWpNuNVIBd5tJ/+TqZIvEgUPmuMF4iVrc0N1t3v9RhtjgTMl9FBYXkZVKq3PJWhn6o7HWYwPxrkxbBAwixZfULf9px69ungIC/XeUaQs/7uuqizYDC/Jc+QvkvPx/MUWLQ7F9fEd53zMiJgGvKnhhJhoXiIEFmMeuImDx3/p/NGlsNJHiKjCCAgRpPPygQ+F4aOG4l8HjwN5EFzHZAohVZTljwa2nxAM3rHiMGDqaEjQED+OhpXA9IKP6381ZuCiEAE8vL9kjfeL3F/HNdZhpvUlbL20EXerE5EbgTdTI4jXyQtxb3wi3ub1w/ltwddJxVB5YGJEaM8KEIPCmwoX9/6CjeF/yPUHHl4yGDXTI5rlwg0YfHKg48+XMFGa9qZ4mbtD6dveYAMRvSTJh7a30gRMTWTOpE/ot70B0StPeDMxUZOH67owISs8oNBa5KHZwbxGfC4l3XJqoNBtGmQl9ErefVpD7jf2gFmkbSzvkimeAb0f/lGRCJPiTI8l9xTEnm9LkAOSpFsFCdC9jxpJ+8gsQh8w1+CnefQ84VAI8XxVhzj/GC+Iw/49Zd3YBqywjFkVa53gsjKKyRpc/0K+asPfFwT+OlHvDf6ZZSnv8Ik8hiM3K3XGMCYjwuPUPM88nFe29MZIReCaRKXe8hEn8pL+8fAzXFtxjMUbQ4L7a2vSLCkR+m2KIPuotMkz1noMjgNNxlswlD/UyckS7/qN/q0pL2QD9niOm2pztorXm2QV/S3VpnanWuVvZKXQhGEhzY+MnGsv8S9otDhKJfITx4eSJ9m+QPlGdewgNzTvD/y9B2ytcofxzVmKKB291HWOkZgEPc71kwDHW9eM7vf/eWh86tDzLFEHq3H+7s3rh3qt7KQOGWKAPpLcIFh4Eie+O1657WhNmqmOI7sJUEDCMoD10wUTrwX0joqa1430G94eOhb26m1/LhfX+gP5+hvngf1ae0z6u141Cfya34HNnF/6z1BXhFtqAzlhYJt5uU3mdzjGVCuOnkOQ4Y4H+XF/SFHM1/3+j/q7hqYRX+L88175DfQ8ShrMN8D5TG74wPJqsyoe3/49ZfvQO0+GPnjmsiDhTNQirL7k6t5T1ynjs38ol7aXNu7Tpv7HSmuUUYrGUS+rcfj3qF8R16edzJGua15t14HJ/0o6hXnW+8jS7tzrbJW8mo9mP/PmQiwJrgNmfhNl+FYoMGKobRZ2jq35GHgbuGy8wmlPBbld0OereTVDTKlDIlAryCQ5NUrLTXGciIO7iU+7FaX4VgUbXI3Vj3gYuDa4H4wx2plgnAvjkXZ3ZJnkle3tETK0YsIJHn1YquNgczIyzwJv3tEtI1BMX1Zcg94f9A8hHlIvnFzIOb9BNeENdZ3wwT8EXNU5iuar4tMwKpmlRKBUUcgyWvUIe3dDGNuZDyJI+ao+Oubc2e9i+LgJTdgMKfaOkc1+BzyykRgzkUgyWvObfuseSKQCCQCPYtAklfPNl0KnggkAonAnItAktec2/ZZ80QgEUgEehaBJK+ebboUPBFIBBKBOReBSl7WzLLSgGVW5uRk8txKC/F2+nhj0enyx7u+WV4ikAgkAsNFoJKXVQ2ESFsJeU5OsUqypWXGOhkwWOrJ4qmRhKp/8IMfrEvbxLH8TgQSgUQgEZgVgUpelKiFIa2sMCcnC2Q2V5IfSyys52c3VGswRrJfVn8bUMb5/E4EEoFEIBH4/xBI8mr0hPEkLxaX1bG9oBtpNMnLO0TeH7KGoO9MiUAikAhMJASSvBqtOZ7k5UVg2xU0F58dTfLilrSZJ4K0jmCmRCARSAQmEgKzkJdVFqw7Z9sQy/c0Vy+Oisc1tjKxX1BsPdB63pI3lgGy4KtrLbraX37Na1wXH1sKuD7Ki20eohwEwIJpHhf0wNqI1efNY9k+pHUbgsij+d0kL0v3xL1IBhm0pqbc/QV6kNu95Iv8YGA1Zf8LkmnOefVHXlb5hmPID49Wa6rVyiKrclh1trS3zQJM1UeK60OW1nrF/4jVthET/RPbS0S98zsRSAS6H4GZyMtWGPbwsU2FPWMEcVh3LcjJUj4Umj2EXGMhVftYCfSw11UkytnGcUb9NsWzv5B9eGx+53fk53pbZ9h+w+ZlrrG23ZQpU+pGZ7aSjmX+bWzW3FbdvfKhoJvHEa65JPKTzb4zlLdFYO2Z0y4hLxsD2kJc3WwUqJ42qbT2HmKMpI7ko9iVZb8assAhlleyDYB9k+CgjvaNEgyC8O335N52c17KsK/THnvsUXeKVTYia7WmkJW9cuK41djtGWUTwte//vV1Uzx7P8XeZDC3Nw+cYu+gqFfz287Kc801V3nLW95S+4G+MNE+FiFea621mtXO34lAItADCMxEXvPNN19VwJScFcZtOmZ3VZupSSwJo37HKUfWmU0sp06dWgM+gpTsSUORzz///JWMbEYmPxvb2e7aYqyRny2uBYu43jXys6q43UKdQxjyQ6TNXZPdL7TfLrLN4/KwmeLGG29c5bTILFnJuP766/dZMFWAlj/I6xWveEVZaqmlKvFR3u5HjrZSR8QSmZDRhhtuWDeJswW5TQAR8AYbbFDcJ7H+EBQCQUA2YIOfAQCStZOonWojNS0vxGXjOfWzSSbrVbr11lvrNuDNVddjHy7bgzuOPJGcTexYXjZURJiCRCTkRv6ddtqpbnZXD/bzJ8jLTrYTNd10001JXhO1cbNeExqBmcjLluzcS5EoTAoOOVg0NTY+bAYAUOSsi0UXXbSuBu7eIK+FF164b2dWx0U12oAwti2noBHZ2972tqrUXcMtRmkjuVC2QyWveeaZp2y77bZ9GyLaBO2SSy6pSt880EAJeb3yla+slleQhTrfeeedZfXVV6/buLuXq491iGRj00WuOK5D5GX7bynIa8EFF6x1CovMuXbktddee9UttDfddNO6hXjI4r7BkJfrtAvrF6GFxeW4RFYbD3Jnhvz//6mZvpK8ZoIj/0kEEoEuQmAm8moNlUckXGc2DTQ/EynmoBAd64griWvJdtRSkBcCat5Hmccuua7jVmMVyJ+lICmTi4v1g+ykoZJXa7g7ZU0RI1Pbag+UmnNezWu4+OwztdJKK9XDd911VyVrrsiYn/PNatxss83KyiuvXK8L8mJFNuflnByIvBDviiuuWNZee+3qZm0ll9Egr2bd2v1O8mqHTp5LBBKBTiLQlrzCYgnyEqCAjE488cRiA0FzPeaCWGeDIS8kxAXGBSeZq0F4b37zm6tbEBH6n9VkLiIU90jJS1ncicMlryChIC8k530sFhaijQ8szP9xgUpx3+TJk/usyHpiNuTFlYi85B+BGnFfklcgMTrf6TYcHRwzl0RgvBFoS17mRgRnsKBYQVyHtm1nGYjQMtdDkTs2HPJiZQlIsHuv+ZnYkPCEE06YyX0Z5OW6ZtTfQHNerZYXUEdCXiyv3Xbbray55pq1fbgRF1hggToXZi6p+eE6jPD34ZAXUtxnn30qvssuu2yZNm1ajU6MjoG8BNZcdtllcai0znk5IZoxXKWtbsO+G2fzIy2v2QCUpxOBRKBjCMxEXuZHkJHE1WbOaZtttqkT2qwgSnnzzTcvG220UV9EHYIT0Tcc8jKXQ1GbTxL1xoIR1IAMzIdFMj8jCnHSpEl96y8iMW461lRrwMZIyGvuuecu5prC4mFtsghZXRHVyPqEwZZbbjmTnDCDU9w7XPISnCLKkpXK5ch1G/NlBgxLLLFEtXyjnczBcWtGwIbj5uquv/76SnStEYXkNG85u1D5gchLP+i18PmBwuHT8oqnLL8Tgd5CoI+8ROchhz333LMSiSi7cPEJoJAo1EMOOaQuIyUknBWAcIRcD4e8KHcuNpYdy0teFDWiEkLOWpIQlUg/kY/KF9knTF1ouLmx0SQvc05Cp83NCT//1re+Vd2i3Hjxsi/CFrovCo9l5DqkzxoSlh9yj4S8EAzLUh2XW265Gh0IC++NOcb6FfovAEUIPsJtkpdrvd8GG5GOMEN8EoIdSqh8a7QhUltooYV6Jmy+XTh8klftEvknEeg5BCp5WUWdq47iRVSCKLjwhH4jk5h7EqghPB6BIBjnvN/kXSgj/6ZyFB7PqorwecjIh5vwoIMOqkAhAZGK3HHTp0+vFheXHGIQtbfDDjv0WTZclubYzCn55s5UtvD7yE+mrCLvN3GZNZPjZAwCap6L366h6JAoPGDgtQBEJtw+rB/Eol7qctRRR5WTTz653hNyRXSggJTzzjuvWmxNHJTnGvfG/JhjXiJWZ8QisfoQ0O67715D90UQkgFGZEKcrF7vx7GuXBeWs/uRp/PwIVuE18N9JKHyyIu1PBZpxowZs1h13rkbSWpHUO3OjaTMvDcRSATGFoFKXhQipcGy8pu70NwNd1Qo7BCDOwqRiA60AoZ7BHb4P0iO0jVPRBk374/jIu0k7idkQYk3E6VLObMEI+LQeRYY2bi7uOYoc+UgnUjmf0KuOObb8fvuu6+GiDePN3+7Rj2QDrel38oKMmpe67f6ICVuzpCpWV9kT071bR53r7qwrGJ+zLGQXf0juU/bwNJ5SRu4RrkR7g4L8nKxRgo3ZmAW9XB8JKHyY0leLH4vRjc/MdcY9RrqdzuCanduqOXk9YlAIjB+CL7ME/MAABhoSURBVFTyGr/iZi6JVeEdL5ZeMyEkEYyi7prvlDWvyd9jj8BAc17jQV7hluQiTfIa+7bOEhKBXkOgo+Rl/kZYvDkmyyZ5V8rcjOhFq09wdWXqHAKdJK811lijVvzmm2+ur1K0BogMxZXYzrpqd65zyGfJiUAiMDsEOkpeXGeCG8yhWfPQXJM5Gr8pp3BDzq4SeX5sEOgW8goXoshSL8QP1RprR1Dtzo0NqplrIpAIjAYCHSUvFTB/Y/7FvIw5HPNVAkha54hGo7KZx9AQ6DbyCvchayx+D6ZG7Qiq3bnB5J3XJAKJQGcQ6Dh5dabaWepgEOhm8rIqy2Bdie0Iqt25wWCU1yQCiUBnEEjy6gzuPVFqN5MXV2LTjej/gayxdgTV7lxPNFIKmQjMoQgkec2hDT+Yanc7eQVZcSMir/6sMStrtCOoducGg1FekwgkAp1BIMmrM7j3RKm9Rl5Na0xgR6ys0Y6g2p3riUZKIROBORSBJK85tOEHU+1eJK+wxtQviCm++6tzu3P9XZ/HEoFEoDsQSPLqjnboSimSvLqyWVKoRCARKKUkeWU3GBCBTpKX3aetrWnRZ+7AmNNqHjPH1fy/eY3jU6dOrS/At7Ou2p0bEJg8kQgkAh1HIMmr403QvQJ0grysumK+anYfLyoHqbX7tnpLO4Jqd657WyYlSwQSgSSv7AMDItAJ8hpQmJYTgyU5K/+3I6h251qKzH8TgUSgixBI8uqixug2UbqZvIaCVTuCanduKGXktYlAIjC+CCR5jS/ePVVakldPNVcKmwjMUQgkec1RzT20yiZ5DQ2vvDoRSATGD4Ekr/HDuudKSvLquSZLgROBOQaBJK85pqmHXtEkr6FjlnckAonA+CCQ5DU+OPdkKUlePdlsKXQiMEcgkOQ1RzTz8CqZ5DU83PKuRCARGHsEkrzGHuOeLSHJq2ebLgVPBCY8AkleE76Jh1/BJK/hY5d3JgKJwNgikOQ1tvj2dO5JXj3dfCl8IjChEUjymtDNO7LKJXmNDL+8OxFIBMYOgSSvscO253NO8ur5JswKJAITFoEkrwnbtCOvWJLXyDHMHBKBRGBsEEjyGhtcJ0SuSV4TohmzEonAhEQgyWtCNuvoVCrJa3RwzFwSgURg9BFI8hp9TCdMjkleE6YpsyKJwIRDIMlrwjXp6FUoyWv0sMycEoFEYHQRSPIaXTwnVG5JXhOqObMyicCEQiDJa0I15+hWJslrdPHM3BKBRGD0EEjyGj0sJ1xO7chrwQUXLIceemhPfKZOnVrWWmutftvnpptuGvBcvzfkwUQgEegKBJK8uqIZulOIduQ111xzlV76JHl1Zx9LqRKB4SKQ5DVc5OaA+wYir8cff7wcc8wxPfW54IIL+m2xtLz6hSUPJgJdj0CSV9c3UecEHIi8OifR6Jec5DX6mGaOicB4IJDkNR4o92gZ3Uxef/nLXwoLcKQpyWukCOb9iUBnEEjy6gzuPVHqaJDXX//61/Lb3/62PP300+Xll18elXr/7W9/Kz/60Y/K8ccfX1544YUR5ZnkNSL48uZEoGMIJHl1DPruL3g45PX3v/+9PPnkk+Xyyy8vn/nMZ8ohhxxSdt111/LhD3+4HH744eX0008v1157bfnDH/4waAD+93//t/z+978v1113XTn11FPLEUccUbbccsuy+OKLl4MOOqh88pOfLJdcckl5+OGHB51nXJjkFUjkdyLQWwgkefVWe42rtEMhLwSDkK644oqyxx57lNVXX72su+66ZYMNNihbbLFF2Wyzzcq73/3usvbaa9fPRz/60XLjjTfO1nJ67rnnyre//e1y8MEH1/vXX3/9ss4665SFFlqozD333GXy5Mn1uGM77rhjufTSSyt5DhaoJK/BIpXXJQLdhUCSV3e1R1dJMxTy+t3vflc++9nPlne+852VVOaZZ54yadKkssYaa5SNN964vPe97y3vete7ymKLLVacm3/++euxL3/5y4Vrsb/0zDPPFFGCCAvpsbiuuuqq4p6ll166vOpVrypbbbVVueaaa8opp5xSSVJ5Rx11VHniiSf6y3KWY0les0CSBxKBnkAgyasnmqkzQg6WvJ599tly4YUXllVWWaVss8021aX3L//yL8WLzKwun80337ysuuqqxfEll1yyTJs2reywww5l5ZVXLl//+tcLd2MzPf/88+Ub3/hGJa0gKJad+a7rr7++vOY1rymveMUrKrH96U9/KgI47rzzzkpwK6ywQg3j/+Mf/9jMst/fSV79wpIHE4GuRyDJq+ubqHMCDoa8BGHccccdlUS22267cu+99xb3cRcutdRS5dxzzy0/+clPKuEgoUUXXbRaaAjHfVOmTKmW2f33399XUS5I/2+00UbVLSgwY/r06fXzzW9+s3zkIx/pe0GaJXfOOef0nT///PPLhhtuWC2z8847ry/PgX4keQ2ETB5PBLobgSSv7m6fjko3GPJCQp///OcrUX3nO9+p8rKarrzyyuoyZF2JDDzjjDPKcsstVw477LDCxSiJFDRHxtV45pln9tXV8a9+9avljW98Y9lkk03KmmuuWefQzKOx1Mx3/cM//EMlsH//93+v7knnfFZbbbV6jbkwZDm7CMckrz7Y80ci0FMIJHn1VHONr7CDIa/HHnus7LnnnnX+iusuEpcdQuLC23TTTSuR7bzzzuWRRx6JS+r3Aw88UIM5RCNGElpv3sq9SGzrrbcuSCoIy7JU8Tu+HeNGXGSRRcqBBx5Y9tprr+rGnN3cV5JXoJ7fiUBvIZDk1VvtNa7SDoa8fvazn9U5LhZWa0JsIg+RCkvotttua72k/PKXvyy77LJLdRHGSccQnSCPF198sbod99133xrkMdB6iiIPBYScffbZZcaMGeWss84qyy67bPnxj38c2fb7neTVLyx5MBHoegSSvLq+iTon4GDIK4iGddWMGuSu++lPf1o+8IEPlNe97nV1DuorX/nKLIEZP//5z6tl1SQ/74l5P8xiuiw4wRyPPvpo+fjHP17mm2++PqsriAxxiTK8+uqra+AGt+Rxxx1XVlxxxXpfOwSTvNqhk+cSge5FIMmre9um45INhryEs3txeJlllil33313lVnABatr//33L8svv3x1AX7wgx+s72fdfPPNffVCdt7hMo8lj0jcjxdffHGNSvRicqTbb7+9LLDAAv2SF5JEmBHs4b0yH9GJ7VKSVzt08lwi0L0IJHl1b9t0XLLBkBdy+N73vlfD4M0z/frXv65LQZ1wwgk1QMPqF0899VSNBvS+lpUx7rnnnko09913Xw2X94IxKy0SAkKE6623XkF6Ig8FcbDchNqb5/rHf/zHGrARv4XpW+tQWccee2wlTa7D2aUkr9khlOcTge5EIMmrO9ulK6QaDHkR1NJNp512WnnHO95RDjjggOqys3STD1efeShLRb3//e+vLsQPfehDNcpwt912q/cIaW+1kEQxOs4qMyfm5eQIkf+3f/u3eh9iE5HIfShQg/WGLFdaaaW6Igf34+xSktfsEMrziUB3IpDk1Z3t0hVSDZa8CCuq7xOf+EQNkvBy8itf+cqy8MILV/KJMHYBFOa/3vCGN9RIQMetjOEl5/5SrNoRIfDeG5OvuTDEdtddd5X99tuvvOlNb6rRiPI394VAH3roof6ynOVYktcskOSBRKAnEEjy6olm6oyQQyEvQRUI7Itf/GLZdttt68vIQVTIxVyVYIv//M//rO9lCY33Lli88zVQDVl1Ft3lbhS1KGReCD2rDXGZ15L3P//zP9f3v1h4v/jFLwbKbpbjSV6zQJIHEoGeQCDJqyeaqTNCDoW8QkJBGA8++GBdWePoo48uu+++e10yiotPuLv5KGTU+r5X3N/fNxeil5mtIM+6k8/UqVNrJKP8rXnouLybc2f95dV6LMmrFZH8PxHoDQSSvHqjnToi5XDIqynoSy+9VAM4BFwgNHt6tc5tNa8f6LdgDdGLsbahfOQn4EOAiOhEpGmOazDzXM1ykryaaOTvRKB3EEjy6p22GndJR0peBBY5iMRYT833wEZaGW5K26VwK44kJXmNBL28NxHoHAJJXp3DvutLHi55WRXDAr22LhH9x90njN6LxyeddFJd8onl1LqSfDtAkCCi8l6YdRK5JPfee+/qlhTR6JhzSHIoKclrKGjltYlA9yCQ5NU9bdF1kgyVvFhWdjP+3Oc+V1eLt6CuvbysvmGBXaH0IgKFsnupGOl86UtfqkTXbgHdP//5zwXJ2MDShpbe/xK0IYDj1a9+dV2M1ztkPhb+tUAwV+NgUpLXYFDKaxKB7kMgyav72qRrJBoKeZnLsvWJd7Ks7L799tvXd7sEUlin8D3veU9ded57WcLdvaslGtF7XLY5GYi8LA8lLN79NqQ89NBD65Yq/p933nnr+132ELvooovK4YcfXsnN+2SsPu7K2aUkr9khlOcTge5EIMmrO9ulK6QaLHlx/7G4LMJrcVw7KguD/9jHPlatIaHysfq73Y/tt4XUWFK2Q/HysZXkW1NzaxWWmrULBW5YaYPlteuuu1a3oTUMb7nllhrQYWNLL0F7N0yE4uxck0lerajn/4lAbyCQ5NUb7dQRKQdLXt7V8n4Vd6BtULjtvOtlt2OrXwRxeTnZeofWKOTW+81vflNX40BgVuhoJnNc5s1YUT4//OEPKxEJhbcr8/ve974acYi0uCd33HHHSoBcl/YPY/lxWVqKql1K8mqHTp5LBLoXgSSv7m2bjks2WPISsm7XYy8eIyYvFFvpPUgLgXHx2ffL6vCREJQtVbyzZedlc1uRhL97H+ytb31rtbRca91CFptNLS+77LJ6qfB5y0ItvfTSNWiDpSVghCty1VVXnWnB38i7+Z3k1UQjfycCvYNAklfvtNW4SzoY8jJXdeONN1ZCEahx+umn1/msJnH5jXD621vL0lAiBa1K33zBmBvRy8fmz/xmqV1zzTV1jox7EgkiLhGId9xxRyVMy0axuiRbrZgLY4G1cx0meY17t8oCE4FRQSDJa1RgnJiZDIa8kIo5qLe//e01sIL7LlZ8j/22/vVf/3XA7UkEerCSllhiiUpOgWTsE8aiY3VZ8skqHVyRog2trBEfc1xWlX/ta19bl4xCqFaYF54vOrFd4EaSVyCe34lAbyGQ5NVb7TWu0g6GvMwxXXvttdVtZ95ru+22K//0T/9U57qa5LXVVlv1KztXoXD5SZMmVZdjXGTljAMPPLBGGIo4ZEkJt+d+NN8lqjE+CNO2KohNZCPyEkDC6poyZUrbVT2SvALx/E4EeguBJK/eaq9xlXYw5EUge28JmkAmdjBuJS+WmJB4BNSaRA9aZNf93ICRkNq5555bLbobbrihrqZx4YUXlsmTJ9e1DeXFdehz66231vfGvEfGhYm8yG6F+WnTpkWW/X4nefULSx5MBLoegSSvrm+izgk4WPKynqD3r0QNWvnC+1jmuZrzXlaUd01zFXmrYViF3n3mt5rJPNUPfvCDGnrPspoxY0Zdx1BYvdD46dOn18stEeU9MKR2zDHH1GAN1+6zzz41XP62225rZjvL7ySvWSDJA4lATyCQ5NUTzdQZIQdLXlyHgia46ET4WfWdG882JTH/xRqzv9eRRx5Zw9eFySMu1wmseOCBB2apJEvMO2Pe6eJCFIxh12bzWOa/WG133nlnfYHZ1igiF4XXW2UDwQkgEbXYLiV5tUMnzyUC3YtAklf3tk3HJRsseREUSVhb0DtZIgS9iMyNh7CQGCsMgdnPy3taXjDm1hMm3846YtUdf/zxlRTNm1krkVUlhP7ggw+u6yYutthi5aijjipnnXVWJUIuSFbYYBbtTfLqeDdLARKBYSGQ5DUs2OaMm4ZCXhAxT+WlYS5AEYHcgVbXQF7Nl5VZY4jM8lAiBi0rxXrrL4k0ZKVxDXIfIibWnchCRGjX5te//vW1vHXXXbfstNNO5eKLLy6/+tWv+stulmNJXrNAkgcSgZ5AIMmrJ5qpM0IOlbxIiWy4+6677rry6U9/ulpHSIdLUSSgeS+WlM+nPvWpuiYhl+Hs9vkS7i5I44ILLqgvKoskXGSRRcriiy9eV5f38vL5559fXYdkGGxK8hosUnldItBdCCR5dVd7dJU0wyGvZgUEXQjK8I6WuSjvbjVX0WheO5TfrDRExk1oXotl1u5drnZ5J3m1QyfPJQLdi0CSV/e2TcclGyl5jWUFWFfm2bwDNpKU5DUS9PLeRKBzCCR5dQ77ri+5m8lrtMBL8hotJDOfRGB8EUjyGl+8e6q0IC9BF7Y3mYgfIffWRMyUCCQCvYVAkldvtde4ShvkFcs8TdTvJK9x7VZZWCIwKggkeY0KjBMzE4vbHnvssRP+Y9mpTIlAItBbCCR59VZ7pbSJQCKQCCQCpZQkr+wGiUAikAgkAj2HQJJXzzVZCpwIJAKJQCKQ5JV9IBFIBBKBRKDnEEjy6rkmS4ETgUQgEUgEkryyDyQCiUAikAj0HAIjJi/rzFkV3BbwzY0GB4OElb8tqHrzzTcP5vK+a2x1YS+oc845p+9Y/kgEEoFEIBGYcxAYMXlZX84WFEsuuWS/27y3g9JGgrbFsBfTUNLDDz9c1l9//bpT7lDuy2sTgUQgEUgEJgYCHSeveeedtxxyyCFDQhN52U3XflGZEoFEIBFIBOY8BJK85rw2zxonAolAItDzCCR59XwTZgUSgUQgEZjzEKjkZdPAp59+ulx11VV1d9vDDjusBmDceuut5cUXX+xDxW63NhS0m60Vxo855phyww031B1sW+e8nn/++bol/GmnnVavFZgxffr0mfZfMufV6jYc6L5nnnmmT45wGy633HJ1o8MvfOELhcynnnpquf/++/uuyx+JQCKQCCQCExOBSl62bbeFuojBk08+uUYA7rXXXmXzzTevBKTqCM6OuI7bRgJ5CbTw2XLLLWcK2EBA9kmyDTxCQVz77LNP2WKLLcoZZ5zRh2Qrebnvxhtv7Ltv2rRp/d4X5GWrDlvJI8gjjzyybLPNNmX33Xcvjz32WF8Z+SMRSAQSgURg4iFQyctW7SyoBx98sG6nzsJidS2//PKVDFQbsVx00UVl8cUXL5dcckl57rnnCtK78sory2qrrTYTeYlAvOuuu8odd9xRt31/+eWXq0U0ZcqUundS7H7bSl5xn+O2i3fffffdV9y39tprl7C+grwWWmih8rWvfa3KQT5ykU8YfaZEIBFIBBKBiYvAgHNejzzySNlggw3KKqusUmv/xBNPlN12262svPLKlVgCEgR23HHHzUReca75zS15xBFHlKWWWqrIW2olr+b18dt9hx9+eJk0aVLffUFeK6ywQiXbuJbLcI011iiHHnpoHMrvRCARSAQSgQmIQCUvFg5yijkvLkHut4UXXrhaX+qNcDbddNOy3XbbzQRDf+95cTEitVtuuaW69OS37777llVXXXUmkmslr3b3Ib2HHnqolh3k1Roq7zgrLclrpibKfxKBRCARmHAIzBVzWfvtt1/Zeeedy/HHH18tqYMPPri64LgOJeS1ySablKlTp84EQn/kZaWNk046qWy//fY1L5YZq2udddZpS16srIHuS/KaCfb8JxFIBBKBORqBuV566aVy9dVXl0UWWaScffbZxfyXhKzWW2+9PsvLUk7IaKWVVqrzXYGapZoEVjSjDe+9994iEvCAAw4oTz31VL003IbN61otr3vuuaff+7gNk7wC8fxOBBKBRCARmEsovKCLBRdcsAY8vPDCC9XlJxCi6TZ89tlna6TgYostVs4777ziOsTkN0JrkpK1Dl1n5QyBHcqwfqFVMZrXtZLX3XffPdN9yhC16L7RIi/uTKH+p5xySl8AyGCPsTLV48QTT6yRl9l9EoFEIBFIBDqDwFzmux544IGyyy67lK233rpaS8LOhcCvueaadZ6KaK4z57T//vuXDTfcsF7HFcjq2nHHHWcipSeffLIGWQi133vvvevvY489tmy22WazBGxY2/Doo4+utR/oPnNtrQEbgkkEZzTTYOa8ZsyYUV8BmDx5cl9IfRxbZpll2h5jZXKBimgU0p8pEUgEEoFEoDMI1IANK8MLkxdifsIJJ1T34Xe/+91q9Vh0NxICo+jjOqu6s5ZE+XE5smAk1z3++OPliiuuqMqelcOC+v73v1+8UByuSWTl3O23317vE6Lvvssvv7ze5x0x9zmvrLhPqP2ll15aLcWQzbfjrMh2q9QLt5d/M7/BHmMJkuXMM88sjz76aLPo/J0IJAKJQCIwjggMGCo/jjJkUYlAIpAIJAKJwJAQSPIaElx5cSKQCCQCiUA3IJDk1Q2tkDIkAolAIpAIDAmB/wd2xeeAm0WEPgAAAABJRU5ErkJggg==\" data-filename=\"image.png\" style=\"width: 431px;\"><br></p>'),
(87, 3, 1, 1, 0, '<p>Antonim dari kata bangelas adalah ....&nbsp;<br></p>'),
(88, 3, 1, 1, 0, '<p>&nbsp;TUNTUTAN : SANTUNAN = ....&nbsp;<br></p>'),
(89, 3, 4, 1, 3, '<p>MIMESIS = .....<br></p>'),
(90, 3, 4, 1, 3, '<p>HETEROGEN = .....&nbsp;<br></p>'),
(91, 3, 4, 1, 3, '<p>REAKSI &gt;&lt;.....&nbsp;<br></p>'),
(92, 3, 4, 1, 3, '<p>NAAS &gt;&lt;.....&nbsp;<br></p>'),
(93, 3, 4, 1, 3, '<p>SENAPAN : BERBURU =&nbsp;<br></p>'),
(94, 3, 4, 1, 3, '<p>HARIMAU : HUTAN =&nbsp;<br></p>'),
(95, 3, 4, 1, 3, '<p>Jika suatu bilangan dapat dibagi oleh 30 dan 35, maka bilangan tersebut dapat dibagi oleh …&nbsp;<br></p>'),
(96, 3, 4, 1, 3, '<p>&nbsp;Manakah di bawah ini yang bukan merupakan hasil kali dua bilangan ganjil yang berurutan?<br></p>'),
(98, 3, 4, 1, 3, '<p><img src=\"data:image/png;base64,iVBORw0KGgoAAAANSUhEUgAAAQIAAAAZCAYAAADaKSC8AAANi0lEQVR4Ae2bVZPbShCF70uYK8xPYeaqJBVmZmZmZmZmZmZmZmZm5uRfzK1vqlo11speey3nrvfqYcuWPJppNZw+3TP7z58/f5T35+nA84H/tw/84znA/9sBPPt79scHPCDwGJHHCD0f8IDAy4heRvR8wGMEXjZMoNnw58+f6sqVK6p9+/b6b8CAASHb+vv37+rkyZPWHJ06dVJTp04NeZ5oAJo4lwYo+tKlS2rJkiXq3bt3CVI50WDAvynjp0+f1KJFi9Tp06fjvb3fv3+vJkyYoBYuXKhmzpypGjdurPbs2ROS3F++fFHr1q1TFSpU0PMsXrxY7dq1K6Q5/qZ9wlnLEQi+ffumVq1apdGQyX///q0ePXqkneDevXtaEYxZunSpKliwoLp9+3bElAPgXLx4UWGE+/fvO64joLRixQo1f/58tXbtWvX06VNrLLJu2bJF7d+/X6N7ly5d1M6dO63fw1Gg/dlfv35pOXGYefPmaQc6ePCgD1iiT+Tjd/sfOn358mVEZLPLGur18+fPVd68edXIkSMjJh+6IbGgs+XLl/voTeRFx8giOsY3ACcCV8Z8/fpVHT9+XF8DYAsWLFCwAnzl1q1bWu8zZswIyBaYb9OmTapr167WvDJ/Qvt0BALQlAAfMmSIVsCPHz/U9u3bVb58+dS2bdv0PYILpE2VKpW6evWq64rC2Hfu3FFjx45VlStXVvnz59cy2A2AHAR+s2bNdNARSGPGjFEtWrRQN2/e1HLhCAMHDlQtW7a0MkT58uUdncw+fyjXyHzjxg3Vrl077WjIMnnyZFW1alXVp08faz2cEcqZJ08e1bt3b7Vs2TLrb82aNerFixeu6zOU9/A39smTJypp0qQKiuxvTDj38TMCukOHDqpMmTKqRIkS6u7duz5roWPsigxDhw7Veps1a5a+JrBNMBBZAJZhw4ap6dOnK+g+CaFw4cL6WXwY3zlz5ozPOjzLXNgD8KPE6NWrlzp79myMcbJONH86AsHbt29VokSJVJs2bfRLi/IJysuXL+t7kQQC1sMB6tWrp2rVqqXq1KmjUqRIoVmKqWzGXbt2TTvMqFGjFI766tUrde7cOU3noIMYEyDAaaZMmaJl5/0qVqyogcacL9zvyAN4AQCwpNevX+tr1s6QIYPauHGjXh+HP3DggEqZMqVmMG/evFHyh2w4a7iyROL5SAIB74xOqlevru1eqlQplSlTJnX9+nUfXZCkCOrixYtr0EDHDx480LU7iYogN9+deU+cOKHBBZ/iGrZRo0YNDcz4BuXt7Nmztc9JT6Ffv37aJtiR8gKmCROqX7++evbsmc8a5nrR+j0oIODloGw4qzhppIGAMmDatGnasGR8JyAgyMePH6+yZ8/uUwpACzFsmjRpNHBhbIx46NAhbUCcqXXr1q4zGXSEXkRHojdYApkUVsA9AQLY1OrVq6PGqSINBLAkSqVjx46pQYMGxQACgJa+FOxw4sSJlt64D0sACDp27Gjdl7KShCBlArY5cuSIRffxIVgu88HECHr+sMvnz5+tubAtIF+lShVH9hCtACByBwUEKMGpR2AvDaRWp2aTOhcjgdi7d+/WRqbZdOHCBUcKJ0LxSUBhCOY8fPiwIxAQ0GT2mjVrWgbjWXmGQKM38LeAwJTf/E49myRJEp2VuO82EDAfOqWmxtEloMh01MPYD6ZBTU2tvGPHDss+Iic6o/9j1t0EHYEiY+xAwLxkZIKG4GIc97DLqVOntDyyntmzkfnMT57D3siPvSip7IwAn9i8ebPKmDFjjIYlTLBu3bqqQIECWg6SAc1BSi/ovazlDwhYT8Y4feLHlMAwFSk5ncZF672ggAAnwbCBegSMoX6CcvXv3199+PBBB+T58+d1bUVWhzKz/dKwYUPtkMEoTYLaiRHghFBuanJzLpwKGkgWhkb+l0AgukN+WApyChAADvQtpKkIY4nLDgzBShYjU06aNEnXwlx37txZNWjQQPdW6PfQi4DiNmnSRNtE1kIeamQYi9iJwCCTAuqiWxMI0DEZlHkrVaqkszjjmHPw4MGKep0ARI7u3burtm3b+rA2mdPp0x8QABTo0A4QzAH4wCKyZMmi1wF8CVquTboPYDgxAicgwIeloYj82Ar/NZmCk/zReC9oIDh69KhKliyZWrlypXYMszQgcwAC1HetWrXS2QllEAT8RlbGiQhcMhTNGZo14oiBFBcICDBq4sSJYwAB88FI+A0nwNEBJMlKZAVYBlnSaW0Cy97NN68JKKfnnO7h1HSrc+TIYWUSsgt6oFzB0QQgcTTkDTXj4Jg4KGDDlhnsgCCFhaVNm1b3SwhomBl2YGzWrFk1uCOzMAoostiJ2hzAKFmypGUnAQLoN/MT8OXKldO6ImiYi/dFP8hAKUlAwhiQw8zMTrqSe/6AgPsAnRMQ2H/7+PGjRfMBI/6Qg/vU+FIq4F8PHz60el8iA5/4AazCfN6fzzIPjMr0E/M7TJgYMuePT9/DBoLkyZOruXPnanpOZ95s7gjdM18Yygb6Ur8Hs+3oBhCY6wfzHRnNTr79O3vLwcwjmZ/dAZgJAMRz6IU1pEEIQOJEOEvOnDmtEiKYNRgjQJAuXToruLkPUNJ5J3AkUFkboEH/0rx0shOBRf8FGk5tzHwAASymdu3auvkK8K9fv96amzH2ubiGneEnMEXGxPbnBhDEtobbv+OnvKfdV+SaBCrg4/babswXNhCwu8D2HvU42d8ulL1HwFYPuwGpU6cOqlkXFyDA+UB5GMzo0aNjyGSX0X7N8xKkTp/+mIQ5D3JTTkGbyazIY/5u/86aBC6Miuan9Fjs45yuBQjSp0+vd1FkDLKz6wI9lnt8EtAAgZmhkdfsEcBUCHhKL3Zm5DnsDZuD4XAeQ8BN5uc9zB4BWRFAwRaUKjIu0GdcgIBMj62lNAg0fyR+471NcHfyGwHjSKwf7pxhA4EEG/2Dbt26WTQSwciInD9o1KiR3gEAHcl69AjcAAKUTdAwv6kInJqal+05al7zt2C+h1saAH6wHQCvWLFi1sGs2NYmoOleE9Bkl9jGy+/hAoE04QAs9tqxE00+tsrsQAAjgAkAAqVLl7aahMgioM9vPXv21JSaudj9cQMIeE/kguHYkw6+wHY37MsOTqKnSH4KkJrlgPk9wZcGMAEOgZDps2XLptEfg6F0MgPOQuDTccVY1OmcR3ADCEBYGloY36zdcGxOGcr2YagOEE5pQGYg+3OgiUNZW7duDdox0Vfz5s1V7ty5feh2bPKHCwQwEezUtGlTnf2x0+PHj3UPww4ENGA58IM9q1Wrpv/odyAjeuNEaubMmXXJAPNgLs78uwEEBPi+fft0v4F1RC/oHDZTtGjRiB12krX8fQIECao0EKVicNmr5SUDNQsxNM0jurY4MVs8KAwnoG4lO3DN3DgYQeIGEOAY0Fsy/4YNG/Qako3JWlBbASV/BnS6j5zI7u/PX2nAc1B6auFcuXLpgypO2Yl7bPGZ4AV7wsl5bvjw4ZaTM5bdBLYGnWTlXrhAQPOMgOcQDfOhQ85xAAxOQMCpPuTau3ev3kkCGAAT5CAhkLGF0TCO49xuAAH6RS5OhcK2WFPef86cOToRcSjJn54ieR/Z4loaoG+252noyslF5uLgE70FGKoJNMH01kJ9V6s0IItCZVBojx49VJEiRaxOamxAQHYQIxHkHA+lPsYxcC7o8YgRI/TWD04TGxCIYkx52AHgOe7RZedFWRMnZnuK8wSswdkGGAiZVQ4QhaqUuI7H6TmbTkaUrTyTHiI3QIFhabCyS0DjFJ2zDUd/oG/fvj79BFgPVJvuvT+5wgUC1mC/nTXYyUCH2CkQECAL7wFVpzxj65F5SBjMw7O8F01S/InSMVCPACBkZwd9SX8CgEcvJq0mQAB9wAB/YDuRJjWnT8eNGxcSk/Knz799H79hFwuf4Xg869NABnDLli2rWTS6pswtVKiQ3gJ2W0YLCBCG7RWcFUdg24R7LEhgyrl/OWKM4TA6jSDJkIyDHfAyHOvkGgSHpmNc6kXWALXN5+wvxXPQa8bzh0PJVhvXZt0va5AxZSuOIGP7SuS3zx+pa3TCHrUpq7wDn7AXmBPAip7YlmJfH50TAJQR9qYiDgFtxyH8yc17si5ba2ILxuI8onvzWQIW/RN43Jdsgw6xPZ/ICkMx5+Q5bCv/sAUQw5rQO8/BcBjDtiXHuXln3g3mwOEmec6URb7zDsgjz7DFybFx9ENW5LQhY1mTNTj4xBqiO3pRwhBkzmj5xIcpbSiZ0R1y0zAlVtAD74tv0RfBbqILN9/PAgIUTI2KYU1nksWE9khwMR5h7WPFORBenpV7Mpa55LuMsX/Kek703OlZWYPxIqN9zkhfi06cZBa9mrLhADLW1JfIKWBLh97s8Mvv8inr2vXCfWxqn1vWhUnIHHzKfebhWbud5HfzOXNteTe5x7sxVuQwnzPX5Ttj6PyLPuyf9ncwx9t/s88dDdeiW8Db1IdZPjIG24ie3XwvCwjcnNSbK/a98mB0RBBzahJqnRCcPZh39sa44zuh6tEDgiAOuISqVLfGk0Epc6Tx5ta83jz/TbDFZ717QBCPgUCoYHx2IE+2hAEqHhDEYyDwgixhBFk02PFf6ZCqmNkP6sMAAAAASUVORK5CYII=\" data-filename=\"image.png\" style=\"width: 257.986px;\"><br></p>'),
(99, 3, 4, 1, 3, '<p>Perbandingan jari-jari 2 buah tabung yang tingginya sama adalah 3:4. Berapakah perbandingan volumenya?&nbsp;<br></p>'),
(100, 3, 4, 1, 3, '<p>Sebuah truk harus mengangkut 6 ¼ ton pasir dari sebuah sungai ke lokasi proyek. Apabila truk tersebut hanya mampu mengangkut 500 kg pasir pada setiap kali angkut, berapa kali perjalanan yang harus dilakukan supir truk tersebut untuk mengangkut seluruh pasir?&nbsp;<br></p>'),
(101, 3, 4, 1, 3, '<p>Rumah Desi jaraknya&nbsp; 7 km dari kampusnya. Bila kecepatan rata-rata motornya 35 km/jam, berapa jamkah yang dibutuhkan untuk mengemudi motornya pulang pergi selama 1 minggu waktu efektif kuliah (Senin s.d. Jumat)?&nbsp;<br></p>'),
(102, 3, 4, 1, 3, '<p>Berapa jumlah sisi dan rusuk prisma segi delapan ?&nbsp;<br></p>'),
(103, 3, 4, 1, 3, '<p>Indra memiliki 2.300 m2 triplek. Ia ingin membuat kotak berukuran panjang 20 m, lebar 21 m, tinggi 16 m. Sisa triplek yang tidak terpakai rencananya akan ia jual seharga Rp 26.000/m2. Berapa uang yang akan ia terima ?<br></p>'),
(104, 3, 4, 1, 3, '<p>Hitung Luas Arsiran!&nbsp;</p><p><img src=\"data:image/png;base64,iVBORw0KGgoAAAANSUhEUgAAANoAAADSCAYAAAAsTt62AAAgAElEQVR4Ae2dCXSb2XXfZ45Pm8RTJ45Pj9vJ0riJ3ZksU9fysdPWTl37pCet03R8ktT1zHhij2M7HttjzUSaTRoto4WSqF0abZSGEiVSFPdNEndSFLVQ4iKuIAiABEASIEBsxL7z33MfBUoUF5EgAH0A7nfOd0AC3/Lefe/37nv33XffU+CDJcASiJsETCYTDAYDnorbG/jBLAGWABg0rgQsgQRIgEFLgJD5FSwBBo3rAEsgARJg0BIgZH4FS4BB4zrAEkiABBi0BAiZX8ESYNC4DrAEEiABBi0BQuZXsAQYtCStA0ajEWq1GiMjI/B4PJienk7SnKRHshm0JCxngurcuXNYv3491q5dC4VCgVAolIQ5SZ8kM2hJWNYE2muvvYbPfvaz+NSnPoWWlhYEAoEkzEn6JJlBS8KyJtBefvllPPPMM3j66afR1NTEoEm8HBk0iRfQQskj0F566SV88pOfxFNPPcWgLSQkiX3HoEmsQJaTHAZtOVKS1jUMmrTKY15qyJhIZ3h6GuHwzBkKhedotMbGRvj9PEabJzwJfRFz0Ki1dbp9MNmcMFocfC5LBk5MWl2YtNHphmnKK06DzYPRSRe0k04M6x2Qj9kxODYF2agN337x7/HrvzHTdcwrvgzdpF3cQ/fPPV2YtDphpHNZaeEyW0hOlikXqIGL9og5aIFgCC2dStTcHEDjHTmfC8ig+qYMxY29uFB9Dx9XdiCrvAPZV7qRU9OPC/WDKGgZQfENLS5d1+JswzCy61U4VaPC0ctKHKlS4nClAmv+2//Gv/y13xBjtDczcpDbMCTuo/sv1MlmT3omPTurogPZVZ3inQX1PSi/1ofLrQNoaOMyWk49za9uh9XuFr2LaGCLOWgebwCZ5+pQ0tCFu/1qdMq0aX12yLRo79egpVOFqtZB5Nb04mhJB7acvYW1x1rw4/2N+GFmE14/0opfnWjDm1kdeP98LzZfHMSHBUPYVqgQ5/YiJXYWD2NnyTAySobxxb/4P/gXv/brArRXNpzFu+e6seFCH97MasfaUw/ON07cxs8OX8eP9jbhnw40Y+1H17HhzE3symvDwcJ2ZFV2Iae6B6XNA6i/o0BbrxodA+ldZgvV2dc2n4daZ47aMSAuoG3Luiog8/oCIA2XfmcQPn8QRptbdPNuDhhQ2abF6RoFtl/qw6bcXmzKG8Dm/EFsvUQwKZFRPIyM0mHsKlVjT7kaeyu02Fc1iv0LnPsqtVjzjRdnQfvpjnzsKlYis1yNXWUj2FU699xZrML2IhW2FgwJgDflybA5bwCbcvvwXk43tuT14kjlIAquq9HYrUen0oSRCTusDq/IRyAYTMMynFtvX914FsNjk2KsLBmNti3ritBiwVX0aaPJzJO6h4wVlFePLwiT3YehcTva5CaU3h7FoQo5NuT04P2cPlHJd5SosKdcg72VWuyrXBikGbjGcODywif9/jBor2cUYG/ZyIJQPgwqgUuQ0rsz6azQirQQ4Fvy5diYOyA047b8fpypVeFquw53hswYHJ3ChNUDhycAfzAcdWV7UuUTi/e++sE5qBi0WIhy5c/wB8KwOHzQTrrQp7Xher8RpbfHcKBiCO/l9OKDPBk+LFAIDSM01DywFgZpMcAi3z8K2s8zCrG3fGRRMGfvuzy2KIwEPQFIjcCOIpUAb8OFAWy80Ie9pXJcbNGi7t4EOlUWqPQOAZ7LG4i6K7VyaT/ZOxi0BMufrKoubxAagxPtCjOq7o7jXMMIjl5WYUeRHNsLFWIcNaO1HmisSGWPxWe0oC3n3RENKMAjjVemFvnZVqTAtgI59pcrcbJahUuto7jWO4E+jRXjZjc8/lBKQ8egJQg06h66fUGo9HY0dE8gq0aFzBI5dhYNgcZAu8tGkFmhmTOuWk7FjuYaguE//9XL+K1//Sye+dRv45d7SrFvGRot2nfR+6jbSfkj8MgYs71IgV3FcuwuluFs/TCaeyaEbEhG1Bil2sGgxblEQ+FpeHwhqA1ONPVM4NhlBbbmDwjNtadsRBgtIlqAPqOpzCu9h97z/fVH8ZfffQPf+rufYcPpG9hfqYn7ux/OpxjnVWhEt3hrvhybcvtx9LICjT0GDE84xHguGJqO2hwe52Jd8eMZtBWLbHk3+AIhTE55odA50NI/iazaYWzK6xemduoWPmzIWCkoq72eKvzuEiUyCgeRUSjDvor4Q/Zomh+GjmSxp0Jz36o5ILqW9d0TkI1OwWD1wO0LJb0BhUFbHjfLvioQDIsxR/uQGaW3xnCqZgQfXpJjR5ESe8oeAPZoxUvo/4+Y/BP67iUsoQK4MjVozm97oRzHrqpQfHMMtwYnMWJwiK53snYrGbRlI7T0hTSsIA3WoTDjfJMaB8oV2FGkQEbpiLDERTSYFCq1lNNAmo7Gc6ThaD5vZ7ESe0uH8HHtMFr6DBg3ucVUSLIN4xi0pfl57K/Uwnr8QTH3RW5PGUWymfEXTRpXamfN4VKu3FJMW6RrSdMaNAFPPYIP82W40KTG3SETrE4fQuEwksVswqA9FqWFLyBPeLKQ0RxY64BRTCxvzZfNznlFKooUK3EypSkiR6HlyjXYcmkQWy72o/LOOAa0NjEPSd11qWs4Bm1hjpb8lgwd1IW5NWhCTpMaOwvlYlyRWa65r8Gim0hOJgCeRFpFt7JSK7rjWy4O4lCFAlV3dejXTAngyMIr1YNBW0HJUKtJk829ahsKW0dxoEKJDHKJkoqRYxFDw5OAIp7vJOCoS7mrZFiMg49fHUZ1hx5qoxPUCErRYMKgLRM06ipanX609Blx7IoSu0uVYuxAvn9U8PGsWPzs+T2E/VUz7mAE3O7SEewuGUJO4wh6NTZI0bWLQVsGaP5ACHqzG9UdOuwsGJyxhFVwN1EKDUBkDEcrD7YVDIlG8KZsUliAAyHpjN0YtCVAIy1msnvRPWwViyi3FQwKYwdrsfka5klDF+lOknUys2wI5W3jYsJ7yu2HFMZuDNoioNGyFVr+TwV2qJIWTSrF3A53E6UHWQRyKhuyTu4uo+kABU5UD6OpxyBWClB5PknLJIO2AGjU5ZBpbThTO4yMYoVw+GUtJl3AIqBFPgk4cmCmCe+9ZQqx9Ih8TZ/kNACD9hBokcnnXrUVh6sUyKBVx/fHYpFC5M/kAI5giwBH7lxkKKEFtd4ntByHQbsPGnkZWB0+sSKYFl7uINefCrYoJnvDIrqTlVoRP+VM7Qi6hi3Cq4TG34k8GDTMhBEYM7vECuD95QoxNzbjPpUcrXeyw5CI9FPXnwwlh6tUqO3UizB8iQyVkfag0XiM1j8V3dCK1b+0Rkw4AKfJ5G8iKrlU3kHlSoaSPaUK5F3TQKm3g8o/EUdag0YBLYcnnKL/vrtEIaJAUVdDKhWD0xH7HkVk3Ebj74/rhkX8kkRotrQFjYRLUXypZaNwAjThyZDFvmJLsbGgcqahwY6iIVxoVovV7xSdK57m/7QEjeJEaoxOFN0YFeZ7imPBkKUHZBHwI5ptV7FCOCNQZC6vP37xStIONNJk5Hxa0KrFHvJXTHfIqKucpt1lAVu5BpllSuS3aO+b/+MDW1qBRiZdvdUjWjCKmRFZ1hJp5dLyM41Bo/KOaDaqD7nNMwaSeKwASBvQaNqEvO/Lb49hR6GcJ6LZqjpr9IrAtqNwCHnX1FAbXTH3IkkL0ARkLj9qOnXYdkkmTLwk3LTUYAzYguVO9YFCJtAq+eKbo2Jh74zLVmwmtlMeNLIkUcz3unt6bLs0IBYLMmTpZfhYboNK9YKCKWUUyVFxe+yBM3IMJtpSHjTqb1/vM2BX0aAITc2QMWRLgUf1gxaSZhQN4kq7DhanT+yUulrWUho0sjB2j1iRUTggNl6gJRRLCZl/YwipDgjNVjKMD/MH0NJvhDMGm3GkLGgEGXl9HKyQiz3E9lYyZNyQLL8hIdi2FSixu3gQ94YtYkut1cQiSUnQyIyvNjjELi20vD2zXMuajI0gK64D5Bu55ZIcJ64q0ae2rirwT8qBRsYPs92Hi80jYpsginNPgVy4NWcZRFMH9tKeAJfkOHZ5CKOTThElOZrxWsqBRj5r9V167CiYCWbKxg8GLBrAIvdQ/SHHhg0X+lFwXYMplz+qcHYpBRot3qRx2b7SQRHQlFR/RGD8ycBFWweEcaRUjXeyu3FnyBSVT2TKgBaenolYdem6Bh9eGhQbS0iny0jAM/TLregHr4zh8NVxfFQzjhN1Opyq1y95nqzX4VitDkeqx3HoSnwaFIJtU74c+8vkkI9PgRzTV3KkBGg0d0+b/dFuI7uL5aDNy6XVZWTQHgfZR9XjON2ox/kWAy7dNKL0ziSudlnQ1G9F6+AUbixxtgzYUNtjRWW7CYW3jMi9bkB284SA9NCV8Zj1ami8tjFXhpzGYbFv20rCIaQEaBS3Tz42hY8u01ZJSrHW6HEFO/93CcBARps0mus7VqPDuWsTAqyaexbcUdoh17mhNXmhs/gwaQ/A6grC4Vn6nHIHYXYEMGHzY8zshXLCg3tqJ64N2FB214S8ViOyGvSr1nbUeNMK7S0XB4QdYCURkZMeNLIy2px+FLZq71sZo11bxqDNb3xi2w2jLuHR6nFkN02g4JYRDb1W9I26oLf6YHMGxc6e/kAYtKUuNZ40HKC5q+WcdC3dEwpNIxCkrbRCAlCTI4BhgwdtCjsq2k3IbTUITUdd04NRTHkQbDuLh7G7aAAK3fJDISQ9aGRlbFeYsLdUjp0lKol1GWNbUeMNQryeT2MnGmddbDWg+p5FaBuCy+kNwR+YFi5Oc2Fayehn/rXU+EaeRwASuF5/GFOuAFQGD67LZjTd2eYJMbZb6bhub8UotuTLUHJzVETUonc97khq0EiIRpsXuc1qYQChGIzxqiz83JU3GgQYaS/qvt2Q26GccMPmDsIbCAvtMwPD46pobH6PwEfQefxhGKf8uKdxorbbgrxWA47X6kAadznlHNFqe0pmvEZob4bHHUkNGmkzMreSmwxrs+VVkuVUpNVeQxX2VL1OANYx4hDjJqcnBL8Iyz3TFXxcxYz372TIIOBN9gAGx92o67Egp8UgurbLyT/F/NySL8fFZrXYn4Ea/aWOpAWNMkZ7RtNCvS35g2Ih53IElBrXSGA8ucj4hsY+NA5qldkwavbC5Qvd33NaGoA9DAOxQcD5AmFhTOnVusQ4jqYLHqfdSKttL1Zhb+kgulRm4Z718LMf/TtpQSNt1qWyYGehDDuKFxubSbdCrg54aeaLrIjFbZOQjbuFIYIcuyNjpUcrnpT+pzRSw03AjVt8aO63gsZvR64uPTVAQ5XNF2XIb1GLRn8prZaUoFGGTHafGJttvjgoQncvXHGlWSEXTqt0un4rTR8ZE8406lHdZYFm0isqbDIA9ijspOHIcmlzBdEx7EDRbeOSYzfSatTIkyGONrCnPc0p3wsdSQcaZYOiy3aqLNiWP4CMkhF2Gl6kG7dSYKK5nlr9izcMwnxOBgYqm8Uq20IVUIrfUUPu9oWEhbKm2yIm0hezTNIk9qaLg6LR11ncoKC8Cx3JB9r0tFiIl12nwqa8wSgnp5NXe0QDQ7zuIRcpsijSJDNNKpM2SHbIIpBQPvzBaUza/bghnxIT6wvBJsZqRSoxhGlXWuATu9VEnvLgM+lAo8HrmMmFDTndYuJQOv6M6QXvyTodrt4zY9zsE11F0gKpAlkEj4ixhOb7utRO5N8wCn/KRxsuskC+c65PRFizLhL6IOlACwbDqO3S4d1zvcis4AWdjxZ6Iv4n031Tv024SNG8FAG2yNAkUmeT+pPyR1MBCr0bRbcn500BkFYjh+MjlUMiCOtCGx4mFWhUmDaXH7sK+7H1koK9QBYZm+2nuBeL/LZaEMn03dxvA7k2kbtTqmmxpVoEGn8SbIW3JudZJMkH8v3zfWjo1sPuDswL6JNUoNFAs0NpxvrsLuHcudpKk6r3xws08p5o6LPCMOUXbk3pBFkEQJoCGBxzI++6AYevPhgukFbbmDuI41cVYl8Hmtp4+Egq0Dz+ID6qGsTG3AHQxnKpCooU80XOwJc7zdBZfbOWxYUN2Q9Xr9T7mxoXWpJF5v+Pm/RzJrZpz+x3z/UIU/+jW/gmDWhkBNFOuvDW6Y6Z+IxiISXNkz1oVfjv+MiCTPjFtycxYvSAvOupsqUjZJFmg/JPPpvNAzax/CbiRUJa7e3sXhS2amC2e+d0H5MGNBpglt8exfrsnvsT1DwZnYiGhVyqaCHmoM4tlp7MWBcjVS59P2kqw2Dzoa7HCrLARpbckO1ge34flDr7jOvZfRElDWgOtx9bcnuwJX8I+zkWSMI0ObkidWucwmcxFU340TYVZJijcZh20ovyu6ZZSyQF8vlVVhduD5pEFzMyjk0K0KjbSPtMrz3VDuoHH+DwcQkBjcZltDjT6gzOrhmLtmKm4n0EEZn9qSGileI0oU3dx7c+7kFRqxYWx4Nw4kkBGnUbqzvGsT67m+fOoh6TrqyrTeMOmqCl1cmx3FUl1YAj2MzOAGp7LMIvkrrzH+TJsad4QGzdTJHZ6EgK0NzeIPaXDuCDi4Pg+PnRGjxWBhpFn7o1ZJ/tMqYaILHMD43XaH6NGiYa0+4qVWNtVid61Fb4gyExmS950KjbOG524Z3srhkH4qhb9GgraPrdR10g8oDQ2/z3/RdjWS1T81kub0iESKCQDTS0eSPrHq52jIstw2hs++oHZ6EamxTLcaKRgMlkgsFgwFPR3LzQPR5vANuyrqBTphWDTRpwXu83YOOFfu42JqiROV47jrtKhxh/RAbzC5UVf/dAAgSTxuQVQYdIq713QYbDFYNijzVSFpIHjSb+Tl4dws4iJXcbEwQaBdGhJS+0U2o6z5c9wGh5f5FhpEVmw6k6vZjrfTOrA8N6h1g6I2nQKBos+Y1tvtCDPWXqhFjaEjE3JeV3ULfxpnxKeOQvr3rxVREJkPZXT3pEHMmDl0fxkyN3RBQACt7z6kYJdx1pIEneILTvNC1FkHIFTa60LW4YoUCjY2Zf1GOJSKVL10+KJ0kWyGO143jjZBeuto/D6Qng+xskDJrPH8RdhRn7K2kVNVWO9DNMxCfPi4NW1WEGDez5iE4CpNX6R10426zHu+f6cfKqAuYpn7RB8/iCqGgbx6HLrM1iDdxCHv7kRjQw6hKe+dFVM76LJEAxR8hqu7VgCJtze6Azu6UNmtsbwNlGTVrFo481UIs9byHQyGfP4gyk9CLORDQFNK9Gy4n2V6rxixN3MWJw4JX3Jdx1JP/GrHotdxsT1GWm2PQ0xuBjdRIgSy11H0836PDjw3fExPX33suW5jxah0wLvcWD040UW4/HZ4tpplh+T3ExKDQBH6uXAO2EQ4Fkf3mqS4Te+Nt1Z6AaleCE9d1+DbqGrThZv3QQy1hWtHR+Fu0jRhtP0NwZH6uXQCA0Lbz63znXi/NNI/ibN7OkCdqdPg1quwz4qIYtjXFrAMiSe9+am1Wvh8PD3cbVIzbzBLI+NvXZsDlPhqNVcnz7jVPSBK2tT4PiW/o5cRniVuESNAaSXPofAo2sZLTLCh+xk0DniAMZRUPIKOzDX/3yBJRS7DoSaPnXdavepVFylVuiUDf2WeALMmixwwxiidGBimFsutCN//FziYJ2u0+D3Gvx2/ybAZzbJafWlw0hscQMMDn8OFatwboznfjWz45LU6MRaOevPX77HAZmLjDRykM25hJLYmJb1dL7aQ5vEFn1o/jFsTv47z89BqU2gVZHGiR6vV7Y7XZMTU3NOw1GEzYcLkLDrT6cuCzHrkIZMgoeOgtl2FOqnB3ER1ux+L65gKr0bgYtinYhFArB7XYvWJ8NJiuOVQ3iB3sa8LUf7EPXwDBsNtucOu90OhEIkJPA0ubeFa9Ho4R1d3cjLy8P58+fn3ee+Tgbf/vaOmzeeQA/ff8wXvnnQ3j5ofOVdUewdn8l9lawN38sG4sxs5cdiaMAzWq1oqWlBRcvXpxXl8/l5OCfNhzBX7y8Cc994x+w99Ax5OTkzLmuoqICGo1GwLbU61cMms/nw4kTJ/CVr3wFL7zwwrzzT//0z/Bvfvdz+KMvPIff+/fP49nPzT1/949ewP/8/tvYXaJgJ+MYGlb0Np5DW6qiL/abQqHAunXr8NWvfnVeXab6/ft/+Mf49LN/iGd++3fwH57/43nXfOc730Ftba3Qiou9g75fMWjUbczKysLXvvY1fPnLX553fulLa/A7f/AFPP8nL+APn/8ifv8L/xG/9/kH5x88twZ//YP3GLQYQUargS/eMMLqYh/HpSr6Yr8plUq8++67+PrXvz6vLlP9XrPmy/hPX1qDz/zbz+HPXvgi1jxS57/73e+ivr4+9qBR11Emk6GsrAzFxcXzzov5BfjezzZi98GTeH9PNv7xgyz8cMOp2fO1jVlYd6Qa+7jrGBONfqpBJyIQs8VxMZSW/p5sDW1tbSgvL59Xlx+u39/4u1/iWFY2ioqK5lxXV1eHsbExBIPBJV+0Yo1Ggz6/3w+XywUaCD56msxWfHC0BNfuylB9dwwHKxTYXTyEXUXymbNYjsyyYfZ/jJFGu3DdALs7yCELlqzmi/8YDoeFcW+x+hyp3y+9cxJ9Qxo4HI45dZ4MKQRZzI0hiyd55pdIcB7h6zhiB+3FFQm3HMvBPz9rxupIG1e4fOx69bh6udrfJRturn1Ai2GDG2ce2bGDAZlrll+tPGjbWAoqw0d8JSBZ0GiZjMnhQ06LYc7WOKutWHz/XFBlY24EgkvP4cS3CqbH0yULGsV1dHkDKG6bFNFfGZC5gMRCHhRbX2eh+PDpUdmfZC4lDZrXH0SrbArHanhNWizAevQZeTeMsLFZPyH8SRo0ioenMniQ1aCLiSn70YqW7v/TRnpuNoQwaBRAdcoTnAlIeSX2Xad0Bo0mquU6Hp8lhDLJ7yYTDMEfDKOxzza70Vs6wxHLvNN+XrTpO4/PEoOapLuOtMGF2ITQ4MHHjXqeT4vRJDWF/W7qt8HpDfFEdWI4k/7+aDRj7vIGQRF0qbsTy1Y9XZ9FYb+VE7TBIJv1E8RZcoAWDIdFnLzjtWwUWW3jQF42VzrNIlAqR7xKFGZJsuMn7T015Z4Js0zdntVWtnS+n6IR94264Auw21XiMEsS0Kj7SOM1iv56hsdqUTc01PW+2mmGyR4QY99EVrR0f5fkjSGRAiLYaPDe0GthC2SURpHz1wyQj7t577NIpUrgZ1KBRhZIncWLvFb2f1xp9/ejGh2uDdgw5QpyNOIEAhZ5VdKARgkmrUbzau0qB07UsWFkubAdvDKGwtuTUE96QaGq+Ui8BJIKNBIPGUaszgBo55Mj1WzufxxsZGUkcz41Ti5fmOfNEs+YeGPSgRYxjCj0HhHr4gjPrS1pHKEpkboeK4x29gJ5QowlK2gzWo1WBd9TO0FL8Q9dZZP/QpqNlsFUdZqhNXl5cvpJUiZ5X8fQwgulSKuRYYTm1u4oHchu1vPi0EcskTTfSBtXjBg8wsrII7MnS1rSdR0j4iLYaAtTsyOAlgEbTjcwbBGtRpDRynTZuEuEKXhMENyISPkzjhJIWtBIJgK2UBgTNh8aeq1i0E8WtkiFS8dPgux8iwG0eyetNWNNFkd6VvDopAYtAlsgFMa4xYf6XmtaR82iRobGrPdGnDOe+UzZClCI76VJD1oENv992Gp70lOzkXsVTeR3a5xweihOYHwrDj99ZRJIDdDudyNJs03Y/KAl+mebJ9JiWQ3Nkx2r1aGkzQS53g2njzw/mLKVYRD/q1MCNBITVa3ImM3iDOCuyoGCW0bQPFKqBmClOcTsJj1qui3Qmnwz1kWGLP7URPGGlAEtkndh+r/vgKzUu1HbbcHZpomU26KXGpCiW5O4q7TDOOXn3TojFUCinykHWkTOBJw/EIbB5hfuR5duGlPC658MHjSVUXPPgiGdG3ZPkJe8RApdwp8pCxrJPNKVdHhDIO1G4RBoPVuyLh4lD/wLLRO4MTglAp96/WGRRwnXL07afQmkNGgR2CLajbpYbQo7SLudrNcJY4nUx2+kwciVioITUUNBi19trqBYCMvDseThOOVBixSFGLuFp+HwBKGacKO53yaWjlAFJk0htYlu0rq0FCinZQKV7SbcVdmhs/pBWoytipFSTZ7PtAGNioQ0gNBuwbAITkNRkO8o7cLxlrwpqGI/6W4laa/TjXrk3zCKCfgejQvjFi9c3hBv5p48XM1LaVqBFsm90G73F5GSMYG8Snq1LhHrkBxxaQ6O5qYS1a2kyWZaM0ZeHeRtf0thh2rCg0l7AB5/GEEOVxUpuqT9TEvQIqVFwNFJ28p6/CGxoHTM7EWPxonaHouYhyPnXNIwtNEGAXHoyrjoZq6kq0nX0knakp5BC1ZJe2Y3TSC31YCyuybclE+JWIs0jiT4A8GZ4LGRtPJncksgrUGLFF2kS0nQ0YqACHQ6q094wN9WTIlJ4dI7JhTcmkRuq1GMnWh8R5pInPV6ZC10NuiFhjzfMoH8m0axdKWiw4ymPhu6RpwYNnjEPBiNHSNwUTr4SC0JMGiLlCdVdjI6+IJh4aBL3ia0l5ja6IVs3I0erVNMFpMmol0zlzo7RxwilqJiwo1RsxdGm1+spXP7Q0KbMliLFEIKfc2gLaMwI+5dtNiUupkEH2k9MlA4PSE4HnPSchXavpYCC9F4i62GyxB6il3CoKVYgXJ2pCkBBk2a5cKpSjEJMGgpVqCcHWlKgEGTZrlwqlJMAgxaihUoZ0eaEmDQpFkunKoUkwCDlmIFytmRpgQYNGmWC6cqxSTAoKVYgXJ2pCkBBk2a5cKpSjEJMGgpVqCcHWlKgEGTZrlwqlJMAgxaihUoZ0eaEmDQpFkunKoUkwCDlmIFytmRpgQYNGmWC6cqxSTAoKVYgXJ2pCkBBk2a5cKpSjEJMGgpVqCcHWlKgEGTZrlwqlJMAgxaihUoZ1IogeoAAAfLSURBVEeaEmDQpFkunKoUkwCDlmIFytmRpgQYNGmWC6cqxSTAoKVYgXJ2pCkBBk2a5cKpSjEJMGgpVqCcHWlKgEGTZrnELVUWiwVarRZqtRput5v3wI6bpOc+mEGbK4+U/o92ramqqsLmzZvx9ttvo6+vD36/P6XzLJXMMWhSKYkEpCMcDmPr1q147rnn8Oyzz6K6uhperzcBb+ZXMGhpVAcItHXr1uHTn/40nn76aZSVlcHj8aSRBJ5cVhm0Jyf7hL+ZQUu4yGdfyKDNiiL1/2DQnlwZM2hPTvYJfzODlnCRz76QQZsVRer/waA9uTKWLGgdAxoEgiExz0NmaT5XL4NQaK4xpLS0TMyl0d7cLN/4yuDVjWehGpuMev9yk8kEg8GAp2LVVni8Aew+W4vqG/0YUhugGp3kM0YyUGqN+Mef/hy/+Zu/JayOJ07noF8xCpWWZRzvevba5vMY0ZmlA5o/EERJfRcuXG5DYV0niur5jJkM6jrwN3//Kp75V5/CU08/jXe2HsDFy7dRxHKOez3LPFsLg9kRtSdOzDUadWMMJjuUo5NQaI18xlAGco0BP/rJ67Ma7XjWOfQOaTEUw3dwmS1cZ0lj+gLBqDt+MQct6pTwjY+VABtDHisiyV7AoEm2aOYnjEBbv349PvOZz+ATn/gEysvL2TNkvpgk+Q2DJsliWThRZFnMyMjAmjVr8PnPfx51dXXs67iwqCT3LYMmuSJZPEEEWmNjIw4ePIjdu3djaGgIwWD044bF38S/xFoCDFqsJRrH5xFoU1NT0Ov1GB8fF91G+o4P6UuAQZN+GXEKU0ACDFoKFCJnQfoSYNCkX0acwhSQAIOWAoXIWZC+BBg06ZcRpzAFJMCgpUAhchakLwEGTfplxClMAQkwaClQiJwF6UuAQZN+GXEKU0ACDFrcC3Ea4VAQgUBABDulVefhWW+OaYQDAQT8fvj9QYSX4eQRdBig0EzA6vEv6/q4Z49fsCwJMGjLElOUF01PIxRwwziiQHdPD7q7OtDZp4DO4kYwHEbAY4Cypxs997rR0daLYSt9vzht5G5l6y7Cewfz0TI8CW9o8WujTDHfFicJMGhxEixAMSzC8NnGcKewGNkXcnH+9EHs2HEABU2DMLlcGL1zCYczj+DjM+fw0QebsKOsCwZPAHPwCQfhtk1iTD2CYZUOg1U78Zc/yUBhzxhcwQBcpkk4fC5YNBqoh4cxMmKC0+eGRa/GyIgG+skpeINhzCrRuOWXH7yUBBi0paSzqt/ug2afwEDjXbT39KH3Tjn2vP4zbD1aDYVOiYqNb+Hd/QVoaevC9ZNv4Jv/9whadQ4EIqRNh+G3j6GzrhBnT57GmZNFyNvzOr76yjYU9IzBGbShpygblddvoSHnPM6dOYGDO86i+lYjakrO4czxE8i+VI1enR2+0PRcgFeVN755pRJg0FYqsWVfPxOVKRz0wW1zIxAKwzNxC8fe+hV2HquFUnUde779Y+wq7oHR6Yen9zi+/YWf4Fy3GZ4QvWQa02Ev9N1XkbVrG07mlqOuqgqn33kJL7y4EZfujcIZ1KPqnW/jtX8+g4rL9WhsLMe+H72IV95+HxfKqlF54Qjee3cjTtb2w+QNIrzstPOFsZYAgxZriS7wvOlwCF67Cb3N57ApYxcutchh0dRj0zd/ggPlMpjcAQRH8vHyv/sejreZ4CbQKESf34KOgpPY8vYptA4bMGUzovP8O/j6Kx+ioJtAG0Px63+CH+9ugNxgh9NtReu+F/Hn646hU22GZagJGWvX453jzVA7fRD8LpA+/ir+EmDQ4izjcCiAKeMIulvr8PGZUzhZ0wqV2YmA+Sb2/K8fIbOkF0aXH+6ej/DXz5FGs8xoNALNY8C1U/vx1pu56Jp0IRD0Qn15O7712k4U9kRAex4bShSweKi/OQ157g/xXzLrMeHwY9p4D4ff2oQ399dB6WDQ4lzUSz6eQVtSPKv7kYwhHvMIai/swaZN27HjyHlUtLajVzUOi3UAhW/+FB8cLsWN9h5cP/k6vvnSUdwYdyIomCGNZsW9six88Is9KGxsR99AD+o/Wos//38Pa7TnsbFMCat3ZmA3lPca/uu+BhicfsDYzaCtrghjdjeDFjNRPvIg0kjhEKyqFhx88/t4+Yc/x9ubdiDzwEEculCDbu0ohmqzkLl5F/Zm7seHv1iPbRX3YPQEZ4wW4n4fzIrbKNyfiV3b9+LA6YsoOrUTL797GjVDBriDBtTveBFHG0dh982Apr6yCf9wrg1mdwAwy5G39xgyc25D6/Jz1/GRIkrkvwxavKRNoJBGs6hxp/4qrtbUobGpCU1NTWi+I8O41QnPlAY9N2/gWlMT6mvaoaJ5tFk7/Mz9Ia8d44P3cLOpGc23e6Ac6sP1LiXGpzwIhj3QdTdApnfCf38A5hjrxHXlJHzBMOCdwnCfDH1KI1yBEBtD4lXWy3gug7YMIUV7CU0wE2zBYEB4hpB3iDjJO0TEyw8jFJzxGgkQCDNK6cHrxP3TCIdDM88IBsXfFIOfvEvo+eR1EnroRtKiNBkuDvF7SPwu0vLgyfxXgiXAoCVY4Py69JQAg5ae5c65TrAEGLQEC5xfl54SYNDSs9w51wmWAIOWYIHz69JTAgxaepY75zrBEmDQEixwfl16SiAC2v8H+TUmMmefuKkAAAAASUVORK5CYII=\" data-filename=\"image.png\" style=\"width: 217.986px;\"><br></p>');
INSERT INTO `soal` (`id_soal`, `id_paket`, `id_topik_tes`, `id_event`, `id_skd`, `soal`) VALUES
(105, 3, 4, 1, 3, '<p><img src=\"data:image/png;base64,iVBORw0KGgoAAAANSUhEUgAAALQAAADQCAYAAACuqEt+AAAgAElEQVR4Ae2dd3Cj553f9d9Zlm1ZmclMckk8Z4+s2Ddn+5K7y9wfntiO9UfmnETOObJ157uLPZFl7crSqlqrtpXLvk1byK3kLsllA0GAdZe7rMtlr8uCXtlAsAAsICr5zfweCFwWAEQnCTyYeQfA+754wff3fPDw9/zqUwaDAXzjMogXBp6an58H37gM4oWBp8AfXAJxJAEOdBwNJr8VgAPNKYgrCXCg42o4+c1woDkDcSUBDnRcDSe/GQ40ZyCuJMCBjqvh5DfDgY4RA6urq3A4HHA6naDX/BEdCXCgoyPXbVc1mUwYGRnB6OgoZmdn4XK5tp3Dd4QvAQ50+DIM6Ard3d145513cPjwYTQ1NWFlZSWgz/GTgpMABzo4eYV8tkgkwgsvvIAf/OAHyMnJweLiItbW1kK+Hv+gdwlwoL3LJeJ7Cehvf/vb+P73v8+AXlhY4EBHXMrc9R0FkXq/JAfau1wivZfP0JGWqI/rcaB9CCbCuznQERaor8txoH1JJrL7gwLatboKm90Jq83BtyBlUFIqwPPPP4+/+N73cOXqNRhn5rBis3M5BihH4s7p2tl+HxTQk0YzWvtVqO+S8y1IGZzIzMK//8af4VvP/0f88UgKKpv6UN8p43LslKN+0yZzy4Vks2Ej7jTjMztCHRTQ99pGcSClDL9Pq8QfTlfj0Fm+BSqD//H/PsOz//rf4V/9m2/iRy+/jd8cL8FraZV4La0qgTa630r8jrZU9/ZqSiU2bxV4NWXrJsabpytxp7YHFqvdr44SFNCCB304ePouLtXqIO6eQePwPJpH+BaIDJI+z8e//Q/fwp/+2XfwyqHTSC6R4HSlPiG2zAo9Mip0SBdrkS7SIq1cw7ZUoRrJZUqklKmQKlQhrVyFdJEKGSIVMkUqnKlQ4WylCqfFShzP68G18jYsWWwRBPp+H944fQ95TeNQGVbgWuWOAb/S3XDQsyj8029+1w10qQRnqsbicqMfamalHhliHVLLNUgRqpEkUOJkiRxJpXKkCeU4W6HExWoVLteocPWeGjkP1Mhr1KKoRYeSVh0Ej/So6BxDTc84e51e3Ifr5e0c6A1M7erL8nK3Y4UB/fZpJMcR0Kerxth/mswvZmEC+FSpAieKZThZLEWGUIbPK+XIrpXjVoMaoo4xtAwZMKCag3pqEWMzy5icW4HRbMX8ko1t5mU7lq0OrNidUE9bcK16BDdEHOhdhXjjl4srKvDdP/8LfOOFH+Af3z2H5FLpvp6dT1eOgQD2QJxarkaqUIlkgRypZVKcFUmRVS1HcYsWbRIjtNNLWLA4YLG7YHOswuFaBVnNAnlMzFlxo2aUAx2IsGJ1TmPTQ/z3l36Fv3nxV3jteB5Sy+T7DmgPxOliHdJEpAercVqswvlKFS5Vq3D9nhIFjWrc75+EdMyMBYsdq6trCFcx5UDHitIgvkepnUDa9Qr87pQAR273ILNCu2+AJpBpUUf68CkBzcIKnBYrcPWeCoJHOjQPGTCiM2HatAKbwxU2wFvFyoHeKpE98H7aZEVhsxZHCqWgVf9+WBB6ZmSySiSVKnCqVIZzYhlu1avR9NgA1dQiTMt2OJyBqQ6hDgMHOlTJRfFz47MWBsLRfQA0/eCYbizSMr04rUyOi1VyCNt0kOjNWFxxMB14NUbhrxzoKIIZ6qVpNZ9dq8DRIikzae3FGdqzwCPdOEOkxoVqFW7UqVDZOQbl5CLsjt3JsuFAh0pdFD83qJlHcskIjhfJmYlrLwGdWTkGWugll6mYfnyhSoniFj3apUZMzFlgj7JKsZPYOdA7SWgXjreNGnE4dwAnS5V7CmialcliwRZ65XIUNGnQo5jFzIIt6rpxoMPAgK4dxU1uhw5UZNE9j6LEHvRP4p3rfThVpgY5InZ7hiaQM8RapInUyChX4HqdCp3SGaYfB2ofjq7Unlx9Yt6KnLsS3BR1cE/hE7Hs3itaRAkf6fDO9X4kC3cXaHJJU0wF6ckUK3Hlrho13RPQGZfZQm/3pOT7mw0mG/LqONC+JRTjI5NzFly7K8ehq327CrRHvUgTKpBdq0JV1zizWixbnYiRwSIkyRPQBfclyOEzdEjyi/iHFBMLSC0ZwsGsHpzapRmaYCb3dIZQjsIWLYa1JixaHPsiwIwDHXEkQ78g2Wr7VXP48GYvDlyKPdAsdJPCNstVOFehgLh9DOMzyzsGyod+x5H/JAc68jIN+YrkCibX8FtZXXj9cmyBplk5XaTBuQoVch5o8HB4GhTFtpfVC2+C5kB7k8ou7ZtdtEHYrseb2d04kNUbM5WDxSILVSCbcnXXBAvTpB/XfnxwoPfQqJGH8No9Fd6+2hcToMkkSDCnCJW4WKVkMRf0o9rPyRgc6D0CNNlzB1TzOCOS4d0bgziYHd0ZmmWKiLXIFKtw7Z6a2ZUtNmfEo99iLV4OdKwl7uP7CKaWoWmkC2X4IHcYB7P7oqZyuFOeNDhfpUZRix4jevOe8fT5EE/AuznQAYsquifOmK0QtY+zLI4Pb41EDWjmLBERzCpUd09Cb7TsWSdJKBJ3Ay1Fjph7CkORX0Q+Q5VF9cZl3G7Qsvy6w7dHowK0x1lyRqxEZdc4JudX4HKFmyMSERFE7CJGsw2F9TIOdMQkGsKFKH5jRGdGVo2Kpel/dHsUb0RY5SCYKczzXIUSlZ3joCQCSnmKt8fsgh2CJhly+Qy9e0PL9OfhaVBwfJpIi4/yIgs0g1msYWUAGgYNmF8i+3L8wUwjOLdoh7CZA717NAMwmFZQ8lDPalEQfJEEmqwZGSINLteq8XDYyNKg4nBiXh8/DvS6KHbnBf3bH9KYcEYkR7JAxeKfP86TRETlcMOsZZnWdf1TmF2wxaWasXHkONAbpbELr5dtTtztmcSn+SNM3aDY50gATXEZVErrjFgFUfsYK87iilM1Y+OwcaA3SiPGrykYifLvKH/weLF8PX8wXKAJZiojQHXeRB3j0M9Y9rX3L5hh4UAHI60In2u1u9AwOIWjd0YYgJ7MlHCAJjWDFXYRylHW5p6Z49Ga4WsoONC+JBPl/TQ762eWcbtejWOU3b2h/kY4QFORl7RyJStmqJ5a2lehn5EQOQc6ElIM4Ro0Oz8aMSKlVMoqblKhlnBnaOY4KVfj6j0N+pRzsNqdIfxl+/sjHOhdGD9SAcZnLChs1uFUqZwVavHAHOqikFzalGVyRqzAgwEDTMzWvAs3t8tf6QZazh0rsRwHq8OFLtksywohCDfOzqECTXpzSpmM1Uc2zK8gVpWKYim3QL6LgBY9lCO3gsdyBCKvsM8hDx0FIlV0jCNFoGCFDTfOzsECTTHNVPiFaizfqtdAN70cd/EZwQjdtOxAVZsCtzjQwYgt9HMpbmNUb2YlAaj6EFklwgGaFoHUqiGrRolB9TzsjugWQwz9zmPzSfOyA9Uc6NgIm75lftGGqu4JnBLIWM2LrTAHM0PTj8GjNzcMTLHCLwngO/E7WBxov+KJ7EEqJUtZ3ZRRTX1EvM3OwQBNVo3UciXuNOswNmOBM8Aq95G9q711NQ50jMaDLBsTs2TZ0OLoHQnL5fM2OwcKtGd2vlClQod0Biv2/ZnUGmnxc6AjLVEv16PotoVlB+r6J3HKi915K9iBOFbSxFqklMlR+kjPquEnqlVjq7g50FslEoX3VBJgQD2PyzXUosG3quEBeyegSdU4WaLApWoFa+/gjLOsk3CGgAMdjvQC+CypGtSGjHrppZQptjlRPBBvfN4J6FMCFU6VSFHXNwmLNfG8gf7EzoH2J50IHCMXd5d8Fp9XKd2doDa4uDdCvPG1P6DJTHe8WMa6SJG3MZECjwIZDg50IFIK8RyyOVPPvcIWPZLLvDtRNoLsee0LaFoIJpdRjWYZmoemYbXx2Xnr0JgtDtS0c8fKVrmE/Z5mTmpdRgmp6UKFO9g+wOLlvoBmrSAEChYDQmrMfq5wFLaAfVyA6mvf7VRyT6EP+YS0m5wbVOjwQf8UUgXbo+k8M7GvZ29A0+xMbYTPVyndZjo+O3sdm+UVJ+q7VbhdyWM5vAoo2J0EM2VxdytmWc/qUwLFeiaKL4C37vcGNEXTpZQpcbtBwyroc93Z+8hQQfb6HjUH2rt4gt9LXaCkYwvIrXc31yET21Zgd3rvDWiKpssUKVgr4aUVx74rcxu8JEP7BAc6NLl5/RQVXKSmmWVt40gTKv16A/1BvRVoUjdOlipwsUoB2dgC1529St+9kwPtRzjBHCJVg4LqGwencaZCyfL6/EHr79gmoL9o3HOsSMLaqC1YHPu+Qmgwcg32XA50sBLzcj5ZGwg0Ctq/TOW8hN7DQv1BvPHYRqBJd6Z+hWkCCdokxripEupFjBHZxYEOU4ykZlBpLQoQom5R5MXbmPC6EdRAX28Emkx11PP7ep2SmQHjtYRXmMOw/nEO9Loogn9BAUFknns0OoNL1SrWLphm1EDB9XXeRqDdbm4J7vdPwZbgwfuBjBAHOhApeTmHIujIPEfZ1Vm1KqSGqWZshHsd6DI1jhbJWBCSxrDEF4NexmHrLgK6gZvttorF/3uyARPMo/oF5DXqmH04XDXDG9DHSxQ4WSxF2SM909Hjs16of1kHe5QDHaTESGcmNaNfPY/bjTqkknkuBFvzRoC3vvbM0J/dkeKsWI5exRxsPIA/oJGiiaapjxwrnbzX904SI5ipgmfLsBEXq1U4VaYMKBx0K7A7vSegD2b14dMCCa7cVYGpGzzmeafhYcetDiceDWqQx4H2Ly8PzPWDBjZrJgtVQbu0dwLZc5yAfv1yL44VSlDUomP1o3lGiv/x8Ry1OZxoe8yB9shj2zM5TMidPWO2oXnYiAvVKpZpTd47D4CRfiagf3+xh6VrUV3nBe7q3jYuvnZwoH1JBmDB80tWB1RTi7jXN4WLNWoW8RYJ05y/HwEB/bsLXcgQStElm8F+7erqR7RRO8SB9iFa5jBZtKFTNoucB2qkCuVIFWq2le3yB2aoxz4ioD/vxIVKOWTjPHbDxxB53c2B3iIWUjEcrlUYzVZQg51zFXJQCCi1EA4V0GA/R0C/dqEDufdVMJqscdvgZ4voI/KWA/2FGMnG63KtYtnqYFaF2t5JVsmTubKjqC97g90DdFGzhv09ERnpBLkIB5rpygAls1JaU4dsljXApJoXKTFSMbZCTV2w3szuQlXXGNefg/whJjzQpCtTHho1vhS06pFZLkdSqdJn3bmt8EXjPQF9OLcPj0ameXQdB3pnCTD1YnWVed+olvLDESOya5U4USJzN9uJsYqx9Ufxcb4ESUWPeRGZnYdy2xlkEWJ26KoE8RTSjEzqBbUGHtKa3A0viyWsC1WkXdhbQQ3kPRU//yR/FGfLRzE2s5ywhcu3kRrgDrvDhY4hLfLiHWjytNGvl6wXVEe5onOcVQE9VvTFrBxgiYFAoAznHLJxf5Q3gstVUtb1lQckBUjyF6c5XS70SvTIj1egPSBPm1cYyMI2PXNdJ5XKYuIkCRbudLEWH+eN4NYDJYvoC244+dlxBzTNaAQxVS0i1WJmwcZaD5e26pBcOoJP8keQJFAho0IPaucQLHDRPp8qI1HfQnGHnv39HNHgJBA3QJNDhOzIVCd5btHGalcMaEyo6JrA6XIZaz1MRcaj7bYOF/iTpSoklYyiaWiKxZAEN5z87H0PNM3GVBmfTG+0iOpTzaG2Z5I10CET3NEiaUTy/MIFNdDPnyhVIqVUgrZRnhAbys9zXwFN6gTNxJQxQpnWpFLQIk+iN7MWwzkPVEgVSHCiSMrqJ6eUa8JOWA0UxEidd6JEgXShhAX1kwueP4KTQNhAUxayy+XatpXc68HBzFrcatBDPrkEh3PzOTtlLzNw19YYvKQP250urNhcLBVpan4FsokF5tUjZ0hKKTkiHuNIobuOHFUrimZ4Z6Tg9XYdSrvKLJewBSzdN39slwCxwyY1L9zZ7Q50j2hwu6Id5iXLNi5XN/SheWrrpR0OB2ZnZ6HRaKBSqTZtl25X4p8+zsXpwjY0do5ArlCuH9dqtZibm4PD6WQLOFIbaMaljdQHmnlJhSBdmODVTi9jdGyB1Vm+P2Bg1TczhBJ8kDOID3KHcKKEMkeiF5/sDbxo7TtWJMdZkRSyMXPCJ8VunNQ2srFksWFqehZKtQYyhRIyuQJS2mQKjEplEN97iDPXhXg8LFlnjvgkTmdmZkDc0mMb0ARlRUUFjh49ivfffx/vvffe+va/Xv4X/OWPf4G/+9Xv8eqBQ3j33SfHjh07jqrqWhiMc+vgUkMdijse1ZvQr5xD68g0ansmmOMj94EaF6uUSC6V4kghOUFkYBkjFTqcrxnD+ZrxuNlOlMhxTiyFbDzxgGb/7VfdFiryGVANP7JSjc8uu9nQmTConsOjQS1yCsX44KPP8MZb7+DgH97G628cwmsHD+H3B9/CK//yO/zd3/8abx16e51HYvOzzz5DWVkZm0zpu7YBTTPtp59+iueffx7PPfccvv71r69vX37mq/jS08/gK199Fs9u2E/nfPuFF/DJ0RMYlGqgNy4xF+/DYQNE7TrkNSiRV69CXqOaBQndbtSjoHkcxa2TELRPo7zLCFH3TNxudK837inQJplmFhvPf654enYStAxcgvcJwPNLbusUNSbtUczi4YgBdX0TEHfoUNyiRn6DEiUtGuRW9eDVt4/gG9/6Nr767HP4yte+hme++jU885Wv4ctf+RqefuarIP6effYJj8TdN7/5TQa4TqcDqR7bgJ6cnER2djZ+8Ytf4MUXX8RPf/rT9e17/+m/4Dvf+yv86Mc/Wd/nOf7yyy8jNzcXRuMMSIn36MjUA9tqd7KBZK8dLlZchVKgSBVJhI2KydQPTOK8WIIBzQLkkxbIJ1f2+Ub3YIGMtgkLpOPLbJOMLWFEv8ACw6h/Y9PjKQhatbh+V45LlRLk1StQ0zOGHvkMtIYlNmOTOjppMOJ2Xj5++ctfbePuh//1J/juX/4tvvv9v8aPf7KZvZ///Oc4f/48DAaDd6BJFyGdRK1WQ6FQbNou3hLjxIUi9A6OQC7ffIzOJ3XF6eQtFbauS2gmJqDfvtaHU0L1nnT+BLt+oPUNLdSpJDAVbU8rV+G0WIVzFSpcqKK2zgrcrFNA3K5njUmp84G/BTFxQ/yQTryVu9aeYaTcqEVKVikGHo9sOk56tNFoXOdu2wy9dTA2vi970Ies0ocwL1l5tcyNgtnhNemOd3vG8e71fiTvY6DJC0sQp4uonyLV/FMgtUyO85UKltIm7hhDy5ABw1oTW/iv2JwRqXk9MWfFjZpR3BC1R7YuBwd6B3J9HKZCKVWderx3Y/8C7ZmNqWrqsSIpkksluFwtR033OKRjZuY7oHZ05NmN9IMDHWmJhnk9qspU1qrdd0B71IoMsQZp5UqkCmRIL5PgSq0cTY8NrHIqrYHIRBvNBwc6mtIN4dq00i9uVu8boD1qRWq5GpkiFT6vVOJGnRI1XWNQTi6C4pNj+eBAx1LaAXwXZXnffqDEO9f79rQOTTMy6cfJZSrWc5z8BOS1pToiUzss6gIQQ8incKBDFl10Pjg5Z8G1WhkOXd27QNOsTCCfLJEhs1wKwUMdi6dZsNhBGUG7+Yg60CZu5QhqfBWTi0grHcYbWT17ymxHsTEEskdHThdKcbNOyepjU+mHaOvGgQqRAV07ipvRsHJcLmnBPAc60LFg5w2o5vBhTi8OXN47QDOrRTkt9lQ4X6lkzYuo0DuBHOU1XlCyo5Mn5q3IuSvBTVGEG2+S2e5CUQtmzCt77qaDllKMPkARZO2jRvzhcidev7T7QNOsnC7SILlMiTShHDn31SxOm0J2o2Fyi4SYDSYb8u9LkBMVoAtbYDRxoAMdKHLr1g9M4Y09APQ6zAI5Pq+Q417fJCbmLCyMN7qGt0Cl5f08ArqAA+1dOLHeS30OKzrG8WZ2Nw7skg69riuLNDgtUiCvQYNhnYnF2OxlkD1jxYH2SGIPPFMIbX6jBm9d6cWBrN6YLwqZrizSIL1cxRoh3eudZOXRSBXaLw8O9B4aKcXEAgvUeftaf8yBdi/81MgoV6CgSYvHWhOWVyITXxFLEXOgYyltP99Fs+Bj9RzOiGR498ZjHMyOzQztUTFSylU4W0HhmhMsWIjilPfjgwO9R0aNFoSU6Z0hlLG0soPZ0Q8fJZgzxFqkiVS4WK1E/eAUq9a0jzSMbaPHgd4mkt3ZQTEc1d0TzI384a1hRBtot+tag0yxkmUG9avm46KwDQd6d/jd9K2U30Z5cwVNOhY3/OGt0agC7THJna1Qorx9nCUh+wuo3/TH7vE3UQX6fGHLFw3X97gUdvnPI/2ZyjJcu6dmMRKHb4/ijSipHB4142yFClXdk0xfpiyZeHmsAy2Ogqfw7J1mULDNXnOP7rXBozhh6hZ7rkLB6lN/FCWgPbEY56tUqOwah2HeClecDY7RbENhvRQ50QD6dEEzxmcsiKMJICq/BepPTQ09qSJqmkgLquAf6RmaYE4XqXGpRoUHAwaWNbJXAooiKdSZBTsETTLkcqAjKdbgrkVJoSWtepwolrOCOdQ0KJJAu23MKmTXqtAhncGiZe8FFQUnMd9nzy3aIWzmQPuWUJSP0Cw5rDXjnIjax6lYCTNqvElAU2ndcEv+ehaANDM/HJmOa5hpqDjQUQZ2p8tTUiy5mD/NG2HqBpUIoB4rf7jSh1NhAu0xzX1epWKdcKm0GllU4vnBgd7F0SW4qPzZlbsKVt7MU7v60ztSvHW1HycFypCLThLMqeUanBEpUdU9AWqOFI8689bh40BvlUgM31MCKWVEH70zjJTyJ+pFuECTmkFtnNPKFKyXzLTZmhAw09BxoGMI8Mavov/8VFn1TpMWRwslm6qnhgO0R2dOEchR2qqHcSFxYOZAbyQsxq/JM0dpTNQug1plEIieElvhAE2t6dKEKuQ36qCZXvZbUivGtxyTr4vuDJ3fjDFuh/Y6kLRAq+wcR1KxdFvX2lCBJvNcqlCFK3fVGFDHR2yGV+H52Rk1oAUP+pCR18Sa93DHyuYRIFezZMzM7MJUDoAWcJ7ZmZ5DAZpmeNLDqa8MpXHFs615szQ3v3MDLY+8Y4WATrvdBLVhmbUP2Py1ifuOdGcq5N08NI1MkWLdVBcO0B69+VSpDEUtWswsWOPePOeLIAJa1BIloFM50NvkTqYz3fQy8hp1SCpVwFs75mBmaAazWItkgRy3GtRQGxYTupWFadmBqkcK3KqIcHASzdAc6G08w2Z3MfdzpkjO7MTePIHBAE16M5WqzapRst7lFOiUyA/zsgPVbRzomDEwNWdhasGJYhkyxLpNurNH7QgUaJqdyXlC2dkNgwYs7sMcwEgLngMdaYn6uR45Uh6NGpFUOsqaHp2u9N6aOVCgaXZOKaOMEw1bfMdTXLMfMfo9xIH2K57IHaRKQ9QnhDp6HS2UbrNseGbnQK0c7tlZjQtV7gg66uHIHwAHOgYUUMwG2Z2rusaRVCp1x1hUeZ+dAwU6/YuFYMlDHcsKSoQ4jUCGigMdiJTCPIdUjV7FLM5XyFmKFc2uG2fkra93UjlI1TheImfXG9KawFsoPxmg6AJ9qwnqqcS2Q9PMOTG7wuIqUgQKVpJ2K8Bb3/sDmn4M5EA5XjSK8jY9KPyUP55IIKpAJ+c2QTm1lLCOFYo8ttjcZrrzFUpQ2wZfC8GNUPsDmuzW1G32ep0K2umlhLY5P8H4yauoAp10sxGy8cQ19FM2t8awhNsNOiQLqB+5dzPdRpjptS+gaXYmV3lGuZxln1gdfHZ+grL7FQO6PUp26JM3GyBNUKApfoU6Wt3tm2QLQUp+3Qqur/e+gKbZOalUzgrDTMytxF3G9lY4Q3m/YHHgbocyOp7CRAWa9GbK5G6XzOCMWIZTZZvDQ32B7NnvDWi3mU4DKg7TMmxk14/vZKpQcAaTS32PCrcro+D6TlSgaaFGpbWya5VIKpFvinX2QOvv2RfQ5ETJua+BamqJNX0Pbcjj+1OsJESPmgMdqWEmE5psfIGBd8pH8JE/mOmYN6BJZaFSt3V9k1hcid8yBOGOAwc6XAlu+DwtAqfNK6jsnEC6ULEtcH8nkD3HtwJNAUzUZvhClRySsQVu2dgg860vOdBbJRLie/IGUleoTtkMLlarkEZBQz5iNTzg+nreCjQtBo8XSZHfoGblbuO8EkGII+D+GAc6LPG5P8zszVYnBtXzuH5fg1PMROffG+gLZtq/EWjKZqHZOUUgYaY6e4KHh+40XBzonSQUwPEVu4vl8F25q2Kxyd6C9v0BvPXYRqApxPSzO1JcqVGwLHEes+F/QKIOtGQsfh0r9K/f5nBhRGdmnjsKtA8X5q0z9ClqQVwsQU33BHhEnX+Y6WhUgT52vQHDuvhcxBDM9O+fKh8VtuiQWhZYnMbW2djbe88MfaJEiWPFclyskkMxEb8Tw86YBn5GVIE+cq0ej7XxCTTV1dDPLEPYPoZMkdJn9ok3YHfa5wH6aJGcLQYpRHRh2c7rbAfANQHdEC07dLwCTTBTT8GKznGklyuQHoRbeyeY6bgHaCraeFokR6dsluUiBjCeCX8KObWaesmx0okli82vPJ7ye3TLQUqSjTegaUFGsc2UtS1o1eNUicxnomsg4Po6h4B+82o/Dt8ewaVqBZSTi9wzuIUvX28pYOvRoAZ5HGhfInLvJ5jp1y+fWERhMwUJyUJ2nPgC2bOfgH7jSh8+yR9GXqPG3c2VG5/9D9AXR20OJ9oec6D9CotYIt2MskNuN2qRJoyszuwB2fNMQB/M6mVB/LW9kzBbuP7sd4A2HORAbxCGt5cE85LVwQorXq/TsEKIkTDNeeD19kxAv365G6mlo+iUzjDToLe/je/bLgEO9HaZsD3kyqbFH5WWah014kKVEsllFKQfugfQG7ze9jGgL3XjnFiKUb2Z688+xsjbbg60F6lQkNGK3cnMcpVdE71D8KQAAAnESURBVEgplW4reesNxEjtI6APXO7G9XsK1haPewe9DJKPXVEF+rOr9RjUmPdVdNjq6irMFgcGNSYUNGlZq+IUYeiBRqFATkC/kdWNoiY1K+zoY+z4bi8SiCrQn1x5gH6VGc59UE+XAoxIxTCarWgcNOBCpYJVJaL6F6FAGc5nPimQ4NCVblR06GF18AIyXrj1uSuqQH+U/QC9yr2vA7pWV5lJjireC9v0SCqWhB0xFw7Q5FA5nNOH5iEDc6/7HD1+YJsEogt01gP07GGgSVe22l0wmKzoks/i+j0VjhdJWLmBcIAM97Of5EtwsugxHmvmE66lxDZCg9xBwWLMDl0VBU/hR3sUaFIvqOzs3IKNhX2Wto4ho1yGk5Qy5aMiaLiQBvp5Sob9JG8EZ8pHoDcmbk2TIDleP508uR1DWuQlCtA0K5PHTzW5BFH7GNLLpCyRlcrSevoEBgpfpM8jh82x2704eOY+MgvbMGu2JGwl/nVCg3zhdLnQO6pDfjwDTWtSqv5J6gW1a+iSzbKM7OOFEqQI1TGxLQcC/8fXWvHz147hr178B7zzaToM00YOdChAS/TxCTSBTJYLKj5CoZ59ynkIHo0hpVSCo0UUixFYJaNAYIzEOW9livDnf/Pf8Cdf+jJeeeUVaLVakBmRPwKXAJuh4w1oclcTyNQJiiLV6gcMuHFfjeRSKY4UStmsTLpqJCCM5DXeyiznQAfOrtcz4wZoWuh5QKYSXARyXd8ULlRSkLyELfiotsVeBNnzo+BAe2U0qJ3RB1philosAgFMNmRKhaJoOHKKUOwDFRZPE4ziw9zHOFHitlyEWlLAA1ssnjnQQbHr9eSoAn348n10ycmWSvNnZB4EMcU2OJwuLFjsmJizMIgfjhhxp1mLk8Uj+PDWEAM50GqfsYA1kO/gQIfPSPSAvt+HDy7WoV0aHtBuVWKNWSlWbE5mpdBMLzGnA5XFop4lmeUyHLkziiOFMnc31RhExAUCaLDncKD3OtAX6tAmnYMjgBnaowNT2CbNwGQvpoUdqRKG+RXIxsxoHZlGYZMG6YJRfJY/xCA+USxnizxyiOxl/TgQuDnQexjosgf9eP9CHVpHZ5iOS5CSvkuQejZSG8hVSfZhApcWc9OmFeYhk42b0K+Ywf3eMVytkeLj3F68mdWF92/040jBKCvokipUIq2cym7Fx/ZGqgDf+eufMLPdy7/8JZRKNaw2B+x2J98ClMGKzYHuYS3yqyPs+q5rl+Do1XpUd+hY64TxWQvGZpbZa6pqr55aZJYI2bgZIzoTBlRzaBsxoKJNg+s1IziR14lDFxrx5ucN+OOVVhzN7UJKYT/SigfidjuYdAvf+c8/xJ986Wm89PO/R1ffMMYM85iYNvEtQBmQvFoHVBA3DsJitfud8oPK+p4wmnG/Uw5BkwyChxoIWjUQPtJC3K5DRYcOlZ16VHeNobZnHHW942gcnETr8BQeDU/g4aAeTX1qNHbL0dAlS5jt4o0i/O0Pf4Snn34a//Ol/43WrgGoxoxQj8/wLQgZyHXT0E7OMU3AH9FBAU0XogCg+SUby7qgOhZT8yswLlgxs2hlfftMy3YsWuysxBVZQsiCkciPtrY2/OxnP8MzzzzDPYUxACFooGPwN8XVV7S3t+Oll17Cc889h1//+tfQ6XTc9R3FEeZAR1G4dOmhoSG8//77ePHFF3HkyBFMTU3x4KQoypwDHUXh0qUXFxcxOjqKjo4OyGQy2Gz+S1lF+c+J+8tzoON+iBPrBjnQiTXecX+3HOi4H+LEukEOdGKNd9zfLQc67oc4sW6QA51Y4x33d8uBjvshTqwb5EAn1njH/d1yoON+iBPrBjnQiTXecX+3HOhYDvEaRR+6t1h+bSJ9Fwc6wNFmaWSrq3C5XCxajt57Hp5jlMHzZK/nqPuZzrEum2EwTGBmcQXODZ/ffCZ/F44EONA7Sm8Na04b5qfHMDTQh86OdvQ9HsXE3DLLfF9bdWBxRgf50CBUummsOFa3QO2ekVddTuiGH6Eg/yrE3SosOlzrszXBvn3b8Q/jJ3iRAAfai1A271qD3TSFR6I8vPfGa3jl//wM//jb13FB0A3jkg0rcxo0FiThwK9+gSPpZVDNWrFeC37NBfvKEuamDZgYm0Rvcw2yr55FcbsM84tLWFoww2yex/TEFKZnTFhcNGPeOIkpgxHmpRX3D2bzH8Pf7SABDvQOAgJWYZmbhV6iwaRhAbb5Udy9loykI9cxpB3HaGM5Pj/yAQ68eRhnM8TQrAO9BpfVBPVAK8rzbyHnWgEuZpzF8bRkFLYNQyPtxcMKASoqalB0JQe5OYWouitGRUkucm4VoLq5F1MLVgSQXL/jHSTSCRzoYEab9OCZAVRfT8G5jDvoaW9FeV4+cgpKUXTxPC6frWBAMwjXXDDphlGVl42LV/NRd7cWOZkncOidj1DwsB+D9TeQ9vt/xsephRAWXMeRQ7/Bbz/4FLllVci5ehlJZ7LQJJ2E1cULOwYzRBzoAKW1tuqCbXEOgw25OP35Edy424j7BXdw8UwpWrqbIc46h88zhZBPL7v7z6zaoenpwp3LhajtUGLBaoWi9z6yL59BcdsgBuuzcTXpbZR2GTCrf4y8O1n4sKAB4zPzGGxuwNnMGxB1qd26doB/Iz8N4EAHQMGqy4HFuQkMNApx5txFnKvqg1zWCeGtTGRm30Rl2S2c/fg9fPjHS2gdnYDF7sKaywZFeyuuns2B8KEMpuUlSLtqceli5jrQN1Lfg3hwHqbxEdwpvYFPBI8wbTJjqKUJ5zJuopwDHcDobD6FA71ZHtvfrZEOrUeT6BoOv/cRjp4pQF1XD7o723CvrAQ52dm4kHEUh/7vP+C3rx6F6JEE5hUH1ladmJb2oyzrKq7dFKG1ox2igiwcO34KhY8G8bjhCm6mfQDxYzfQhYKb+LSsjQE9/LAZ5zNz+Ay9fTR23MOB3klEa07MqvtxO/MT/Oaf/hmvvn4Af3j7fSRfzke7fIrpuI4FHXpqhBCVtGJqwf6FlWMNjmUjBh+UIfOjD/HO4SScPH8DNwtL8GBICUWPCJX5F/FQuYglowZ1jVW42viYWT/UA/0ouVONZprtnVyH3mmINh7nQG+UhtfXa1h1OmG1LGHBbIbJZILJbMbisgV2p4vZnNfWXHDabbDbHE9MdnQtKpXmsMOytIgFMtOtWGG122F3ueBy2GC3WlmNQNLP7Q47rHYnqwHocjphs9pZDRRfjhqvfyrfyXVozkB8SYDP0PE1ngl/NxzohEcgvgTAgY6v8Uz4u+FAJzwC8SUADnR8jWfC3w0HOuERiC8BPOVwOMA3LoN4YeD/A39i9vtcv1FpAAAAAElFTkSuQmCC\" data-filename=\"image.png\" style=\"width: 180px;\"></p><p>Berapakah luas arsiran?&nbsp;<br></p>'),
(106, 3, 4, 1, 3, '<p>3, 5, 9, 17, 33, 65, …&nbsp;<br></p>'),
(107, 3, 4, 1, 3, '<p>25, 225, 625, 1225, 2025, …&nbsp;<br></p>'),
(108, 3, 4, 1, 3, '<p>Diketahui ada sebuah deret sebagai berikut 25, 39, 53, 67, …</p><p><span style=\"font-size: 1rem;\">maka jumlah dari 10 suku pertama dari deret tersebut adalah …&nbsp;</span></p>'),
(109, 3, 4, 1, 3, '<p>Setiap hari Indah(I), Joni(J), Kiki(K), Lala(L), Maman(M), dan Nina (N) berangkat sekolah bersama. Mereka berangkat dengan busway dan selalu mengantri tiket dengan ketentuan: </p><ul><li>Joni ada di depan Nina </li><li>Indah selalu di urutan dua atau lima </li><li>Lala antri sesudah Kiki tapi sebelum Nina </li><li>Maman dan Indah dipisahkan oleh tiga anak&nbsp;</li></ul><p>Jika Maman ada di urutan terakhir maka urutan yang mungkin dari baris pertama antrian adalah?&nbsp;<br></p>'),
(110, 3, 4, 1, 3, '<p>Setiap hari Indah(I), Joni(J), Kiki(K), Lala(L), Maman(M), dan Nina (N) berangkat sekolah bersama. Mereka berangkat dengan busway dan selalu mengantri tiket dengan ketentuan:&nbsp;</p><ul><li>Joni ada di depan Nina</li><li>Indah selalu di urutan dua atau lima</li><li>Lala antri sesudah Kiki tapi sebelum Nina</li><li>Maman dan Indah dipisahkan oleh tiga anak&nbsp;</li></ul><p>Jika Nina ingin di urutan lima, maka kemungkinan Maman ada di urutan?&nbsp;<br></p>'),
(111, 3, 4, 1, 3, '<p>Setiap hari Indah(I), Joni(J), Kiki(K), Lala(L), Maman(M), dan Nina (N) berangkat sekolah bersama. Mereka berangkat dengan busway dan selalu mengantri tiket dengan ketentuan: </p><ul><li>Joni ada di depan Nina </li><li>Indah selalu di urutan dua atau lima </li><li>Lala antri sesudah Kiki tapi sebelum Nina </li><li>Maman dan Indah dipisahkan oleh tiga anak&nbsp;</li></ul><p>Jika Joni ada di urutan ketiga, maka yang mungkin ada di urutan keempat adalah...&nbsp;<br></p>'),
(112, 3, 4, 1, 3, '<p>Jumlah anggota dari himpunan bilangan asli ganjil kurang dari 100 adalah ...&nbsp;<br></p>'),
(113, 3, 4, 1, 3, '<p>Kelas D akan memilih seorang murid untuk menjadi ketua kelas. Setiap murid mempunyai kesempatan yang sama untuk dipilih. Peluang laki-laki terpilih sama dengan 2/3 kali peluang terpilihnya seorang murid perempuan. Persentase murid perempuan di kelas tersebut adalah ...<br></p>'),
(114, 3, 4, 1, 3, '<p>Manakah, menurut opini anda, di bawah ini yang bukan merupakan statement yang jelas kebenarannya .&nbsp; . .<br></p>'),
(115, 3, 4, 1, 3, '<p>Variasi yang tidak tepat dari pernyataan “Jika melati berwarna putih maka mawar berwarna merah .“ yaitu . . .&nbsp;<br></p>'),
(117, 3, 4, 1, 3, '<p>Luas permukaan setengah bola pejal yang memiliki diameter 60 cm adalah ! (π = 3,14)&nbsp;<br></p>'),
(118, 3, 4, 1, 3, '<p>Suatu fungsi f yang dirumuskan dengan&nbsp; &nbsp;f(x) = ax + b diketahui bahwa f(1) = 5 dan f(–3) = 11. Nilai a dan b berturut-turut adalah...<br></p>'),
(119, 3, 4, 1, 3, '<p>Penderita flu maupunbatuk yang berobat ke klinik Asebanyak66 orang, 25 orang menderita flu, dan 15 orang flu jugabatuk. Banyakpenderita yang hanyamenderitabatukadalah . . .&nbsp;<br></p>'),
(120, 3, 4, 1, 3, '<p>Dalam sebuah kotak berisi kertas yang bertuliskan huruf-huruf dari A sampai Z. Setiap kali pengambilan, kertas yang terpilih dimasukkan kembali ke kotaknya. Dari 130 pengambilan, berapa frekuensi harapan terambilnya huruf vokal?<br></p>'),
(122, 3, 4, 1, 3, '<p>Sally, Sherly, Laura, Tomi, dan Sandy masing-masing mengambil permen dari sebuah mangkok. Pertama, empat anak mengambil permen rasa susu. Kemudian Sherly dan Tomi tidak mengambil permen rasa coklat seperti yang dilakukan anak lainnya. Sherly hanya mengambil satu permen, yaitu permen rasa anggur. Setelah itu, selain Sherly hanya Sally dan Sandy yang tidak mengambil permen rasa kopi.&nbsp;</p><p>Siapa yang mengambil tiga permen?&nbsp;<br></p>'),
(123, 3, 4, 1, 3, '<p>Sally, Sherly, Laura, Tomi, dan Sandy masing-masing mengambil permen dari sebuah mangkok. Pertama, empat anak mengambil permen rasa susu. Kemudian Sherly dan Tomi tidak mengambil permen rasa coklat seperti yang dilakukan anak lainnya. Sherly hanya mengambil satu permen, yaitu permen rasa anggur. Setelah itu, selain Sherly hanya Sally dan Sandy yang tidak mengambil permen rasa kopi.<br></p><p>Siapa dua orang yang mengambil permen dengan jumlah dan rasa yang sama?&nbsp;<br></p>'),
(125, 3, 4, 1, 3, '<p>Sally, Sherly, Laura, Tomi, dan Sandy masing-masing mengambil permen dari sebuah mangkok. Pertama, empat anak mengambil permen rasa susu. Kemudian Sherly dan Tomi tidak mengambil permen rasa coklat seperti yang dilakukan anak lainnya. Sherly hanya mengambil satu permen, yaitu permen rasa anggur. Setelah itu, selain Sherly hanya Sally dan Sandy yang tidak mengambil permen rasa kopi.&nbsp;</p><p>Siapakah yang mengambil satu buah permen rasa kopi dan satu buah permen rasa susu?&nbsp;<br></p>'),
(126, 3, 4, 1, 3, '<p>KARDIOLOGI : JANTUNG =&nbsp;<br></p>'),
(127, 3, 5, 1, 3, '<p><span style=\"color: rgb(33, 17, 17); font-family: -apple-system, BlinkMacSystemFont, Roboto, \" segoe=\"\" ui\",=\"\" oxygen-sans,=\"\" ubuntu,=\"\" cantarell,=\"\" \"helvetica=\"\" neue\",=\"\" sans-serif;=\"\" font-size:=\"\" 17px;\"=\"\">Saya telah mempersiapkan diri dengan baik sebelum melakukan presentasi di kantor besok pagi</span><br></p>'),
(128, 3, 5, 1, 3, '<p><span style=\"color: rgb(33, 17, 17); font-family: -apple-system, BlinkMacSystemFont, Roboto, &quot;Segoe UI&quot;, Oxygen-Sans, Ubuntu, Cantarell, &quot;Helvetica Neue&quot;, sans-serif; font-size: 17px;\">Saya diutus untuk menghadiri seminar menggantikan atasan saya. Pada saat yang bersamaan saya sedang mengerjakan laporan yang tidak terlalu mendesak</span><br></p>'),
(129, 3, 5, 1, 3, '<p><span style=\"color: rgb(33, 17, 17); font-family: -apple-system, BlinkMacSystemFont, Roboto, &quot;Segoe UI&quot;, Oxygen-Sans, Ubuntu, Cantarell, &quot;Helvetica Neue&quot;, sans-serif; font-size: 17px;\">Andi adalah seorang karyawan yang rajin. Namun apa yang akan terjadi pada masa mendatang tak ada yang tahu</span><br></p>'),
(130, 3, 5, 1, 3, '<p><span style=\"color: rgb(33, 17, 17); font-family: -apple-system, BlinkMacSystemFont, Roboto, &quot;Segoe UI&quot;, Oxygen-Sans, Ubuntu, Cantarell, &quot;Helvetica Neue&quot;, sans-serif; font-size: 17px;\">Setelah mematangkan rencana</span><br></p>'),
(131, 3, 5, 1, 3, '<p><span style=\"color: rgb(33, 17, 17); font-family: -apple-system, BlinkMacSystemFont, Roboto, &quot;Segoe UI&quot;, Oxygen-Sans, Ubuntu, Cantarell, &quot;Helvetica Neue&quot;, sans-serif; font-size: 17px;\">Jika suatu rencana kerja terlihat rumit, maka</span><br></p>'),
(132, 3, 5, 1, 3, '<p><span style=\"color: rgb(33, 17, 17); font-family: -apple-system, BlinkMacSystemFont, Roboto, &quot;Segoe UI&quot;, Oxygen-Sans, Ubuntu, Cantarell, &quot;Helvetica Neue&quot;, sans-serif; font-size: 17px;\">Sudah sejak lama saya berusaha untuk memperbaiki kelemahan diri, tetapi belum juga tampak hasilnya. Pada akhirnya saya :</span><br></p>'),
(133, 3, 5, 1, 3, '<p><span style=\"color: rgb(33, 17, 17); font-family: -apple-system, BlinkMacSystemFont, Roboto, &quot;Segoe UI&quot;, Oxygen-Sans, Ubuntu, Cantarell, &quot;Helvetica Neue&quot;, sans-serif; font-size: 17px;\">Untuk mencapai tujuan kelompok yang telah ditetapkan saya :</span><br></p>'),
(134, 3, 5, 1, 3, '<p><span style=\"color: rgb(33, 17, 17); font-family: -apple-system, BlinkMacSystemFont, Roboto, &quot;Segoe UI&quot;, Oxygen-Sans, Ubuntu, Cantarell, &quot;Helvetica Neue&quot;, sans-serif; font-size: 17px;\">Ketika teman kantor sedang membicarakan satu teman yang bermasalah, saya akan</span><br></p>'),
(135, 3, 5, 1, 3, '<p><span style=\"color: rgb(33, 17, 17); font-family: -apple-system, BlinkMacSystemFont, Roboto, &quot;Segoe UI&quot;, Oxygen-Sans, Ubuntu, Cantarell, &quot;Helvetica Neue&quot;, sans-serif; font-size: 17px;\">Ketika sedang mengerjakan tugas bersama yang harus selesai pada hari itu, seorang teman akan meninggalkan terlebih dahulu, maka saya:</span><br></p>'),
(136, 3, 5, 1, 3, '<p><span style=\"color: rgb(33, 17, 17); font-family: -apple-system, BlinkMacSystemFont, Roboto, &quot;Segoe UI&quot;, Oxygen-Sans, Ubuntu, Cantarell, &quot;Helvetica Neue&quot;, sans-serif; font-size: 17px;\">Saya mengerjakan tugas koreksi laporan kantor yang harus selesai besok pagi. Tiba-tiba sahabat datang dengan muka cemberut dan tampaknya ingin curhat (mencurahkan isi hati) kepada saya. Atas kejadian itu saya :</span><br></p>'),
(137, 3, 5, 1, 3, '<p><span style=\"color: rgb(33, 17, 17); font-family: -apple-system, BlinkMacSystemFont, Roboto, &quot;Segoe UI&quot;, Oxygen-Sans, Ubuntu, Cantarell, &quot;Helvetica Neue&quot;, sans-serif; font-size: 17px;\">Ketika muncul suatu masalah dan terkait dengan hal-hal yang menjadi kewajiban saya, maka saya&nbsp;</span><br></p>'),
(138, 3, 5, 1, 3, '<p><span style=\"color: rgb(33, 17, 17); font-family: -apple-system, BlinkMacSystemFont, Roboto, &quot;Segoe UI&quot;, Oxygen-Sans, Ubuntu, Cantarell, &quot;Helvetica Neue&quot;, sans-serif; font-size: 17px;\">Kerja keras dan cermat merupakan wujud upaya untuk menjadi pribadi yang bermanfaat bagi organisasi. Berkaitan dengan hal tersebut, saya senang ...</span><br></p>'),
(139, 3, 5, 1, 3, '<p><span style=\"color: rgb(33, 17, 17); font-family: -apple-system, BlinkMacSystemFont, Roboto, &quot;Segoe UI&quot;, Oxygen-Sans, Ubuntu, Cantarell, &quot;Helvetica Neue&quot;, sans-serif; font-size: 17px;\">Ketika saya harus menjelaskan sesuatu kepada orang lain hal yang terjadi adalah</span><br></p>'),
(140, 3, 5, 1, 3, '<p><span style=\"color: rgb(33, 17, 17); font-family: -apple-system, BlinkMacSystemFont, Roboto, &quot;Segoe UI&quot;, Oxygen-Sans, Ubuntu, Cantarell, &quot;Helvetica Neue&quot;, sans-serif; font-size: 17px;\">Dalam melaksanakan suatu tugas yang dipercayakan kepada saya, saya ...</span><br></p>'),
(141, 3, 5, 1, 3, '<p><span style=\"color: rgb(68, 68, 68); font-family: &quot;Open Sans&quot;, Arial, Helvetica, Ubuntu, sans-serif; font-size: 14px;\">Respon saya ketika dihadapkan dengan perubahan yang mendadak …</span><br></p>'),
(142, 3, 5, 1, 3, '<p><span style=\"color: rgb(68, 68, 68); font-family: &quot;Open Sans&quot;, Arial, Helvetica, Ubuntu, sans-serif; font-size: 14px;\">Menurut saya orang yang membuang kesempatan adalah orang yang ….</span><br></p>'),
(143, 3, 5, 1, 3, '<p><span style=\"color: rgb(68, 68, 68); font-family: &quot;Open Sans&quot;, Arial, Helvetica, Ubuntu, sans-serif; font-size: 14px;\">Seandainya Anda mendapatkan kepercayaan dari pimpinan yang Anda tahu akan memecah belah kerjasama kelompok yang telah terbentuk. Ketika menghadapi situasi seperti itu, sikap Anda?</span><br></p>'),
(144, 3, 5, 1, 3, '<p><span style=\"color: rgb(68, 68, 68); font-family: &quot;Open Sans&quot;, Arial, Helvetica, Ubuntu, sans-serif; font-size: 14px;\">Ketika saya sedang naik motor di jalan mendekati kampus tempat saya kuliah dulu, saya melihat salah seorang dosen saya yang dulu terkenal sangat galak sedang jalan kaki. Saya akan ….</span><br></p>'),
(145, 3, 5, 1, 3, '<p><span style=\"color: rgb(68, 68, 68); font-family: &quot;Open Sans&quot;, Arial, Helvetica, Ubuntu, sans-serif; font-size: 14px;\">Saya melakukan kesalahan dan itu berakibat buruk pada semuanya. Sikap saya ketika menghadapi hal tersebut ….</span><br></p>'),
(146, 3, 5, 1, 3, '<p><span style=\"color: rgb(68, 68, 68); font-family: &quot;Open Sans&quot;, Arial, Helvetica, Ubuntu, sans-serif; font-size: 14px;\">Ketika saya merasa dikhianati oleh teman baik saya, saya ….</span><br></p>'),
(147, 3, 5, 1, 3, '<p><span style=\"color: rgb(68, 68, 68); font-family: &quot;Open Sans&quot;, Arial, Helvetica, Ubuntu, sans-serif; font-size: 14px;\">Fulan, teman kantor Anda harus menyelesaikan laporan yang sangat penting dan berkaitan dengan pengambilan keputusan mengenai shift untuk satu bulan ke depan pada hari ini. Padahal 10 menit lagi jam kantor akan berakhir. Ketika menghadapi situasi seperti si Fulan, yang akan saya lakukan adalah ….</span><br></p>'),
(148, 3, 5, 1, 3, '<p><span style=\"color: rgb(68, 68, 68); font-family: &quot;Open Sans&quot;, Arial, Helvetica, Ubuntu, sans-serif; font-size: 14px;\">Atasan Anda hari ini tidak berada di kantor. Teman Anda mengajak Anda untuk bekerja dengan lebih santai. Sikap Anda ….</span><br></p>'),
(149, 3, 5, 1, 3, '<p><span style=\"color: rgb(68, 68, 68); font-family: &quot;Open Sans&quot;, Arial, Helvetica, Ubuntu, sans-serif; font-size: 14px;\">&nbsp;Jika rencana saya melakukan inovasi pekerjaan ditentang oleh rekan kerja saya, maka ….</span><br></p>'),
(150, 3, 5, 1, 3, '<p><span style=\"color: rgb(68, 68, 68); font-family: &quot;Open Sans&quot;, Arial, Helvetica, Ubuntu, sans-serif; font-size: 14px;\">Ada pegawai baru yang bersikap tidak sopan terhadap Anda. Sikap Anda adalah …</span><br></p>'),
(151, 3, 5, 1, 3, '<p><span style=\"color: rgb(68, 68, 68); font-family: &quot;Open Sans&quot;, Arial, Helvetica, Ubuntu, sans-serif; font-size: 14px;\">Saya dituduh dan dimarahi oleh ketua kelompok saya, sedangkan tuduhan itu tidak sesuai dengan keadaan yang sebenarnya. Saya akan …..</span>&nbsp;&nbsp;&nbsp;&nbsp;<br></p>'),
(152, 3, 5, 1, 3, '<p><span style=\"color: rgb(68, 68, 68); font-family: &quot;Open Sans&quot;, Arial, Helvetica, Ubuntu, sans-serif; font-size: 14px;\">Pulang kerja saya merasa sangat lapar tetapi di rumah belum tersedia makanan, maka saya ….</span>&nbsp;&nbsp;&nbsp;&nbsp;<br></p>'),
(153, 3, 5, 1, 3, '<p><span style=\"color: rgb(68, 68, 68); font-family: &quot;Open Sans&quot;, Arial, Helvetica, Ubuntu, sans-serif; font-size: 14px;\">Ketika mengerjakan suatu tugas kelompok, pada umumnya teman-teman ….</span>&nbsp;&nbsp;&nbsp;&nbsp;<br></p>'),
(154, 3, 5, 1, 3, '<p><span style=\"color: rgb(68, 68, 68); font-family: &quot;Open Sans&quot;, Arial, Helvetica, Ubuntu, sans-serif; font-size: 14px;\">Jarak dari rumah ke kantor adalah 30 menit dengan bus. Tanpa diketahui sebelumnya, hari ini kendaraan umum melakukan aksi mogok beroperasi. Akibat kejadian tersebut saya ….</span><br></p>'),
(155, 3, 5, 1, 3, '<p><span style=\"color: rgb(68, 68, 68); font-family: &quot;Open Sans&quot;, Arial, Helvetica, Ubuntu, sans-serif; font-size: 14px;\">Ketika berhasil dalam mengerjakan tugas, untuk tugas selanjutnya saya akan ….</span>&nbsp;&nbsp;<br></p>'),
(156, 3, 5, 1, 3, '<p><span style=\"color: rgb(68, 68, 68); font-family: &quot;Open Sans&quot;, Arial, Helvetica, Ubuntu, sans-serif; font-size: 14px;\">Kemudahan akses informasi via internet saat ini, menurut saya …</span><br></p>'),
(157, 3, 5, 1, 3, '<p><span style=\"color: rgb(68, 68, 68); font-family: &quot;Open Sans&quot;, Arial, Helvetica, Ubuntu, sans-serif; font-size: 14px;\">Berkali-kali Anda mengalami kegagalan saat akan memecahkan suatu masalah dalam pekerjaan</span><br></p>'),
(158, 3, 5, 1, 3, '<p><span style=\"color: rgb(68, 68, 68); font-family: &quot;Open Sans&quot;, Arial, Helvetica, Ubuntu, sans-serif; font-size: 14px;\">Ketika tergabung dengan suatu forum diskusi, saya biasanya ….</span><br></p>'),
(159, 3, 5, 1, 3, '<p><span style=\"color: rgb(68, 68, 68); font-family: &quot;Open Sans&quot;, Arial, Helvetica, Ubuntu, sans-serif; font-size: 14px;\">Hubungan dengan rekan kerja yang baik dapat tercermin dalam bentuk seperti apa?</span><br></p>'),
(160, 3, 5, 1, 3, '<p><span style=\"color: rgb(68, 68, 68); font-family: &quot;Open Sans&quot;, Arial, Helvetica, Ubuntu, sans-serif; font-size: 14px;\">Anda dan tim Anda diberikan tugas baru oleh pimpinan, namun semua anggota tim belum memahami maksud dan cara mengerjakan tugas baru tersebut. Sikap Anda ….</span><br></p>'),
(161, 3, 5, 1, 3, '<p><span style=\"color: rgb(68, 68, 68); font-family: &quot;Open Sans&quot;, Arial, Helvetica, Ubuntu, sans-serif; font-size: 14px;\">Dwi diminta untuk membentuk kelompok kerja dengan tugas yang cukup rahasia. Sebelum bekerja masing-masing anggota diminta untuk membuat pakta integritas untuk tidak memberitahukan kepada siapapun. Masing-masing anggota memiliki tugas yang cukup spesifik namun cara pengerjaannya mempunyai aturan yang sama. Pada waktu tertentu mereka berkumpul untuk memberikan laporan capaian target. Jika Anda adalah Dwi, hal yang Anda periksa berkaitan dengan hasil kerja adalah ….</span><br></p>'),
(162, 3, 1, 1, 0, '<p>Mahalnya tiket masuk turis ke Tangkuban Perahu harus jadi perhatian serius. Jika terus mahal, bisa-bisa kunjungan turis ke sana berkurang. Hal itu disampaikan Ketua Asosiasi Agen Perjalanan Wisata Indonesia (ASITA) Jawa Barat Budijanto Ardiansjah.&nbsp;</p><p>&nbsp;<span style=\"font-size: 1rem;\">Sumber: travel.detik.com</span></p><p>&nbsp;Ide pokok dari bacaan di atas adalah ...<span style=\"font-size: 1rem;\">&nbsp;</span><br></p>'),
(163, 3, 1, 1, 0, '<p><img src=\"data:image/png;base64,iVBORw0KGgoAAAANSUhEUgAAATwAAAAWCAYAAABdRSDiAAAOyklEQVR4Ae3bVYwjRxAG4HuMkjyEGRVSWGFOFGaFmZmZmZmZmZmZmZmZmZnT0ddKrXq9ttfr8+1lczOSd+yZnoaCv/6qnh2UqqOSQCWBSgLDiAQGDSPrrJZZSaCSQCWBVAFeZQSVBCoJDDMSqABvmFF1tdBKApUEKsCrbKCSQCWBYUYCfQK8H374IR177LHp7bffTn/99VdHhPTrr7+mjz/+OD3//PPp2WefTV9//XXH+u7IBP+DndDD559/nv78888esyPP9957L8vz5Zdfbkuet912W7r66qvTjz/+2KP/Tl749ttv0+uvv56ee+659Oabb6bff/+9k90P+L6+/PLLREa1vvbBBx90+QufKT+eqW0/pATx+OOPp+uuuy59//33Q2qIjvfbA/BuueWWdPfddyeOEwD36KOPZmMETGOPPXa6/fbbO2KcjPyYY47JnzPPPDPttNNO+fPKK6/UdeaOr34AdgjE9t9//3TNNdekn3/+udsKOMdZZ52VjjjiiHT66aengw8+OO26667ppZdeSn/88Ue3ts1+bLnllmnllVdOn332WbNmbd9jV+zMOk477bR0yimnpE033TR/77TzGMv62fNAOcz13nvvzboDKr/99lu3qZMbv+Ez9O2zzTbbpI033ji98cYb/QZ4yM+aa66ZPvzww27z+y//6AF4DG+XXXZJ3333XWZeAO7UU0/NztVpwDvuuOPSPPPMk50TqHLSccYZJ+23334DKmr0h4JF7iuvvDKdffbZabTRRkuHHXZYDxm5t9xyy6UzzjgjPfLII7n9nHPOmbbbbrvM9Fqd55AGvHfeeSctvPDC2UFvvfXW9OCDD2bHmWKKKdJTTz3V0WD37rvvpo022ijbcqvrH5rt3nrrrXTVVVel3XbbLY088siZQdWCNf+88cYb0xNPPJGefPLJ9PDDDyd63mCDDYZYkKonk/8d4Im2hxxySE45MIROA96JJ56YfERhB8UuscQSafnll08cPK6JWu+//352BG38xgIjBfriiy/SCy+8kNO8/qDzn3zySU4pMFRyMbe+MKi8sD7+sWYR/aGHHspBoRbwyHDuuefO7K5kSSeffHKabLLJsg5blU1/AB42oowRaTlGI9hx5GA0UrdXX32122/PWN/ff//dkgQ9P8EEE+TUuaUH/m3EzujVeB999FH66aefEr0PaT0L/FdccUW66KKLcjYlZawFPLZQXpPSzjDDDOnmm2/udr0v622n7f8O8AjhhBNOSC+++GJWdC3gcTIsTYobCpCqHH744emggw7KH8bSyNFEerWo8v4qq6ySI5Va3jfffJOVSLDSXe0p9dxzz03rr79+euyxx9IDDzyQbrjhhkz/99hjj1zzaEd5rTxjjWUqBqzN7fjjj8+MuFEf0tCyztLo+1dffdVNFmV/5MHpOPrEE0/cg+GRzXjjjZflE4DheYwJkKjLRYAo+/XdPWkwnWFcG264YbeUlp6tNXR62WWXdavvAVVOyEkPPfTQ3A5QNAIHgFUCmTk8/fTTef533HFHDoDmdPHFF2d2JiUldwx3k002SRdccEG38WvXU/5uB/CUBs4555yu0sDRRx+d13X99ddnHZT9x3f1TvNspNvyevhKPFueBW9yM++JJpqoLsMr2/u+9957p1VXXTVhh40CAblihPxFOkyXZMqm3DvyyCPzNfMs7URKHe0989prr3XptRbwoi1WzafJRLki7ObSSy/tkZXUrmVI/26a0hqcEzG8X375pQfDUyOaf/75syG6H2AHeHbfffe0wAIL5DpNyTiaLQhjmmWWWdL555+fU2ibI4rnhDbppJPmVO3aa69N999/fxpzzDEz6EnjsIOdd945jTHGGDkqNxtjcO4ZZ9lll0377rtvTsMALaPcfvvtMzg36htARK2l2VkBvxFIlH3XAzyBA5MRDMraHuY77rjjpptuuqmLKZV9YRR0qAZEZ3Q322yz5dRYDQ/YYflSLPd93BfkAlgnmWSStPbaa+eg4/5aa62V1l133ZY3twAAoJSOcyiBjg2wJ2CNzQJVqe/iiy+eVltttZZTt3YATwnHXNQXpYscfvzxx89ACyDqHdjfJZdc0pKeAWpvR6uAhwXPOuus6cILL2wIxsbadttt0worrJD9cc8998yBY5FFFsn65Mf0LrOiR8ELYAEwgU57enVfyevTTz/N0y8Bz3yBrvKB55XEBNHSbqTdCAusGFpH24DHsdRhRN1YADAqC+QivnQKy+vtYOQ77rhjrjcRqEgVrIZzqe+oTYXBce7FFlssjyctEj2mnXbahmNJkTl/GWnrfY80tXa+HF8hf7PNNsvAb34cdcIJJ8xsoASZ2mexHbWW3j7mWLLd2n7idz3Acw/r5aiYCMZEboBi1FFHbQh4q6++elpppZW6AAQDkBoDdoAnWAEc7DMOjrLPPvt0gTzAW3rppbN86UKEpx8BoRmbif7Mk6M5a+9jPCmlgMIZMVh9b7311mmrrbZKmFC9o3YHU8Aca6yxskxKfbPJSKfLfjw/88wzJ6yO0zrYjfUoJzQKSOzDbnNvOnY//KUct/Z7q4AHVBZaaKGchTWzHYA333zzZTswPvkBSqREIBG8ZEzWKdD4bb2uxXwRDcCPKRorAE/Q5BfAMMCSPI466qguu7K+pZZaKoNnlKtq19wfv9sCvPXWWy+DneJqCCMmW6Y10H6EEUbolXUBO2mhtLXeKy+USljAiKC1xzxPOumkLgDURrpTOmbMyVlaKRVqxrDcaxSBnnnmmew4WF4YPcfGnkTCes4T43cipY2+nBsBHmC1QSFin3feeXm90h0bT/XmyCgBippRqcfaGh4DVdqI1GSOOebIjCFkDfCMV4K+a/TT26stHAqDECwjmMVaOdg000yT7rnnnq40a8kll8yM39zrHZzXXELP2Pgoo4ySZRLXnI1bD4zZiPUBuQAQab4gAHQbHZ1KaaP/VgCP/LHtEpzj+dozwONfMoE4BCl+w58cWKpMSkYXuizTXbZFlvTBBwAe1oZx2zDBzkNm+jM/ATfshgwFrCG1+x/ranZuC/CWWWaZNOOMM2YjLY0G2Ek5dthhh0yBbVkPP/zwTQGP4WIQHJNBEVjtJgBGwYkjNRZhOKqIqr05YJt2eWudJhZP0UCrtwhc1ijiWWcOOd1003XbgpdOi5K9bcv3R0obc411clgGJ6WQikQaEu2cGbiIXpvuloAH7OhmjTXWyA4jtcGAOFBvgCdNDZ2V48Z3+tN3gB3QMP8IHhyZrUWGYA30zgnLOlP05ywIYbeh58svvzwHKkwvrjljcjFO+bwdUE4ZwIDpYJRsuhGr9PzQSGml0AAHeEcQLtdSfu8L4NkcowtylgYDOnpHKEYaaaRugMf+Z5999pzKBiExLtvw+gwMkLl5XtsBCXjeATNxVFpRnLABF0A44IADuoxchB599NGbAp5ojA6XwiojFofDorCQAFe1lXnnnTcbGeECHLUe7ItRik6NirelEfTlO9BC/xm2w3xXXHHFrlc+zLOeA2nbXylt7XqkGosuumji9BGxyzbACICUZQn3S8Cjw6mmmirLNkAGAKiZDg7gAS9OYHMg2Jp06M477+wKWtgc9qe04bjrrrvSTDPNlAv69NxI3uUaMSWgrj7ayqGWCYRjbZjx5JNPnnfIYyOt3rjW0J8prTog+XjPku31drQDeIKNLC2CJVnKLkqGB9DYlzqw0kPMBdOefvrpu9V61bqxzKHK8MpUhtCAWPkeXKNNC1HXYtdZZ50MaBQAdBRP9ckALLBZSivVA1yYkqirxsLBGLUdYQcQY7DB5lxTEBdxg4rrR52G4NUWza2k1rmjwfyjvjTllFPm1ybuu+++fJYSbL755nljRZSNIv5gDlX3cWDPyTE3AUC9Tr2UgZVr9VsQIgdGHnWURgEAMwZw4eCxiaEWyDCl+ADPTr1xvA604IILDhbDs5YDDzww2ZFXL8K86R4jtGGgdmYdnAuLCbAW9Oaaa65cG1ROCaCsK7B/L/YV8GQS6peAF8NRh2TXNm5kMGwtgL/ZuO3eC5YbzNS4yjz8q9Qze5Tum2crdtcO4GGP5BF+JjWtTWlhAMIhS0B4YvPELjvAw7bNmx7U3BsxPOu2OcnefHfI2NTmo5ZK/65FAJTp2VCKzLAVmQ9i6BxJPm5BjEzNIoTYCPAoHQgxwABI6I31qJuIPAxnuOGGa8jwpBkAU60n6iscVApmTg6CwyjCIV1DkaVBAdbSDzUEzE/9QdtGDt6KUOq1AaKURcCMEdiYM7ovBWiUCtfrq51rAEBkxYhtMigQY50AKpivfqVqHFM6oa3nmsnCBgcdSn3p3ytF0pjYyJAi0iPmg71vscUWOZoLZqGTRjW8RiktIBUoMAI6C927RrbKEtiejQxyDkYlKGIcdnDZaKPyRSnfvgKeYCEAhLMprwiu5EnPnLsEnnKsTnwnb0w29EAvbJ0cwieNQ/c2jiL17m3sdgAPAGGRmDjb4NsjjjhiD4YXJZ299torKT9hd/THhvguuyFTGZJ51GN4WKQNTmlz3J966qkzSLJpB8bpmr4dXomTQZJXq0FokOhpAAuyMOlkGTkZregrbZUCiTgGDCOkDBsOniH86Edf2JrFNtqGZ4wMrKytxPdQLqCRPpY1CikiAZWGB3Bafa0jS6uNP+YiYgERY4s0ZBO/2+iy5UfI3lghnzhbd6ls4Eeu5BM66m0QaSVjpTPsVd+iadiBnVsO776A5OVgDCOYl3e4yKWch2vYeQnGMY+QW6yhPEdtLdqUz/tO99Em+mt2Fv0FVbpr9WBHGC1mIVjINjC7+N1qP+20E+jr6dmaSx/w/9LWVF5rNh6dYdPBnrQVOPhoEAf6pl/Mif/Fb3r3EXD5v/f92L9dXAEqGJi52wSJ593H5D3LHrBldlPOIeYcYymXhd0hYWwz8MOGkmv8zeGVIf2X5bDor9G5x6ZFo4bV9UoCA1ECAoVMpATOgbiOas6dkUAFeJ2RY9VLJYFKAgNAAhXgDQAlVVOsJFBJoDMSqACvM3KseqkkUElgAEjgH6NfS4BhEfnUAAAAAElFTkSuQmCC\" data-filename=\"image.png\" style=\"width: 315.99px;\"><br></p>'),
(164, 3, 1, 1, 0, '<p>Kelas IPA2 terdiri dari 34 siswa. Ada 8 siswa menyukai IPA dan Mat. Sementara itu, ada 17 siswa menyukai Mat. Jika 7 siswa tidak suka keduanya, maka siswa yang hanya menyukai IPA sebanyak ....&nbsp;<br></p>'),
(165, 3, 1, 1, 0, '<p>&nbsp;Seseorang menjual barang dagangannya dengan harga Rp100.000,00 tetapi pembeli meminta diskon sebesar 20%. Jika pedagang tadi membeli barang tersebut hanya sebesar 72% dari harga jual sebelum diskon, keuntungannya adalah ....&nbsp;<br></p>'),
(166, 3, 1, 1, 0, '<p>&nbsp;C, D, F, E, I, F, L, G, O, H, ... , ....&nbsp;<br></p>'),
(167, 3, 2, 1, 0, '<table border=\"0\" cellpadding=\"0\" cellspacing=\"0\" width=\"643\" style=\"width: 482pt;\"><tbody><tr height=\"21\" style=\"height:15.75pt\">\r\n  <td height=\"21\" class=\"xl66\" width=\"643\" style=\"height:15.75pt;width:482pt\">\"Her\r\n  dress is green and my dress is red\" has the same meaning with .... is\r\n  green and .... is red.</td></tr></tbody></table>'),
(169, 3, 2, 1, 0, '<table border=\"0\" cellpadding=\"0\" cellspacing=\"0\" width=\"643\" style=\"width: 482pt;\"><tbody><tr height=\"21\" style=\"height:15.75pt\">\r\n  <td height=\"21\" class=\"xl66\" width=\"643\" style=\"height:15.75pt;width:482pt\">Which\r\n  is correct?</td></tr></tbody></table>'),
(170, 3, 2, 1, 0, '<table border=\"0\" cellpadding=\"0\" cellspacing=\"0\" width=\"643\" style=\"width: 482pt;\"><tbody><tr height=\"21\" style=\"height:15.75pt\">\r\n  <td height=\"21\" class=\"xl66\" width=\"643\" style=\"height:15.75pt;width:482pt\">The\r\n  deadline for the submission of proposals was supposed to be held yesterday,\r\n  but it has been .... to next week.</td></tr></tbody></table>'),
(171, 3, 2, 1, 0, '<table border=\"0\" cellpadding=\"0\" cellspacing=\"0\" width=\"643\" style=\"width: 482pt;\"><tbody><tr height=\"21\" style=\"height: 15.75pt;\"><td height=\"21\" class=\"xl66\" width=\"643\" style=\"height: 15.75pt; width: 482pt;\"><p><p class=\"MsoNormal\"><o:p></o:p></p><span style=\"font-size: 1rem;\">There are four underlined sections in the text. Select the one which is wrong.</span></p><p><span style=\"font-size: 1rem;\">T</span><span style=\"font-size: 1rem;\">he metric&nbsp;</span><font class=\"font6\" style=\"font-size: 1rem;\"><u>system</u></font><font class=\"font5\" style=\"font-size: 1rem;\"><u>&nbsp;</u>is used&nbsp;</font><font class=\"font6\" style=\"font-size: 1rem;\"><u>to measure</u></font><font class=\"font5\" style=\"font-size: 1rem;\">&nbsp;the length, weight or volume of&nbsp;</font><font class=\"font6\" style=\"font-size: 1rem;\"><u>an</u></font><font class=\"font5\" style=\"font-size: 1rem;\"><u>&nbsp;</u>object. A liter is one of the metric measurements,&nbsp;</font><font class=\"font6\" style=\"font-size: 1rem;\"><u>aren\'t they</u></font><font class=\"font5\" style=\"font-size: 1rem;\">?</font></p></td></tr></tbody></table>'),
(172, 3, 2, 1, 0, '<table border=\"0\" cellpadding=\"0\" cellspacing=\"0\" width=\"643\" style=\"width: 482pt;\"><tbody><tr height=\"21\" style=\"height:15.75pt\">\r\n  <td height=\"21\" class=\"xl66\" width=\"643\" style=\"height:15.75pt;width:482pt\">Cooking\r\n  oil made from corn does not become saturated when heated, and ....</td></tr></tbody></table>'),
(173, 3, 2, 1, 0, '<table border=\"0\" cellpadding=\"0\" cellspacing=\"0\" width=\"643\" style=\"width: 482pt;\"><tbody><tr height=\"21\" style=\"height:15.75pt\">\r\n  <td height=\"21\" class=\"xl66\" width=\"643\" style=\"height:15.75pt;width:482pt\"><p><p class=\"MsoNormal\"><o:p></o:p></p><span style=\"font-size: 1rem;\">There are four underlined sections in the text. Select the\r\none which is wrong.</span></p><p>Hawkeye\r\n  <font class=\"font6\"><u>was</u></font><font class=\"font5\"><u> </u>a character </font><font class=\"font6\"><u>which</u></font><font class=\"font5\"><u> </u>James Fenimore Cooper </font><font class=\"font6\"><u>created</u></font><font class=\"font5\"><u> </u>for The Last of </font><font class=\"font6\"><u>the Mohicans.</u></font></p></td></tr></tbody></table>'),
(174, 3, 2, 1, 0, '<table border=\"0\" cellpadding=\"0\" cellspacing=\"0\" width=\"643\" style=\"width: 482pt;\">\r\n <colgroup><col width=\"643\" style=\"mso-width-source:userset;mso-width-alt:23515;width:482pt\">\r\n </colgroup><tbody><tr height=\"105\" style=\"height:78.75pt\">\r\n  <td height=\"105\" class=\"xl67\" width=\"643\" style=\"height:78.75pt;width:482pt\">In\r\n  order to establish photography as art, members of the Anaesthetic Movement\r\n  modeled their work on classical paintings, even copying the subjects and\r\n  poses popularised by artists of the Classical Period. As the movement gained\r\n  in popularity, photographers made a clear distinction between the elegant,\r\n  artistic photography that conformed to the aesthetic standard used for\r\n  paintings and the work of more realistic photographers that was beginning to\r\n  appear.</td>\r\n </tr>\r\n <tr height=\"21\" style=\"height:15.75pt\">\r\n  <td height=\"21\" class=\"xl67\" style=\"height:15.75pt\"></td>\r\n </tr>\r\n <tr height=\"147\" style=\"height:110.25pt\">\r\n  <td height=\"147\" class=\"xl67\" style=\"height:110.25pt\">Since they were cloudy\r\n  because of the gum bichromate plate that allowed for manual intervention, the\r\n  aesthetic prints were easily distinguished from the more modern prints which\r\n  came to be called straightforward photographs. In contrast, the straightforward\r\n  photographers produced images that were sharp and clear. Whereas the\r\n  proponents of the Aesthetic movement continued to hand colour their\r\n  photographs, adding details and textures to conform to the art of\r\n  printmakers, the philosophy that surrounded the new photography rejected\r\n  manipulation of either the subject matter or the print. The subjects included\r\n  nature in its undisturbed state and people in everyday situations.&nbsp;</td>\r\n </tr>\r\n <tr height=\"21\" style=\"height:15.75pt\">\r\n  <td height=\"21\" class=\"xl67\" style=\"height:15.75pt\"></td>\r\n </tr>\r\n <tr height=\"189\" style=\"height:141.75pt\">\r\n  <td height=\"189\" class=\"xl67\" style=\"height:141.75pt\"><p>A number of major\r\n  exhibitions and the formation of photographic clubs during the late\r\n  nineteenth century provided the impetus for the Photo-Secession Movement.\r\n  Founded by Alfred Steiglitz in New York City in 1902, Photo-Secession had as\r\n  its proposition the promotion of straightforward photography through exhibits\r\n  and publications. One of the publications, Camera Work, has been recognized\r\n  among the most beautiful journals ever produced. By the 1920s, the mechanical\r\n  precision that had once been criticised as a defect by members of the\r\n  Aesthetic Movement had become a hallmark of modern photography. Chiefly\r\n  through the efforts of Steiglitz, modern photography had seceded from\r\n  painting and emerged as a legitimate art form. In summary, the Aesthetic\r\n  Movement rejected reality for beauty, but the Photo-Secessionists embraced\r\n  realism as even more beautiful.</p><table border=\"0\" cellpadding=\"0\" cellspacing=\"0\" width=\"643\" style=\"width: 482pt;\"><tbody><tr height=\"21\" style=\"height:15.75pt\">\r\n  <td height=\"21\" class=\"xl66\" width=\"643\" style=\"height:15.75pt;width:482pt\">How can\r\n  earlier photographs be distuingished from more modern photographs?</td></tr></tbody></table><p><br></p></td>\r\n </tr></tbody></table>'),
(175, 3, 2, 1, 0, '<table border=\"0\" cellpadding=\"0\" cellspacing=\"0\" width=\"643\" style=\"width: 482pt;\"><tbody><tr height=\"21\" style=\"height:15.75pt\">\r\n  <td height=\"21\" class=\"xl66\" width=\"643\" style=\"height:15.75pt;width:482pt\">Fency\r\n  decided not .... the position in New York since he wanted to stay in Miami</td></tr></tbody></table>'),
(176, 3, 2, 1, 0, '<table border=\"0\" cellpadding=\"0\" cellspacing=\"0\" width=\"643\" style=\"width: 482pt;\"><tbody><tr height=\"21\" style=\"height:15.75pt\">\r\n  <td height=\"21\" class=\"xl66\" width=\"643\" style=\"height:15.75pt;width:482pt\"><p><font class=\"font6\"></font></p><p class=\"MsoNormal\">There are four underlined sections in the text. Select the\r\none which is wrong.<o:p></o:p></p><p><font class=\"font6\"><u>Electric</u></font><font class=\"font5\"><u> </u>is referred to </font><font class=\"font6\"><u>as</u></font><font class=\"font5\"><u> </u>an energy carrier, which means it\r\n  can be </font><font class=\"font6\"><u>converted</u></font><font class=\"font5\"><u> </u>to\r\n  other forms of energy </font><font class=\"font6\"><u>such as</u></font><font class=\"font5\"> mechanical energy or heat.</font></p></td></tr></tbody></table>'),
(177, 3, 2, 1, 0, '<table border=\"0\" cellpadding=\"0\" cellspacing=\"0\" width=\"643\" style=\"width: 482pt;\"><tbody><tr height=\"21\" style=\"height:15.75pt\">\r\n  <td height=\"21\" class=\"xl66\" width=\"643\" style=\"height:15.75pt;width:482pt\">....\r\n  the film a dozen times this month, Aneth knew the dialogues by heart.</td></tr></tbody></table>'),
(178, 3, 2, 1, 0, '<table border=\"0\" cellpadding=\"0\" cellspacing=\"0\" width=\"643\" style=\"width: 482pt;\"><tbody><tr height=\"21\" style=\"height:15.75pt\">\r\n  <td height=\"21\" class=\"xl66\" width=\"643\" style=\"height:15.75pt;width:482pt\">The\r\n  team really looks good today as the coach had them .... everyday this month.</td></tr></tbody></table>'),
(179, 3, 2, 1, 0, '<table border=\"0\" cellpadding=\"0\" cellspacing=\"0\" width=\"643\" style=\"width: 482pt;\"><tbody><tr height=\"20\" style=\"mso-height-source:userset;height:15.0pt\">\r\n  <td height=\"20\" class=\"xl66\" width=\"643\" style=\"height:15.0pt;width:482pt\">This\r\n  encouraging explanation has given her the will to .... with her duties with\r\n  great deal of enthusiasm.</td></tr></tbody></table>'),
(180, 3, 2, 1, 0, '<table border=\"0\" cellpadding=\"0\" cellspacing=\"0\" width=\"643\" style=\"width: 482pt;\"><tbody><tr height=\"21\" style=\"height:15.75pt\">\r\n  <td height=\"21\" class=\"xl66\" width=\"643\" style=\"height:15.75pt;width:482pt\">By the\r\n  end of this year, I .... from high school.</td></tr></tbody></table>'),
(181, 3, 2, 1, 0, '<table border=\"0\" cellpadding=\"0\" cellspacing=\"0\" width=\"643\" style=\"width: 482pt;\"><tbody><tr height=\"21\" style=\"height:15.75pt\">\r\n  <td height=\"21\" class=\"xl66\" width=\"643\" style=\"height:15.75pt;width:482pt\"><p><p class=\"MsoNormal\"><o:p></o:p></p><span style=\"font-size: 1rem;\">There are four underlined sections in the text. Select the\r\none which is wrong.</span></p><p>The\r\n  cowboy <font class=\"font6\"><u>turned</u></font><font class=\"font5\"><u> </u>and rode </font><font class=\"font6\"><u>towards</u></font><font class=\"font5\"> the sun, but neither the\r\n  horse </font><font class=\"font6\"><u>and</u></font><font class=\"font5\"><u> </u>he knew the\r\n  exact path home, and soon both were </font><font class=\"font6\"><u>lost</u>.</font></p></td></tr></tbody></table>'),
(182, 3, 2, 1, 0, '<table border=\"0\" cellpadding=\"0\" cellspacing=\"0\" width=\"643\" style=\"width: 482pt;\"><tbody><tr height=\"21\" style=\"height:15.75pt\">\r\n  <td height=\"21\" class=\"xl66\" width=\"643\" style=\"height:15.75pt;width:482pt\"><p><p class=\"MsoNormal\"><o:p></o:p></p><span style=\"font-size: 1rem;\">There are four underlined sections in the text. Select the\r\none which is wrong.</span></p><p>Daniel\r\n  would <font class=\"font6\"><u>prefer</u></font><font class=\"font5\"><u> </u>drive his own car\r\n  </font><font class=\"font6\"><u>than</u></font><font class=\"font5\"><u> </u>take public\r\n  transportation </font><font class=\"font6\"><u>although</u></font><font class=\"font5\"><u>\r\n</u>  it\'s not </font><font class=\"font6\"><u>safe</u>.</font></p></td></tr></tbody></table>'),
(183, 3, 2, 1, 0, '<table border=\"0\" cellpadding=\"0\" cellspacing=\"0\" width=\"643\" style=\"width: 482pt;\"><tbody><tr height=\"42\" style=\"height:31.5pt\">\r\n  <td height=\"42\" class=\"xl67\" width=\"643\" style=\"height:31.5pt;width:482pt\"><p><p class=\"MsoNormal\"><o:p></o:p></p><span style=\"font-size: 1rem;\">There are four underlined sections in the text. Select the\r\none which is wrong.</span></p><p>My\r\n  mother said that she <font class=\"font6\"><u>is</u></font><font class=\"font5\"><u>\r\n</u>  cooking fried chicken </font><font class=\"font6\"><u>for</u></font><font class=\"font5\"><u>\r\n</u>  my friends, </font><font class=\"font6\"><u>while</u></font><font class=\"font5\"><u> </u>my\r\n  father said that </font><font class=\"font6\">he</font><font class=\"font5\"><u>\r\n  repaired </u>the motor cycle.</font></p></td></tr></tbody></table>'),
(184, 3, 2, 1, 0, '<table border=\"0\" cellpadding=\"0\" cellspacing=\"0\" width=\"643\" style=\"width: 482pt;\"><tbody><tr height=\"21\" style=\"height:15.75pt\">\r\n  <td height=\"21\" class=\"xl66\" width=\"643\" style=\"height:15.75pt;width:482pt\"><p><font class=\"font6\"><p class=\"MsoNormal\"><o:p></o:p></p>There are four underlined sections in the text. Select the\r\none which is wrong.</font></p><p><font class=\"font6\"><u>Washing</u></font><font class=\"font5\"><u> </u>with </font><font class=\"font6\"><u>a </u></font><font class=\"font5\">special cream</font><font class=\"font6\"> <u>are recommended</u></font><font class=\"font5\"> for scalp </font><font class=\"font6\"><u>infections</u>.</font></p></td></tr></tbody></table>');
INSERT INTO `soal` (`id_soal`, `id_paket`, `id_topik_tes`, `id_event`, `id_skd`, `soal`) VALUES
(185, 3, 2, 1, 0, '<table border=\"0\" cellpadding=\"0\" cellspacing=\"0\" width=\"643\" style=\"width: 482pt;\"><tbody><tr height=\"21\" style=\"height:15.75pt\">\r\n  <td height=\"21\" class=\"xl66\" width=\"643\" style=\"height:15.75pt;width:482pt\"><p><p class=\"MsoNormal\"><o:p></o:p></p><span style=\"font-size: 1rem;\">There are four underlined sections in the text. Select the\r\none which is wrong.</span></p><p>Civics <font class=\"font6\"><u>is</u></font><font class=\"font5\"><u> </u>Yusril\'s favorite subject, </font><font class=\"font6\"><u>while</u></font><font class=\"font5\"> Mathematics </font><font class=\"font6\"><u>are</u></font><font class=\"font5\"><u> </u>Jane\'s favorite </font><font class=\"font6\"><u>subject</u>.</font></p></td></tr></tbody></table>'),
(186, 3, 2, 1, 0, '<p class=\"MsoNormal\"><o:p></o:p></p><p class=\"MsoNormal\"><span style=\"font-size: 1rem;\">There are four underlined sections in the text. Select the\r\none which is wrong.</span></p><p class=\"MsoNormal\"><span style=\"font-size: 1rem;\">The&nbsp;</span><u style=\"font-size: 1rem;\">increase</u><span style=\"font-size: 1rem;\">&nbsp;population, and rapid economic\r\ngrowth&nbsp;</span><u style=\"font-size: 1rem;\">in recent years</u><span style=\"font-size: 1rem;\">, have put a large and increasing\r\nstress&nbsp;</span><u style=\"font-size: 1rem;\">on the water resources</u><span style=\"font-size: 1rem;\">&nbsp;and environment&nbsp;</span><u style=\"font-size: 1rem;\">in</u><span style=\"font-size: 1rem;\">&nbsp;Ho\r\nChi Minh City, Vietnam.</span><br></p><p class=\"MsoNormal\"><o:p></o:p></p>'),
(187, 3, 2, 1, 0, '<p class=\"MsoNormal\">.... the end of year results were published, the managers got\r\ntheir bonuses.<o:p></o:p></p>'),
(192, 3, 4, 1, 3, '<p>NEGOSIASI = .....&nbsp;<br></p>'),
(193, 3, 3, 1, 3, '<span style=\"text-align: justify; text-indent: -24px;\">Putusan yang diambil dalam musyawarah mufakat serta diliputi dengan semangat kekeluargaan adalah dengan….</span><br>'),
(194, 3, 3, 1, 3, '<p class=\"MsoListParagraph\" style=\"margin:0cm;margin-bottom:.0001pt;mso-add-space:\r\nauto;text-align:justify;text-indent:-18.0pt;mso-list:l0 level1 lfo1\">Sikap yang sesai dengan demokrasi Pancasila\r\nketika mendengarkan hasil musyawarah adalah….<o:p></o:p></p>'),
(195, 3, 3, 1, 3, '<p><span style=\"font-size:11.0pt;line-height:107%;\r\nfont-family:&quot;Calibri&quot;,sans-serif;mso-ascii-theme-font:minor-latin;mso-fareast-font-family:\r\nCalibri;mso-fareast-theme-font:minor-latin;mso-hansi-theme-font:minor-latin;\r\nmso-bidi-font-family:&quot;Times New Roman&quot;;mso-bidi-theme-font:minor-bidi;\r\nmso-ansi-language:EN-US;mso-fareast-language:EN-US;mso-bidi-language:AR-SA\">Dibawah\r\nini tindakan yang sesuai dengan Pancasila sila pertama yaitu….</span><br></p>'),
(196, 3, 3, 1, 3, '<p class=\"MsoListParagraph\" style=\"margin:0cm;margin-bottom:.0001pt;mso-add-space:\r\nauto;text-align:justify;text-indent:-14.2pt;mso-list:l0 level1 lfo1\">Istilah\r\nkonstitusi berasal dari bahasa&nbsp;<span style=\"font-size: 1rem;\">Inggris dari kata….&nbsp;</span></p><p class=\"MsoNormal\" style=\"margin-bottom:0cm;margin-bottom:.0001pt;text-align:\r\njustify\"><o:p></o:p></p>'),
(197, 3, 3, 1, 3, '<p class=\"MsoListParagraph\" style=\"margin:0cm;margin-bottom:.0001pt;mso-add-space:\r\nauto;text-align:justify;text-indent:-18.0pt;mso-list:l0 level1 lfo1\">Dasar hukum pembentukan Mahkamah Konstitusi\r\nyaitu….<o:p></o:p></p>'),
(198, 3, 3, 1, 3, '<p class=\"MsoNormal\" style=\"margin-top:0cm;margin-right:0cm;margin-bottom:0cm;\r\nmargin-left:-14.2pt;margin-bottom:.0001pt;text-align:justify\">Amandemen&nbsp;<span style=\"font-size: 1rem;\">UUD NRI Tahun\r\n1945</span><b style=\"font-size: 1rem;\"> </b><span style=\"font-size: 1rem;\">ketiga mengademen&nbsp;</span><span style=\"font-size: 1rem;\">Pasal….</span></p>'),
(199, 3, 3, 1, 3, '<p><span style=\"font-size:11.0pt;line-height:107%;\r\nfont-family:&quot;Calibri&quot;,sans-serif;mso-ascii-theme-font:minor-latin;mso-fareast-font-family:\r\nCalibri;mso-fareast-theme-font:minor-latin;mso-hansi-theme-font:minor-latin;\r\nmso-bidi-font-family:&quot;Times New Roman&quot;;mso-bidi-theme-font:minor-bidi;\r\nmso-ansi-language:EN-US;mso-fareast-language:EN-US;mso-bidi-language:AR-SA\">Dalam\r\nnegara protektoral, pada umumnya, campur&nbsp;\r\nnegara pelindung adalah dalam hal urusan …</span><br></p>'),
(200, 3, 3, 1, 3, '<p><span style=\"font-size:11.0pt;line-height:107%;\r\nfont-family:&quot;Calibri&quot;,sans-serif;mso-ascii-theme-font:minor-latin;mso-fareast-font-family:\r\nCalibri;mso-fareast-theme-font:minor-latin;mso-hansi-theme-font:minor-latin;\r\nmso-bidi-font-family:&quot;Times New Roman&quot;;mso-bidi-theme-font:minor-bidi;\r\nmso-ansi-language:EN-US;mso-fareast-language:EN-US;mso-bidi-language:AR-SA\">Peraturan\r\nhukum yang mengatur bagaimana bentuk negara, bentuk pemerintahan dan cara\r\npelaksanaannya oleh alat perlengkapan negara disebut …</span><br></p>'),
(201, 3, 3, 1, 3, '<p><span style=\"font-size:11.0pt;line-height:107%;\r\nfont-family:&quot;Calibri&quot;,sans-serif;mso-ascii-theme-font:minor-latin;mso-fareast-font-family:\r\nCalibri;mso-fareast-theme-font:minor-latin;mso-hansi-theme-font:minor-latin;\r\nmso-bidi-font-family:&quot;Times New Roman&quot;;mso-bidi-theme-font:minor-bidi;\r\nmso-ansi-language:EN-US;mso-fareast-language:EN-US;mso-bidi-language:AR-SA\">Dengan\r\ndicabutnya ketetapan MPR RI No. 11/MPR/1978 berarti….</span><br></p>'),
(202, 3, 3, 1, 3, '<p><span style=\"font-size:11.0pt;line-height:107%;\r\nfont-family:&quot;Calibri&quot;,sans-serif;mso-ascii-theme-font:minor-latin;mso-fareast-font-family:\r\nCalibri;mso-fareast-theme-font:minor-latin;mso-hansi-theme-font:minor-latin;\r\nmso-bidi-font-family:&quot;Times New Roman&quot;;mso-bidi-theme-font:minor-bidi;\r\nmso-ansi-language:EN-US;mso-fareast-language:EN-US;mso-bidi-language:AR-SA\">Pancasila\r\nyang benar dan perlu dihayati serta diamalkan adalah Pancasila yang rumusannya\r\ntercantum dalam….</span><br></p>'),
(203, 3, 3, 1, 3, '<p>Tindakan paksa mengeluarkan Orang Asing dari Wilayah Indonesia disebut dengan ...</p><div><br></div>'),
(204, 3, 3, 1, 3, '<p>Suku Mentawai mendiami daerah..<br></p>'),
(205, 3, 3, 1, 3, '<p>Ibukota negara Indonesia sempat dipindahkan ke Yogyakarta pada tanggal..<br></p>'),
(206, 3, 3, 1, 3, '<p>Panitia Pemilu Pusat 2009 adalah ...<br></p>'),
(207, 3, 3, 1, 3, '<p><span style=\"font-size: 1rem;\">Sistem pemerintahan Indonesia pada masa negara Indonesia Serikat yang dipimpin oleh perdana menteri, hal itu menunjukkan sistem pemerintahannya adalah ....</span><br></p>'),
(208, 3, 3, 1, 3, '<p>Dalam kebijakan nasional, pejabat pemerintah tingkat daerah (lokal) berkewajiban menetapkan kebijakan<br></p>'),
(209, 3, 3, 1, 3, '<p>Suatu Konsepsi yang eksplisit khas dari perorangan atau kelompok mengenai sesuatu yang didambakan merupakan pengertian dari nilai menurut ....<br></p>'),
(210, 3, 3, 1, 3, '<p>Di bawah ini yang bukan merupakan pahlawan pergerakan nasional Indonesia ialah :<br></p>'),
(211, 3, 3, 1, 3, '<p>Di Indonesia, lembaga yang berhak melakukan constitutional review adalah<br></p>'),
(212, 3, 3, 1, 3, '<p>Pada tanggal 27 - 28 Oktober 1928 diadakan Kongres Pemuda II di Jalan Kramat No. 106 Jakarta dipimpin oleh . . . .<br></p>'),
(213, 3, 3, 1, 3, '<p>BPUPKI membentuk panitia kecil yang beranggotakan sembilan orang pada tanggal 22 Juni 1945. Berikut termasuk anggota panitia sembilan, kecuali. . . .<br></p>'),
(214, 3, 3, 1, 3, '<p>Nilai - nilai Pancasila yang dilaksanakan dalam kehidupan sehari - hari disebut juga ....<br></p>'),
(215, 3, 3, 1, 3, '<p>Jika dibandingkan dengan kabinet parlementer kelebihan kabinet presidensiil adalah dalam hal<br></p>'),
(216, 3, 3, 1, 3, '<p>Di bawah ini Undang-Undang tentang pemerintah Daerah yang pernah berlaku di Indonesia, kecuali<br></p>'),
(217, 3, 3, 1, 3, '<p>Pertunjukkan tradisional yang berasal dari DKI Jakarta adalah ?<br></p>'),
(218, 3, 3, 1, 3, '<p>Pemberantasan tindak korupsi di Indonesia saat ini payung hukumnya adalah<br></p>'),
(219, 3, 3, 1, 3, '<p>Konferensi Asia Afrika atau yang dikenal KAA dilaksanakan pertama kali di Bandung pada tahun ....<br></p>'),
(220, 3, 3, 1, 3, '<p>Pernyataan untuk memilih kewarganegaraan disampaikan dalam waktu paling lambat ... setelah anak berusia 18 (delapan belas) tahun atau sudah kawin.<br></p>'),
(221, 3, 3, 1, 3, '<p>Suatu fakta yang diurutkan secara kronologis sesuai dengan waktu terjadinya merupakan pengertian dari...<br></p>'),
(222, 3, 3, 1, 3, '<p>Perjanjian antar dua negara atau lebih menyangkut bidang ekonomi dan politik disebut ...<br></p>'),
(224, 3, 6, 1, 0, '<p>qwewerersdf</p>'),
(233, 2, 3, 2, 3, '<p>testing soal</p>'),
(234, 2, 3, 2, 3, '<p>sdfgrrty</p>'),
(235, 2, 3, 2, 3, '<p>vbbgfgh</p>'),
(236, 2, 4, 2, 3, '<p>dfhfghtt</p>'),
(237, 2, 4, 2, 3, '<p>bnghfhrty</p>'),
(238, 2, 5, 2, 3, '<p>dfgfgtyu</p>'),
(239, 2, 5, 2, 3, '<p>sdfcvdf</p>'),
(240, 4, 1, 6, 0, '<p>4 - 2 x 2 = ....</p>'),
(241, 4, 2, 6, 0, 'Can i borrow your pen?'),
(242, 4, 1, 6, 0, '<p>1 + 4 x 2 : 4 - 1 = ...</p>'),
(243, 4, 1, 6, 0, '<p>wfsdfwewe</p>');

-- --------------------------------------------------------

--
-- Table structure for table `testimoni`
--

CREATE TABLE `testimoni` (
  `id_testimoni` int(11) NOT NULL,
  `nama_user` varchar(50) NOT NULL,
  `email_user` varchar(50) NOT NULL,
  `jenis` varchar(100) NOT NULL,
  `pesan` text NOT NULL,
  `date_create` date NOT NULL,
  `image` varchar(100) NOT NULL
) ENGINE=InnoDB DEFAULT CHARSET=utf8mb4;

--
-- Dumping data for table `testimoni`
--

INSERT INTO `testimoni` (`id_testimoni`, `nama_user`, `email_user`, `jenis`, `pesan`, `date_create`, `image`) VALUES
(3, 'Brigita Tiora', 'brigitatiora1@gmail.com', 'Modul Pembelajaran', 'Wahhh.... Videonya bagus mudah untuk dipahamii....', '2020-05-05', 'default.png');

-- --------------------------------------------------------

--
-- Table structure for table `tiket_user`
--

CREATE TABLE `tiket_user` (
  `id_tiket` int(11) NOT NULL,
  `id_user` int(11) NOT NULL,
  `id_paket` int(11) NOT NULL,
  `jmlh_tiket` int(11) NOT NULL
) ENGINE=InnoDB DEFAULT CHARSET=utf8mb4;

--
-- Dumping data for table `tiket_user`
--

INSERT INTO `tiket_user` (`id_tiket`, `id_user`, `id_paket`, `jmlh_tiket`) VALUES
(10, 8, 3, 2),
(11, 8, 2, 1),
(12, 8, 4, 3),
(13, 8, 5, 3),
(14, 1, 3, 4);

-- --------------------------------------------------------

--
-- Table structure for table `topik_tes`
--

CREATE TABLE `topik_tes` (
  `id_topik_tes` int(11) NOT NULL,
  `nama_topik_tes` varchar(100) NOT NULL,
  `id_skd` int(11) NOT NULL,
  `id_rule` int(11) NOT NULL,
  `ambang_score` int(11) NOT NULL,
  `maks_score` int(11) NOT NULL,
  `waktu` int(11) NOT NULL
) ENGINE=InnoDB DEFAULT CHARSET=utf8mb4;

--
-- Dumping data for table `topik_tes`
--

INSERT INTO `topik_tes` (`id_topik_tes`, `nama_topik_tes`, `id_skd`, `id_rule`, `ambang_score`, `maks_score`, `waktu`) VALUES
(1, 'Tes Potensi Akademik (TPA)', 0, 1, 67, 180, 40),
(2, 'Tes Bahasa Inggris (TBI)', 0, 2, 30, 100, 20),
(3, 'Tes Wawasan Kebangsaan (TWK)', 3, 2, 65, 150, 30),
(4, 'Tes Intelegensia Umum (TIU)', 3, 2, 80, 175, 30),
(5, 'Tes Karakteristik Pribadi (TKP)', 3, 0, 126, 175, 30),
(6, 'Tes Substansi Akademik (TSA)', 0, 1, 0, 0, 60);

-- --------------------------------------------------------

--
-- Table structure for table `transaksi_event`
--

CREATE TABLE `transaksi_event` (
  `id_transaksi` int(11) NOT NULL,
  `id_topik` int(11) NOT NULL,
  `id_event` int(11) NOT NULL,
  `id_user` int(11) NOT NULL,
  `waktu_daftar` int(11) NOT NULL
) ENGINE=InnoDB DEFAULT CHARSET=utf8mb4;

--
-- Dumping data for table `transaksi_event`
--

INSERT INTO `transaksi_event` (`id_transaksi`, `id_topik`, `id_event`, `id_user`, `waktu_daftar`) VALUES
(58, 1, 6, 8, 1591682694),
(59, 1, 6, 8, 1591682951),
(60, 1, 6, 8, 1591682973),
(61, 6, 7, 8, 1591683935),
(62, 6, 7, 8, 1591683944),
(63, 6, 7, 8, 1591683951),
(67, 2, 1, 8, 1591684422),
(68, 2, 1, 8, 1591684806),
(69, 2, 1, 8, 1591684953),
(70, 2, 1, 8, 1591684987);

-- --------------------------------------------------------

--
-- Table structure for table `transaksi_user`
--

CREATE TABLE `transaksi_user` (
  `id_transaksi` int(11) NOT NULL,
  `id_user` int(11) NOT NULL,
  `id_paket` int(11) NOT NULL,
  `id_event` int(11) NOT NULL,
  `tgl_transaksi` timestamp NOT NULL DEFAULT current_timestamp() ON UPDATE current_timestamp()
) ENGINE=InnoDB DEFAULT CHARSET=utf8mb4;

--
-- Dumping data for table `transaksi_user`
--

INSERT INTO `transaksi_user` (`id_transaksi`, `id_user`, `id_paket`, `id_event`, `tgl_transaksi`) VALUES
(7, 8, 4, 6, '2020-06-09 01:04:51'),
(8, 8, 5, 7, '2020-06-09 01:09:49'),
(9, 8, 2, 2, '2020-06-09 01:26:06'),
(10, 8, 3, 1, '2020-06-09 01:31:15');

-- --------------------------------------------------------

--
-- Table structure for table `user`
--

CREATE TABLE `user` (
  `id` int(11) NOT NULL,
  `name` varchar(128) NOT NULL,
  `email` varchar(128) NOT NULL,
  `telepon` varchar(12) NOT NULL,
  `image` varchar(128) NOT NULL,
  `password` varchar(256) NOT NULL,
  `tentang` varchar(256) DEFAULT NULL,
  `role_id` int(11) NOT NULL,
  `is_active` int(1) NOT NULL,
  `date_created` date NOT NULL,
  `riwayat_pendidikan` text DEFAULT NULL,
  `lokasi` text DEFAULT NULL,
  `keahlian` text DEFAULT NULL,
  `quotes` text DEFAULT NULL
) ENGINE=InnoDB DEFAULT CHARSET=latin1;

--
-- Dumping data for table `user`
--

INSERT INTO `user` (`id`, `name`, `email`, `telepon`, `image`, `password`, `tentang`, `role_id`, `is_active`, `date_created`, `riwayat_pendidikan`, `lokasi`, `keahlian`, `quotes`) VALUES
(1, 'Shafa Alafghany', 'shafagabriel1@gmail.com', '0', 'default.png', '$2y$10$Fc7cmyzObIWE7G.bv4CzWuBU4rD6wCUih8QBdO7Pt4IGzGur9NPHG', 'Aku adalah seorang pejuang !', 3, 1, '2020-04-02', NULL, NULL, NULL, NULL),
(6, 'User Test', 'shafagabriel@gmail.com', '0', 'default.png', '$2y$10$h/I9Eq46i5sMm83K4YmtIOI6HtMAZY88XNuBvHxt/F07arOMUJxEi', 'Aku adalah seorang pejuang !', 3, 0, '2020-04-24', NULL, NULL, NULL, NULL),
(7, 'Admin', 'sobatkode@gmail.com', '0', 'default.png', '$2y$10$Fc7cmyzObIWE7G.bv4CzWuBU4rD6wCUih8QBdO7Pt4IGzGur9NPHG', 'Aku ADMIN BOSS !!', 1, 1, '2020-04-01', NULL, NULL, NULL, NULL),
(8, 'Brigita Tiora', 'brigitatiora1@gmail.com', '081234567890', 'default.png', '$2y$10$MqlCsHtGT3AQUCMcUmipzON91GKXNY/9tz7IWpf.ISvRnm142yedq', 'Aku adalah seorang pejuang !', 3, 1, '2020-04-30', NULL, NULL, NULL, NULL),
(9, 'Brigita Tiora', 'brigi1831075@itpln.ac.id', '0987654321', 'default.png', '$2y$10$NM2sBQT4ZBL1JGIc6UUvy.Sau7s1pT3DFTNGrcrPRS1uNWU5SpcJe', 'Aku adalah seorang pejuang !', 1, 1, '2020-04-30', NULL, NULL, NULL, NULL);

-- --------------------------------------------------------

--
-- Table structure for table `user_role`
--

CREATE TABLE `user_role` (
  `id` int(11) NOT NULL,
  `role` varchar(10) NOT NULL
) ENGINE=InnoDB DEFAULT CHARSET=utf8mb4;

--
-- Dumping data for table `user_role`
--

INSERT INTO `user_role` (`id`, `role`) VALUES
(1, 'admin'),
(3, 'user');

-- --------------------------------------------------------

--
-- Table structure for table `user_token`
--

CREATE TABLE `user_token` (
  `id` int(11) NOT NULL,
  `email` varchar(128) NOT NULL,
  `token` varchar(128) NOT NULL,
  `date_created` int(11) NOT NULL
) ENGINE=InnoDB DEFAULT CHARSET=utf8mb4;

--
-- Dumping data for table `user_token`
--

INSERT INTO `user_token` (`id`, `email`, `token`, `date_created`) VALUES
(5, 'shafagabriel@gmail.com', '89YT2aYgF9dUlqOizXVS3KE8HmabLNaqYIGXDyY6ptg=', 1587733791);

--
-- Indexes for dumped tables
--

--
-- Indexes for table `event`
--
ALTER TABLE `event`
  ADD PRIMARY KEY (`id_event`);

--
-- Indexes for table `event_jawaban`
--
ALTER TABLE `event_jawaban`
  ADD PRIMARY KEY (`id`);

--
-- Indexes for table `faq`
--
ALTER TABLE `faq`
  ADD PRIMARY KEY (`id_faq`);

--
-- Indexes for table `hasil_tes`
--
ALTER TABLE `hasil_tes`
  ADD PRIMARY KEY (`id_hasil`);

--
-- Indexes for table `jawaban`
--
ALTER TABLE `jawaban`
  ADD PRIMARY KEY (`id_jawaban`);

--
-- Indexes for table `kel_skd`
--
ALTER TABLE `kel_skd`
  ADD PRIMARY KEY (`id_skd`);

--
-- Indexes for table `leaderboard`
--
ALTER TABLE `leaderboard`
  ADD PRIMARY KEY (`id_leaderboard`);

--
-- Indexes for table `modul`
--
ALTER TABLE `modul`
  ADD PRIMARY KEY (`id_modul`);

--
-- Indexes for table `paket`
--
ALTER TABLE `paket`
  ADD PRIMARY KEY (`id_paket`);

--
-- Indexes for table `pembayaran_tiket`
--
ALTER TABLE `pembayaran_tiket`
  ADD PRIMARY KEY (`id_bayar`);

--
-- Indexes for table `rule_tes`
--
ALTER TABLE `rule_tes`
  ADD PRIMARY KEY (`id_rule_tes`);

--
-- Indexes for table `soal`
--
ALTER TABLE `soal`
  ADD PRIMARY KEY (`id_soal`);

--
-- Indexes for table `testimoni`
--
ALTER TABLE `testimoni`
  ADD PRIMARY KEY (`id_testimoni`);

--
-- Indexes for table `tiket_user`
--
ALTER TABLE `tiket_user`
  ADD PRIMARY KEY (`id_tiket`);

--
-- Indexes for table `topik_tes`
--
ALTER TABLE `topik_tes`
  ADD PRIMARY KEY (`id_topik_tes`);

--
-- Indexes for table `transaksi_event`
--
ALTER TABLE `transaksi_event`
  ADD PRIMARY KEY (`id_transaksi`);

--
-- Indexes for table `transaksi_user`
--
ALTER TABLE `transaksi_user`
  ADD PRIMARY KEY (`id_transaksi`);

--
-- Indexes for table `user`
--
ALTER TABLE `user`
  ADD PRIMARY KEY (`id`);

--
-- Indexes for table `user_role`
--
ALTER TABLE `user_role`
  ADD PRIMARY KEY (`id`);

--
-- Indexes for table `user_token`
--
ALTER TABLE `user_token`
  ADD PRIMARY KEY (`id`);

--
-- AUTO_INCREMENT for dumped tables
--

--
-- AUTO_INCREMENT for table `event`
--
ALTER TABLE `event`
  MODIFY `id_event` int(11) NOT NULL AUTO_INCREMENT, AUTO_INCREMENT=8;

--
-- AUTO_INCREMENT for table `event_jawaban`
--
ALTER TABLE `event_jawaban`
  MODIFY `id` int(11) NOT NULL AUTO_INCREMENT, AUTO_INCREMENT=131;

--
-- AUTO_INCREMENT for table `faq`
--
ALTER TABLE `faq`
  MODIFY `id_faq` int(11) NOT NULL AUTO_INCREMENT, AUTO_INCREMENT=5;

--
-- AUTO_INCREMENT for table `hasil_tes`
--
ALTER TABLE `hasil_tes`
  MODIFY `id_hasil` int(11) NOT NULL AUTO_INCREMENT, AUTO_INCREMENT=31;

--
-- AUTO_INCREMENT for table `jawaban`
--
ALTER TABLE `jawaban`
  MODIFY `id_jawaban` int(11) NOT NULL AUTO_INCREMENT, AUTO_INCREMENT=1134;

--
-- AUTO_INCREMENT for table `leaderboard`
--
ALTER TABLE `leaderboard`
  MODIFY `id_leaderboard` int(11) NOT NULL AUTO_INCREMENT, AUTO_INCREMENT=8;

--
-- AUTO_INCREMENT for table `modul`
--
ALTER TABLE `modul`
  MODIFY `id_modul` int(11) NOT NULL AUTO_INCREMENT, AUTO_INCREMENT=19;

--
-- AUTO_INCREMENT for table `paket`
--
ALTER TABLE `paket`
  MODIFY `id_paket` int(11) NOT NULL AUTO_INCREMENT, AUTO_INCREMENT=9;

--
-- AUTO_INCREMENT for table `pembayaran_tiket`
--
ALTER TABLE `pembayaran_tiket`
  MODIFY `id_bayar` int(11) NOT NULL AUTO_INCREMENT, AUTO_INCREMENT=11;

--
-- AUTO_INCREMENT for table `rule_tes`
--
ALTER TABLE `rule_tes`
  MODIFY `id_rule_tes` int(11) NOT NULL AUTO_INCREMENT, AUTO_INCREMENT=4;

--
-- AUTO_INCREMENT for table `soal`
--
ALTER TABLE `soal`
  MODIFY `id_soal` int(11) NOT NULL AUTO_INCREMENT, AUTO_INCREMENT=244;

--
-- AUTO_INCREMENT for table `testimoni`
--
ALTER TABLE `testimoni`
  MODIFY `id_testimoni` int(11) NOT NULL AUTO_INCREMENT, AUTO_INCREMENT=5;

--
-- AUTO_INCREMENT for table `tiket_user`
--
ALTER TABLE `tiket_user`
  MODIFY `id_tiket` int(11) NOT NULL AUTO_INCREMENT, AUTO_INCREMENT=15;

--
-- AUTO_INCREMENT for table `topik_tes`
--
ALTER TABLE `topik_tes`
  MODIFY `id_topik_tes` int(11) NOT NULL AUTO_INCREMENT, AUTO_INCREMENT=7;

--
-- AUTO_INCREMENT for table `transaksi_event`
--
ALTER TABLE `transaksi_event`
  MODIFY `id_transaksi` int(11) NOT NULL AUTO_INCREMENT, AUTO_INCREMENT=71;

--
-- AUTO_INCREMENT for table `transaksi_user`
--
ALTER TABLE `transaksi_user`
  MODIFY `id_transaksi` int(11) NOT NULL AUTO_INCREMENT, AUTO_INCREMENT=11;

--
-- AUTO_INCREMENT for table `user`
--
ALTER TABLE `user`
  MODIFY `id` int(11) NOT NULL AUTO_INCREMENT, AUTO_INCREMENT=10;

--
-- AUTO_INCREMENT for table `user_role`
--
ALTER TABLE `user_role`
  MODIFY `id` int(11) NOT NULL AUTO_INCREMENT, AUTO_INCREMENT=5;

--
-- AUTO_INCREMENT for table `user_token`
--
ALTER TABLE `user_token`
  MODIFY `id` int(11) NOT NULL AUTO_INCREMENT, AUTO_INCREMENT=8;
COMMIT;

/*!40101 SET CHARACTER_SET_CLIENT=@OLD_CHARACTER_SET_CLIENT */;
/*!40101 SET CHARACTER_SET_RESULTS=@OLD_CHARACTER_SET_RESULTS */;
/*!40101 SET COLLATION_CONNECTION=@OLD_COLLATION_CONNECTION */;
